category,event_ticker,event_title,market_ticker,market_title,yes_bid,yes_ask,mid_yes,last_price,spread_yes,volume,volume_24h,open_interest,liquidity,tick_size,close_time,time_to_close_hours,return_1h,return_6h,return_24h,trend_slope_24h,max_drawdown_24h,volatility_24h,vol_regime_shift,high_low_range_24h,candle_count
Climate and Weather,KXHMONTH-26JAN,This Jan 2026 is the hottest January ever?,KXHMONTH-26JAN,Hottest ever,0.0,0.02,0.02,0.02,,239162,7064,110156,2466.65,1,2026-02-16 04:59:00+00:00,143.74,-0.666667,-0.666667,-0.666667,-0.045172,0.75,0.807498,1.1035,1.269231,22
Climate and Weather,KXHMONTHRANGE-26JAN,Jan 2026 temperature increase?,KXHMONTHRANGE-26JAN-T1.30,1.30001 or above,0.02,0.03,0.025,0.06,0.01,6143,0,4656,1411.51,1,2026-02-16 04:59:00+00:00,143.74,0.0,0.0,-0.666667,-0.234266,0.666667,0.392187,1.1443,1.043478,12
Climate and Weather,KXHMONTHRANGE-26JAN,Jan 2026 temperature increase?,KXHMONTHRANGE-26JAN-T1.03,1.02999 or below,0.03,0.11,0.07,0.11,0.08,2778,15,1630,847.15,1,2026-02-16 04:59:00+00:00,143.74,-0.125,0.0,-0.481481,-1.039216,0.535714,0.134449,1.0975,0.726496,17
Climate and Weather,KXHMONTHRANGE-26JAN,Jan 2026 temperature increase?,KXHMONTHRANGE-26JAN-B1.130,1.10 to 1.16,0.37,0.5,0.435,0.5,0.13,2006,10,1798,600.09,1,2026-02-16 04:59:00+00:00,143.74,0.351351,0.0,0.0,-0.827941,0.3,0.119516,1.5769,0.323015,16
Climate and Weather,KXHMONTHRANGE-26JAN,Jan 2026 temperature increase?,KXHMONTHRANGE-26JAN-B1.270,1.24 to 1.30,0.0,0.05,0.01,0.01,,1845,100,1641,540.02,1,2026-02-16 04:59:00+00:00,143.74,0.0,9.0,9.0,1.285714,0.0,3.149344,1.065,2.769231,8
Climate and Weather,KXHMONTHRANGE-26JAN,Jan 2026 temperature increase?,KXHMONTHRANGE-26JAN-B1.200,1.17 to 1.23,0.05,0.15,0.1,0.15,0.1,2354,39,1530,416.55,1,2026-02-16 04:59:00+00:00,143.74,0.333333,0.0,0.0,0.032143,0.75,0.566603,1.4864,2.076923,15
Climate and Weather,KXHMONTHRANGE-26JAN,Jan 2026 temperature increase?,KXHMONTHRANGE-26JAN-B1.060,1.03 to 1.09,0.25,0.5,0.375,0.48,0.25,3640,54,2016,184.05,1,2026-02-16 04:59:00+00:00,143.74,-0.074074,0.442308,0.442308,1.357143,0.074074,0.112755,1.4451,0.516627,15
Economics,KXGDPYEAR-25,GDP growth in 2025?,KXGDPYEAR-25-B3.8,3.6 to 4.0,0.0,0.01,0.01,0.01,,163384,59,141854,387223.67,1,2026-02-20 13:29:00+00:00,248.24,0.0,0.0,0.0,0.0,0.0,0.0,1.0,0.0,7
Economics,KXGDPYEAR-25,GDP growth in 2025?,KXGDPYEAR-25-T0.1,0.0 or below,0.0,0.01,0.01,0.01,,105775,0,67469,384355.46,1,2026-02-20 13:29:00+00:00,248.24,0.0,0.0,0.0,0.0,0.0,0.0,1.0,0.0,6
Economics,KXGDPYEAR-25,GDP growth in 2025?,KXGDPYEAR-25-B0.8,0.6 to 1.0,0.0,0.01,0.01,0.01,,78808,0,61345,384237.85,1,2026-02-20 13:29:00+00:00,248.24,,,,,,,,,0
Economics,KXGDPYEAR-25,GDP growth in 2025?,KXGDPYEAR-25-T5.0,5.1 or above,0.0,0.01,0.01,0.01,,107375,0,105379,384191.02,1,2026-02-20 13:29:00+00:00,248.24,0.0,0.0,0.0,0.0,0.0,0.0,1.0,0.0,2
Economics,KXGDPYEAR-25,GDP growth in 2025?,KXGDPYEAR-25-B0.3,0.1 to 0.5,0.0,0.01,0.01,0.01,,48370,0,35033,383803.7,1,2026-02-20 13:29:00+00:00,248.24,0.0,0.0,0.0,0.0,0.0,0.0,1.0,0.0,6
Economics,KXGDPYEAR-25,GDP growth in 2025?,KXGDPYEAR-25-B4.3,4.1 to 4.5,0.0,0.01,0.01,0.01,,79632,0,63029,383606.42,1,2026-02-20 13:29:00+00:00,248.24,0.0,0.0,0.0,0.0,0.0,0.0,1.0,0.0,8
Economics,KXGDPYEAR-25,GDP growth in 2025?,KXGDPYEAR-25-B4.8,4.6 to 5.0,0.0,0.01,0.01,0.01,,27006,0,26856,383289.85,1,2026-02-20 13:29:00+00:00,248.24,0.0,0.0,0.0,0.0,0.0,0.0,1.0,0.0,7
Economics,KXGDPYEAR-25,GDP growth in 2025?,KXGDPYEAR-25-B1.3,1.1 to 1.5,0.0,0.01,0.01,0.01,,115095,467,70214,382080.08,1,2026-02-20 13:29:00+00:00,248.24,0.0,0.0,0.0,0.0,0.0,0.0,1.0,0.0,3
Economics,KXGDPYEAR-25,GDP growth in 2025?,KXGDPYEAR-25-B3.3,3.1 to 3.5,0.02,0.03,0.025,0.02,0.01,466403,10341,312155,371932.72,1,2026-02-20 13:29:00+00:00,248.24,0.333333,0.0,0.0,-0.131868,0.75,0.631104,1.3759,0.906977,13
Economics,KXCPICORE-26JAN,CPI core in Jan 2026?,KXCPICORE-26JAN-T0.2,Above 0.2%,0.42,0.74,0.58,0.74,0.32,1317,298,1195,79931.73,1,2026-02-11 13:25:00+00:00,32.17,-0.088608,-0.257732,-0.257732,-1.284211,0.278351,0.070954,1.6655,0.3387,19
Economics,KXECONSTATCPICORE-26JAN,CPI core month-over-month in Jan 2026?,KXECONSTATCPICORE-26JAN-T0.3,Exactly 0.3%,0.41,0.55,0.48,0.64,0.14,107,0,75,77972.2,1,2026-02-11 13:29:00+00:00,32.24,0.0,0.0,0.0,0.0,0.0,0.0,1.0,0.0,10
Economics,KXGDPYEAR-25,GDP growth in 2025?,KXGDPYEAR-25-B2.8,2.6 to 3.0,0.04,0.06,0.05,0.05,0.02,453967,18749,271731,75594.96,1,2026-02-20 13:29:00+00:00,248.24,0.0,0.1,0.222222,0.192982,0.222222,0.11288,0.3302,0.538922,18
Economics,KXECONSTATCPICORE-26JAN,CPI core month-over-month in Jan 2026?,KXECONSTATCPICORE-26JAN-T0.2,Exactly 0.2%,0.19,0.65,0.42,0.2,0.46,132,0,82,68876.19,1,2026-02-11 13:29:00+00:00,32.24,0.0,0.0,0.0,0.0,0.0,0.0,1.0,0.0,13
Economics,KXCPIYOY-26JAN,Inflation in Jan 2026? (CPI YoY),KXCPIYOY-26JAN-T2.2,Above 2.2%,0.92,0.94,0.93,0.94,0.02,43813,6082,28743,64091.7,1,2026-02-11 13:29:00+00:00,32.24,0.0,0.021053,0.043011,0.154799,0.0,0.00449,1.0995,0.042007,18
Economics,KXECONSTATCPIYOY-26JAN,CPI year-over-year in Jan 2026?,KXECONSTATCPIYOY-26JAN-T2.4,Exactly 2.4%,0.26,0.5,0.38,0.26,0.24,76,3,72,58191.42,1,2026-02-11 13:29:00+00:00,32.24,0.04,0.04,0.04,0.045455,0.0,0.012,1.2423,0.039855,11
Economics,KXCPI-26JAN,CPI in Jan 2026?,KXCPI-26JAN-T0.0,Above 0.0%,0.9,0.91,0.905,0.9,0.01,21196,5198,11320,56152.34,1,2026-02-11 13:29:00+00:00,32.24,-0.041237,0.0,0.0,0.182418,0.041237,0.015914,1.4719,0.04265,14
Economics,KXCPICOREYOY-26JAN,Core inflation in Jan 2026? (Core CPI YoY),KXCPICOREYOY-26JAN-T2.4,Above 2.4%,0.71,0.8,0.755,0.7,0.09,1371,42,1249,55556.24,1,2026-02-11 13:25:00+00:00,32.17,0.0,0.0,0.0,0.0,0.0,0.0,1.0,0.015385,13
Economics,KXGDP-26JAN30,US GDP growth in Q4 2025?,KXGDP-26JAN30-T1.5,Above 1.5%,0.95,0.97,0.96,0.95,0.02,159059,2669,112785,53483.96,1,2026-02-20 13:29:00+00:00,248.24,0.0,-0.020619,-0.020619,-0.151648,0.020619,0.003739,1.3066,0.020725,14
Economics,KXECONSTATCPI-26JAN,CPI month-over-month in Jan 2026?,KXECONSTATCPI-26JAN-T0.2,Exactly 0.2%,0.23,0.49,0.36,0.54,0.26,167,33,75,50462.87,1,2026-02-11 13:29:00+00:00,32.24,0.0,0.0,0.0,0.0,0.0,0.0,1.0,0.0,12
Economics,KXECONSTATCORECPIYOY-26JAN,CPI core year-over-year in Jan 2026?,KXECONSTATCORECPIYOY-26JAN-T2.5,Exactly 2.5%,0.15,0.57,0.36,0.15,0.42,158,0,128,50094.43,1,2026-02-11 13:29:00+00:00,32.24,0.0,27.5,27.5,6.0,0.0,8.25,1.2423,3.235294,11
Economics,KXCPIYOY-26JAN,Inflation in Jan 2026? (CPI YoY),KXCPIYOY-26JAN-T2.3,Above 2.3%,0.81,0.82,0.815,0.82,0.01,135840,21725,84713,48015.89,1,2026-02-11 13:29:00+00:00,32.24,-0.021277,0.045455,0.082353,0.295455,0.034483,0.014356,1.0382,0.14883,23
Economics,KXCPI-26JAN,CPI in Jan 2026?,KXCPI-26JAN-T0.1,Above 0.1%,0.74,0.76,0.75,0.75,0.02,74168,1667,36712,47484.99,1,2026-02-11 13:29:00+00:00,32.24,0.012821,0.012821,0.025974,0.078063,0.025641,0.012259,1.1089,0.051685,23
Economics,KXECONSTATCPIYOY-26JAN,CPI year-over-year in Jan 2026?,KXECONSTATCPIYOY-26JAN-T2.5,Exactly 2.5%,0.15,0.5,0.325,0.17,0.35,30,0,30,43017.27,1,2026-02-11 13:29:00+00:00,32.24,0.014706,0.014706,-0.178571,-1.694505,0.190476,0.051232,0.107,0.210329,14
Economics,KXCPICORE-26JAN,CPI core in Jan 2026?,KXCPICORE-26JAN-T0.1,Above 0.1%,0.9,0.94,0.92,0.95,0.04,20105,0,19994,40013.08,1,2026-02-11 13:25:00+00:00,32.17,0.053763,0.076923,0.076923,0.289706,0.041237,0.023844,1.523,0.076139,16
Economics,KXECONSTATCPICORE-26JAN,CPI core month-over-month in Jan 2026?,KXECONSTATCPICORE-26JAN-T0.1,Exactly 0.1%,0.06,0.28,0.17,0.06,0.22,75,0,67,39914.29,1,2026-02-11 13:29:00+00:00,32.24,0.0,0.0,0.0,0.0,0.0,0.0,1.0,0.0,10
Economics,KXECONSTATCPI-26JAN,CPI month-over-month in Jan 2026?,KXECONSTATCPI-26JAN-T0.1,Exactly 0.1%,0.12,0.43,0.275,0.15,0.31,122,34,79,38099.53,1,2026-02-11 13:29:00+00:00,32.24,0.0,0.0,0.0,0.0,0.0,0.0,1.0,0.0,10
Economics,KXCPIYOY-26JAN,Inflation in Jan 2026? (CPI YoY),KXCPIYOY-26JAN-T2.4,Above 2.4%,0.57,0.59,0.58,0.59,0.02,158989,12392,86159,36652.07,1,2026-02-11 13:29:00+00:00,32.24,0.177419,0.258621,0.303571,0.324348,0.068966,0.041429,1.6398,0.553314,24
Economics,KXGDPYEAR-25,GDP growth in 2025?,KXGDPYEAR-25-B2.3,2.1 to 2.5,0.93,0.95,0.94,0.95,0.02,259032,15312,131504,34916.49,1,2026-02-20 13:29:00+00:00,248.24,0.011628,-0.022472,-0.022472,-0.181818,0.033708,0.011611,1.3372,0.033898,12
Economics,KXECONSTATCPI-26JAN,CPI month-over-month in Jan 2026?,KXECONSTATCPI-26JAN-T0.0,Exactly 0.0%,0.03,0.05,0.04,0.03,0.02,247,0,247,34716.16,1,2026-02-11 13:29:00+00:00,32.24,0.0,0.0,0.0,0.0,0.0,0.0,1.0,0.0,10
Economics,KXECONSTATCPI-26JAN,CPI month-over-month in Jan 2026?,KXECONSTATCPI-26JAN-T0.3,Exactly 0.3%,0.19,0.29,0.24,0.3,0.1,2967,83,2692,34667.73,1,2026-02-11 13:29:00+00:00,32.24,0.0,0.0,0.0,0.0,0.0,0.0,1.0,0.0,12
Economics,KXCPICORE-26JAN,CPI core in Jan 2026?,KXCPICORE-26JAN-T0.3,Above 0.3%,0.35,0.45,0.4,0.44,0.1,5260,558,5066,31980.96,1,2026-02-11 13:25:00+00:00,32.17,0.019231,0.06,-0.171875,-1.080702,0.421875,0.205242,1.16,0.632747,19
Economics,KXCPI-26JAN,CPI in Jan 2026?,KXCPI-26JAN-T0.2,Above 0.2%,0.39,0.4,0.395,0.39,0.01,71503,1638,38270,30704.31,1,2026-02-11 13:29:00+00:00,32.24,0.0,0.02439,0.0,-0.030632,0.071429,0.02114,1.0552,0.072176,23
Economics,KXECONSTATCORECPIYOY-26JAN,CPI core year-over-year in Jan 2026?,KXECONSTATCORECPIYOY-26JAN-T2.4,Exactly 2.4%,0.18,0.65,0.415,0.18,0.47,86,0,61,28396.25,1,2026-02-11 13:29:00+00:00,32.24,0.0,0.0,0.0,0.0,0.0,0.0,1.0,0.0,10
Economics,KXECONSTATCORECPIYOY-26JAN,CPI core year-over-year in Jan 2026?,KXECONSTATCORECPIYOY-26JAN-T2.3,Exactly 2.3%,0.06,0.97,0.515,0.08,0.91,58,0,58,27075.92,1,2026-02-11 13:29:00+00:00,32.24,-0.333333,-0.333333,-0.333333,-0.028571,0.333333,0.088823,1.3986,1.02439,14
Economics,KXECONSTATCORECPIYOY-26JAN,CPI core year-over-year in Jan 2026?,KXECONSTATCORECPIYOY-26JAN-T2.6,Exactly 2.6%,0.05,0.97,0.51,0.06,0.92,56,0,56,26530.74,1,2026-02-11 13:29:00+00:00,32.24,0.0,0.0,0.0,0.0,0.0,0.0,1.0,0.0,13
Economics,KXGDP-26JAN30,US GDP growth in Q4 2025?,KXGDP-26JAN30-T1.75,Above 1.75%,0.94,0.97,0.955,0.93,0.03,68074,3010,45132,26380.14,1,2026-02-20 13:29:00+00:00,248.24,0.0,-0.020833,-0.020833,-0.357143,0.020833,0.00729,1.065,0.021108,8
Economics,KXECONSTATCPIYOY-26JAN,CPI year-over-year in Jan 2026?,KXECONSTATCPIYOY-26JAN-T2.3,Exactly 2.3%,0.19,0.24,0.215,0.19,0.05,208,164,208,25588.41,1,2026-02-11 13:29:00+00:00,32.24,0.0,-0.666667,-0.666667,-1.51049,0.666667,0.191653,1.2964,1.0,12
Economics,KXECONSTATCPI-26JAN,CPI month-over-month in Jan 2026?,KXECONSTATCPI-26JAN-T0.4,Exactly 0.4%,0.04,0.3,0.17,0.03,0.26,69,0,55,25184.78,1,2026-02-11 13:29:00+00:00,32.24,0.0,0.0,0.0,0.0,0.0,0.0,1.0,0.0,10
Economics,KXCPIYOY-26JAN,Inflation in Jan 2026? (CPI YoY),KXCPIYOY-26JAN-T2.5,Above 2.5%,0.3,0.31,0.305,0.3,0.01,208484,17223,103162,24613.59,1,2026-02-11 13:29:00+00:00,32.24,-0.233333,-0.258065,-0.30303,-0.424348,0.823529,0.87689,1.8915,1.057851,24
Economics,KXGDP-26JAN30,US GDP growth in Q4 2025?,KXGDP-26JAN30-T2.0,Above 2.0%,0.87,0.88,0.875,0.88,0.01,199080,2279,107628,23312.28,1,2026-02-20 13:29:00+00:00,248.24,0.022727,0.0,0.011236,-0.104396,0.033333,0.010769,1.3547,0.044944,13
Economics,KXEGGS-JAN,Will egg prices go up in Jan 2026?,KXEGGS-JAN-0,above 0%,0.15,0.38,0.265,0.36,0.23,23779,1782,12802,22834.62,1,2026-02-11 13:25:00+00:00,32.17,0.333333,0.636364,2.0,0.32087,0.804878,0.982981,0.4086,1.411765,24
Economics,KXGDP-26JAN30,US GDP growth in Q4 2025?,KXGDP-26JAN30-T5.5,Above 5.5%,0.04,0.08,0.06,0.07,0.04,10447,465,6815,22023.55,1,2026-02-20 13:29:00+00:00,248.24,0.0,0.0,0.0,0.0,0.0,0.0,1.0,0.0,13
Economics,KXGDPYEAR-25,GDP growth in 2025?,KXGDPYEAR-25-B1.8,1.6 to 2.0,0.01,0.02,0.015,0.02,0.01,159016,4294,65360,21833.04,1,2026-02-20 13:29:00+00:00,248.24,0.0,1.0,1.0,0.081818,0.0,0.3,1.2423,0.846154,11
Economics,KXGDP-26JAN30,US GDP growth in Q4 2025?,KXGDP-26JAN30-T4.5,Above 4.5%,0.1,0.28,0.19,0.17,0.18,46482,4076,19739,21731.78,1,2026-02-20 13:29:00+00:00,248.24,0.0,0.0,0.0625,0.076471,0.058824,0.027056,1.2948,0.061069,16
Economics,KXGDP-26JAN30,US GDP growth in Q4 2025?,KXGDP-26JAN30-T5,Above 5%,0.12,0.15,0.135,0.11,0.03,28738,556,14954,21124.94,1,2026-02-20 13:29:00+00:00,248.24,0.1,0.0,0.1,0.003571,0.090909,0.044251,1.2463,0.092025,15
Economics,KXCPI-26JAN,CPI in Jan 2026?,KXCPI-26JAN-T0.3,Above 0.3%,0.13,0.15,0.14,0.13,0.02,63213,10870,27520,20973.19,1,2026-02-11 13:29:00+00:00,32.24,0.0,0.0,-0.111111,-0.077357,0.222222,0.0616,0.6055,0.246499,22
Economics,KXCPICOREYOY-26JAN,Core inflation in Jan 2026? (Core CPI YoY),KXCPICOREYOY-26JAN-T2.5,Above 2.5%,0.34,0.51,0.425,0.52,0.17,4382,305,3621,20342.87,1,2026-02-11 13:25:00+00:00,32.17,-0.111111,-0.263158,-0.050847,0.35,0.263158,0.126734,0.5422,0.39055,15
Economics,KXGDP-26JAN30,US GDP growth in Q4 2025?,KXGDP-26JAN30-T3.5,Above 3.5%,0.38,0.42,0.4,0.42,0.04,368365,9000,142780,20012.21,1,2026-02-20 13:29:00+00:00,248.24,0.0,0.046512,-0.021739,-0.109091,0.106383,0.022816,0.7597,0.110643,21
Economics,KXGDP-26JAN30,US GDP growth in Q4 2025?,KXGDP-26JAN30-T2.5,Above 2.5%,0.78,0.82,0.8,0.8,0.04,230773,6240,106074,18901.34,1,2026-02-20 13:29:00+00:00,248.24,0.012821,-0.0125,-0.024691,-0.232843,0.04878,0.013063,1.0317,0.062408,17
Economics,KXCPICOREYOY-26JAN,Core inflation in Jan 2026? (Core CPI YoY),KXCPICOREYOY-26JAN-T2.6,Above 2.6%,0.04,0.35,0.195,0.01,0.31,269,16,253,17644.29,1,2026-02-11 13:25:00+00:00,32.17,-0.617647,-0.628571,-0.666667,-0.858824,0.666667,0.152796,1.4941,0.74552,16
Economics,KXGDP-26JAN30,US GDP growth in Q4 2025?,KXGDP-26JAN30-T3.0,Above 3.0%,0.57,0.67,0.62,0.67,0.1,259722,13055,106015,15092.61,1,2026-02-20 13:29:00+00:00,248.24,0.017241,0.017241,-0.016667,-0.102767,0.173913,0.056869,0.3619,0.21793,23
Economics,KXCPI-26JAN,CPI in Jan 2026?,KXCPI-26JAN-T0.4,Above 0.4%,0.04,0.05,0.045,0.03,0.01,15515,2865,6012,15003.47,1,2026-02-11 13:29:00+00:00,32.24,0.25,0.0,-0.285714,-0.096491,0.428571,0.109448,1.534,0.57,19
Economics,KXCPICORE-26JAN,CPI core in Jan 2026?,KXCPICORE-26JAN-T0.4,Above 0.4%,0.0,0.17,0.16,0.16,,601,8,601,13394.7,1,2026-02-11 13:25:00+00:00,32.17,-0.071429,-0.235294,-0.235294,-0.286713,0.315789,0.087343,1.3249,0.367347,12
Economics,KXCPICOREYOY-26JAN,Core inflation in Jan 2026? (Core CPI YoY),KXCPICOREYOY-26JAN-T2.7,Above 2.7%,0.01,0.23,0.12,0.24,0.22,385,0,382,12959.87,1,2026-02-11 13:25:00+00:00,32.17,0.0,0.0,0.0,0.0,0.0,0.0,1.0,0.0,11
Economics,KXCPI-26JAN,CPI in Jan 2026?,KXCPI-26JAN-T-0.1,Above -0.1%,0.98,0.99,0.985,0.99,0.01,34455,55,30362,10752.5,1,2026-02-11 13:29:00+00:00,32.24,-0.010101,-0.010101,-0.010101,-0.054545,0.010101,0.003174,1.1859,0.010111,10
Economics,KXECONSTATCPIYOY-26JAN,CPI year-over-year in Jan 2026?,KXECONSTATCPIYOY-26JAN-T2.7,Exactly 2.7%,0.03,0.07,0.05,0.11,0.04,10,0,10,10590.25,1,2026-02-11 13:29:00+00:00,32.24,0.0,-0.964286,-0.964286,-3.927273,0.964286,0.303046,1.1859,1.569767,10
Economics,KXCPICOREYOY-26JAN,Core inflation in Jan 2026? (Core CPI YoY),KXCPICOREYOY-26JAN-T2.8,Above 2.8%,0.02,0.1,0.06,0.1,0.08,1503,0,1493,10416.49,1,2026-02-11 13:25:00+00:00,32.17,0.0,-0.583333,-0.545455,-0.307353,0.583333,0.148857,1.4604,0.687117,16
Economics,KXCPIYOY-26JAN,Inflation in Jan 2026? (CPI YoY),KXCPIYOY-26JAN-T2.6,Above 2.6%,0.13,0.14,0.135,0.14,0.01,190939,12256,83491,9986.77,1,2026-02-11 13:29:00+00:00,32.24,-0.466667,0.0,-0.2,0.013834,0.5,0.304591,1.8626,3.965517,23
Economics,KXCPICOREYOY-26JAN,Core inflation in Jan 2026? (Core CPI YoY),KXCPICOREYOY-26JAN-T2.9,Above 2.9%,0.02,0.07,0.045,0.02,0.05,1922,556,1653,9965.25,1,2026-02-11 13:25:00+00:00,32.17,-0.5,-0.666667,-0.875,-0.455882,0.888889,1.997605,1.5723,1.387755,17
Economics,KXGDP-26JAN30,US GDP growth in Q4 2025?,KXGDP-26JAN30-T6,Above 6%,0.01,0.02,0.015,0.01,0.01,21052,5,15583,9889.6,1,2026-02-20 13:29:00+00:00,248.24,-0.333333,1.0,0.0,0.004396,0.5,0.572203,1.3627,1.4,14
Economics,KXCPICOREYOY-26JAN,Core inflation in Jan 2026? (Core CPI YoY),KXCPICOREYOY-26JAN-T3.0,Above 3.0%,0.0,0.06,0.07,0.07,,1199,0,638,8830.32,1,2026-02-11 13:25:00+00:00,32.17,0.0,0.0,0.0,0.0,0.0,0.0,1.0,0.0,5
Economics,KXCPICOREYOY-26JAN,Core inflation in Jan 2026? (Core CPI YoY),KXCPICOREYOY-26JAN-T3.1,Above 3.1%,0.0,0.04,0.05,0.05,,4872,0,3817,8770.92,1,2026-02-11 13:25:00+00:00,32.17,0.0,0.0,0.0,0.0,0.0,0.0,1.0,0.0,6
Economics,KXCPICORE-26JAN,CPI core in Jan 2026?,KXCPICORE-26JAN-T0.5,Above 0.5%,0.0,0.1,0.08,0.08,,1825,0,1585,8550.05,1,2026-02-11 13:25:00+00:00,32.17,0.0,0.0,0.0,0.0,0.0,0.0,1.0,0.0,12
Economics,KXCPIYOY-26JAN,Inflation in Jan 2026? (CPI YoY),KXCPIYOY-26JAN-T3.1,Above 3.1%,0.0,0.02,0.01,0.01,,8111,0,7887,8375.87,1,2026-02-11 13:29:00+00:00,32.24,1.0,1.0,0.0,-0.0516,0.5,0.378944,1.4752,3.214286,18
Economics,KXCPIYOY-26JAN,Inflation in Jan 2026? (CPI YoY),KXCPIYOY-26JAN-T2.7,Above 2.7%,0.04,0.05,0.045,0.03,0.01,68177,3229,53170,8134.93,1,2026-02-11 13:29:00+00:00,32.24,2.0,2.75,1.5,0.038538,0.428571,0.448397,1.6824,2.536765,23
Economics,KXECONSTATCPICORE-26JAN,CPI core month-over-month in Jan 2026?,KXECONSTATCPICORE-26JAN-T0.4,Exactly 0.4%,0.0,0.32,0.4,0.4,,2,0,2,7940.0,1,2026-02-11 13:29:00+00:00,32.24,0.0,0.0,0.0,0.0,0.0,0.0,1.0,0.0,13
Economics,KXCPIYOY-26JAN,Inflation in Jan 2026? (CPI YoY),KXCPIYOY-26JAN-T2.9,Above 2.9%,0.0,0.02,0.01,0.01,,20184,0,17625,7938.01,1,2026-02-11 13:29:00+00:00,32.24,0.0,0.666667,0.25,-0.07594,0.75,1.023857,1.5282,1.230769,20
Economics,KXECONSTATCPI-26JAN,CPI month-over-month in Jan 2026?,KXECONSTATCPI-26JAN-T-0.1,Exactly -0.1%,0.0,0.16,0.37,0.37,,5,0,5,7826.0,1,2026-02-11 13:29:00+00:00,32.24,0.0,0.0,0.0,0.0,0.0,0.0,1.0,0.0,10
Economics,KXECONSTATCPI-26JAN,CPI month-over-month in Jan 2026?,KXECONSTATCPI-26JAN-T0.5,Exactly 0.5%,0.0,0.2,0.3,0.3,,6,0,6,7452.25,1,2026-02-11 13:29:00+00:00,32.24,0.0,0.0,0.0,0.0,0.0,0.0,1.0,0.0,10
Economics,KXECONSTATCPICORE-26JAN,CPI core month-over-month in Jan 2026?,KXECONSTATCPICORE-26JAN-T0.5,Exactly 0.5%,0.0,0.21,0.38,0.38,,13,0,13,7233.14,1,2026-02-11 13:29:00+00:00,32.24,0.0,0.0,0.0,-0.0,0.0,0.0,1.0,0.0,10
Economics,KXECONSTATCORECPIYOY-26JAN,CPI core year-over-year in Jan 2026?,KXECONSTATCORECPIYOY-26JAN-T2.9,Exactly 2.9%,0.0,0.1,0.3,0.3,,6,0,6,7110.74,1,2026-02-11 13:29:00+00:00,32.24,0.0,0.0,0.0,0.0,0.0,0.0,1.0,0.0,10
Economics,KXGDP-26JAN30,US GDP growth in Q4 2025?,KXGDP-26JAN30-T4,Above 4%,0.27,0.45,0.36,0.44,0.18,43179,3600,21723,7066.21,1,2026-02-20 13:29:00+00:00,248.24,0.0,0.0,0.0,-0.028896,0.133333,0.047131,0.4154,0.169811,18
Economics,KXCPIYOY-26JAN,Inflation in Jan 2026? (CPI YoY),KXCPIYOY-26JAN-T2.1,Above 2.1%,0.98,1.0,0.99,0.98,0.02,35444,56,29276,6638.26,1,2026-02-11 13:29:00+00:00,32.24,0.0,0.0,0.0,-0.0,0.0,0.0,1.0,0.0,9
Economics,KXECONSTATCPI-26JAN,CPI month-over-month in Jan 2026?,KXECONSTATCPI-26JAN-T0.6,Exactly 0.6%,0.0,0.15,0.28,0.28,,3,0,3,6620.55,1,2026-02-11 13:29:00+00:00,32.24,0.0,0.0,0.0,0.0,0.0,0.0,1.0,0.0,10
Economics,KXECONSTATCPI-26JAN,CPI month-over-month in Jan 2026?,KXECONSTATCPI-26JAN-T-0.2,Exactly -0.2%,0.0,0.12,0.29,0.29,,6,0,6,6464.97,1,2026-02-11 13:29:00+00:00,32.24,0.0,0.0,0.0,0.0,0.0,0.0,1.0,0.0,10
Economics,KXCPIYOY-26JAN,Inflation in Jan 2026? (CPI YoY),KXCPIYOY-26JAN-T3.0,Above 3.0%,0.0,0.02,0.01,0.01,,5205,93,4249,6356.08,1,2026-02-11 13:29:00+00:00,32.24,0.0,0.0,0.0,-0.008791,0.666667,0.348284,1.4532,3.0,14
Economics,KXCPIYOY-26JAN,Inflation in Jan 2026? (CPI YoY),KXCPIYOY-26JAN-T2.8,Above 2.8%,0.0,0.04,0.03,0.03,,32217,0,27467,6349.52,1,2026-02-11 13:29:00+00:00,32.24,0.0,0.5,0.0,-0.064662,0.75,0.505091,1.6434,0.9375,20
Economics,KXECONSTATCPIYOY-26JAN,CPI year-over-year in Jan 2026?,KXECONSTATCPIYOY-26JAN-T3.0,Exactly 3.0%,0.0,0.11,0.19,0.19,,1,0,1,6171.24,1,2026-02-11 13:29:00+00:00,32.24,0.0,0.0,0.0,-0.0,0.0,0.0,1.0,0.0,10
Economics,KXECONSTATCORECPIYOY-26JAN,CPI core year-over-year in Jan 2026?,KXECONSTATCORECPIYOY-26JAN-T3.0,Exactly 3.0%,0.0,0.08,0.25,0.25,,8,0,8,6067.84,1,2026-02-11 13:29:00+00:00,32.24,0.0,0.0,0.0,0.0,0.0,0.0,1.0,0.0,10
Economics,KXECONSTATCORECPIYOY-26JAN,CPI core year-over-year in Jan 2026?,KXECONSTATCORECPIYOY-26JAN-T3.1,Exactly 3.1%,0.0,0.08,0.2,0.2,,10,0,10,6032.24,1,2026-02-11 13:29:00+00:00,32.24,0.0,0.0,0.0,0.0,0.0,0.0,1.0,0.0,10
Economics,KXGDP-26JAN30,US GDP growth in Q4 2025?,KXGDP-26JAN30-T0,Above 0%,0.99,1.0,0.995,0.99,0.01,65599,0,46647,5859.7,1,2026-02-20 13:29:00+00:00,248.24,0.0,0.0,0.0,0.0,0.0,0.0,1.0,0.0,6
Economics,KXECONSTATCORECPIYOY-26JAN,CPI core year-over-year in Jan 2026?,KXECONSTATCORECPIYOY-26JAN-T2.8,Exactly 2.8%,0.0,0.15,0.15,0.15,,314,0,314,5785.44,1,2026-02-11 13:29:00+00:00,32.24,0.0,0.0,0.0,0.0,0.0,0.0,1.0,0.0,10
Economics,KXJOBLESSCLAIMS-26FEB12,"How many initial jobless claims for the week ending Feb 7, 2026?",KXJOBLESSCLAIMS-26FEB12-230000,At least 230000,0.27,0.28,0.275,0.22,0.01,491,491,491,5736.03,1,2026-02-12 13:30:00+00:00,56.25,0.322581,0.28125,0.28125,0.203571,0.03125,0.08408,1.4638,0.307377,15
Economics,KXECONSTATCPIYOY-26JAN,CPI year-over-year in Jan 2026?,KXECONSTATCPIYOY-26JAN-T2.9,Exactly 2.9%,0.0,0.14,0.3,0.3,,6,0,6,5727.48,1,2026-02-11 13:29:00+00:00,32.24,0.0,0.0,0.0,0.0,0.0,0.0,1.0,0.0,10
Economics,KXECONSTATCPIYOY-26JAN,CPI year-over-year in Jan 2026?,KXECONSTATCPIYOY-26JAN-T2.1,Exactly 2.1%,0.0,0.18,0.37,0.37,,5,0,5,5573.78,1,2026-02-11 13:29:00+00:00,32.24,0.0,0.0,0.0,0.0,0.0,0.0,1.0,0.0,10
Economics,KXECONSTATCPIYOY-26JAN,CPI year-over-year in Jan 2026?,KXECONSTATCPIYOY-26JAN-T3.1,Exactly 3.1%,0.0,0.1,0.02,0.02,,78,0,67,5446.47,1,2026-02-11 13:29:00+00:00,32.24,0.0,0.0,0.0,0.0,0.0,0.0,1.0,0.0,10
Economics,KXECONSTATCPIYOY-26JAN,CPI year-over-year in Jan 2026?,KXECONSTATCPIYOY-26JAN-T3.3,Exactly 3.3%,0.0,0.08,0.28,0.28,,7,0,7,5146.72,1,2026-02-11 13:29:00+00:00,32.24,0.0,0.0,0.0,0.0,0.0,0.0,1.0,0.0,10
Economics,KXCBDECISIONRUSSIA-26FEB13,What will the Bank of Russia do at the February key rate meeting?,KXCBDECISIONRUSSIA-26FEB13-HOLD,Maintain current rate,0.63,0.69,0.66,0.7,0.06,7091,388,1961,4967.29,1,2026-02-13 10:29:00+00:00,77.24,-0.028986,-0.014706,-0.014706,-0.172727,0.097222,0.025748,1.2833,0.187629,21
Economics,KXECONSTATCPICORE-26JAN,CPI core month-over-month in Jan 2026?,KXECONSTATCPICORE-26JAN-T-0.1,Exactly -0.1%,0.0,0.1,0.38,0.38,,2,0,2,4851.76,1,2026-02-11 13:29:00+00:00,32.24,0.0,0.0,0.0,-0.0,0.0,0.0,1.0,0.0,10
Economics,KXECONSTATCPICORE-26JAN,CPI core month-over-month in Jan 2026?,KXECONSTATCPICORE-26JAN-T-0.2,Exactly -0.2%,0.0,0.1,0.25,0.25,,4,0,4,4848.85,1,2026-02-11 13:29:00+00:00,32.24,0.0,0.0,0.0,0.0,0.0,0.0,1.0,0.0,10
Economics,KXECONSTATCPIYOY-26JAN,CPI year-over-year in Jan 2026?,KXECONSTATCPIYOY-26JAN-T2.0,Exactly 2.0%,0.0,0.13,0.34,0.34,,5,0,5,4809.16,1,2026-02-11 13:29:00+00:00,32.24,0.0,0.0,0.0,-0.0,0.0,0.0,1.0,0.0,10
Economics,KXJOBLESSCLAIMS-26FEB12,"How many initial jobless claims for the week ending Feb 7, 2026?",KXJOBLESSCLAIMS-26FEB12-210000,At least 210000,0.63,0.74,0.685,0.73,0.11,721,721,699,4689.07,1,2026-02-12 13:30:00+00:00,56.25,0.012821,0.012821,0.039474,0.289286,0.025,0.012031,1.2772,0.051769,15
Economics,KXJOBLESSCLAIMS-26FEB12,"How many initial jobless claims for the week ending Feb 7, 2026?",KXJOBLESSCLAIMS-26FEB12-215000,At least 215000,0.59,0.6,0.595,0.5,0.01,259,259,239,4686.84,1,2026-02-12 13:30:00+00:00,56.25,0.014706,0.014706,-0.054795,-0.473039,0.123288,0.024943,1.4199,0.127394,17
Economics,KXECONSTATCPIYOY-26JAN,CPI year-over-year in Jan 2026?,KXECONSTATCPIYOY-26JAN-T3.2,Exactly 3.2%,0.0,0.06,0.3,0.3,,6,0,6,4627.96,1,2026-02-11 13:29:00+00:00,32.24,0.0,0.0,0.0,0.0,0.0,0.0,1.0,0.0,10
Economics,KXJOBLESSCLAIMS-26FEB12,"How many initial jobless claims for the week ending Feb 7, 2026?",KXJOBLESSCLAIMS-26FEB12-225000,At least 225000,0.36,0.39,0.375,0.32,0.03,641,641,621,4507.09,1,2026-02-12 13:30:00+00:00,56.25,0.0,0.020408,-0.019608,-0.124812,0.098039,0.028936,1.6844,0.099602,20
Economics,KXJOBLESSCLAIMS-26FEB12,"How many initial jobless claims for the week ending Feb 7, 2026?",KXJOBLESSCLAIMS-26FEB12-220000,At least 220000,0.45,0.47,0.46,0.42,0.02,372,372,352,4381.11,1,2026-02-12 13:30:00+00:00,56.25,0.0,-0.048387,-0.063492,-0.284211,0.063492,0.01146,1.5736,0.064957,19
Economics,KXCBDECISIONRUSSIA-26FEB13,What will the Bank of Russia do at the February key rate meeting?,KXCBDECISIONRUSSIA-26FEB13-C50,Cut 50 basis points,0.23,0.3,0.265,0.3,0.07,2447,133,1830,3822.64,1,2026-02-13 10:29:00+00:00,77.24,0.068966,-0.544118,0.033333,0.545865,0.597222,0.37459,0.4216,1.341108,20
Economics,KXJOBLESSCLAIMS-26FEB12,"How many initial jobless claims for the week ending Feb 7, 2026?",KXJOBLESSCLAIMS-26FEB12-200000,At least 200000,0.82,0.85,0.835,0.83,0.03,273,273,233,3618.13,1,2026-02-12 13:30:00+00:00,56.25,0.0,0.011236,0.011236,0.072527,0.0,0.002994,1.3986,0.011209,14
Economics,KXJOBLESSCLAIMS-26FEB12,"How many initial jobless claims for the week ending Feb 7, 2026?",KXJOBLESSCLAIMS-26FEB12-240000,At least 240000,0.05,0.16,0.105,0.14,0.11,2,2,2,3184.53,1,2026-02-12 13:30:00+00:00,56.25,0.0,0.0,0.0,-0.0,0.0,0.0,1.0,0.0,12
Economics,KXCBDECISIONRUSSIA-26FEB13,What will the Bank of Russia do at the February key rate meeting?,KXCBDECISIONRUSSIA-26FEB13-C25,Cut 25 basis points,0.05,0.14,0.095,0.14,0.09,1412,27,868,3136.76,1,2026-02-13 10:29:00+00:00,77.24,0.0,1.0,-0.538462,-0.296703,0.769231,0.711994,1.2798,1.354167,13
Economics,KXJOBSRELEASE-26MAR,When will the January 2026 jobs report be published?,KXJOBSRELEASE-26MAR-26FEB17,"Before Feb 17, 2026",0.99,1.0,0.995,0.99,0.01,53,0,53,3104.47,1,2026-02-17 04:59:00+00:00,167.74,0.0,0.0,0.0,0.0,0.0,0.0,1.0,0.0,6
Economics,KXGDP-26JAN30,US GDP growth in Q4 2025?,KXGDP-26JAN30-T1.25,Above 1.25%,0.95,1.0,0.975,0.95,0.05,167895,0,154135,2156.4,1,2026-02-20 13:29:00+00:00,248.24,0.010526,-0.010309,-0.010309,-0.25,0.020619,0.0093,1.0,0.020896,7
Economics,KXCPICOREYOY-26JAN,Core inflation in Jan 2026? (Core CPI YoY),KXCPICOREYOY-26JAN-T3.2,Above 3.2%,0.0,0.06,0.12,0.12,,23,0,23,2076.29,1,2026-02-11 13:25:00+00:00,32.17,0.0,0.0,0.0,-0.0,0.0,0.0,1.0,0.0,5
Economics,KXCPICOREYOY-26JAN,Core inflation in Jan 2026? (Core CPI YoY),KXCPICOREYOY-26JAN-T3.5,Above 3.5%,0.0,0.05,0.06,0.06,,5,0,5,1638.27,1,2026-02-11 13:25:00+00:00,32.17,0.0,0.0,0.0,-0.0,0.0,0.0,1.0,0.0,5
Economics,KXGDP-26JAN30,US GDP growth in Q4 2025?,KXGDP-26JAN30-T1.0,Above 1.0%,0.98,1.0,0.99,0.98,0.02,285330,0,219176,1483.42,1,2026-02-20 13:29:00+00:00,248.24,0.0,0.010204,0.010204,0.09697,0.0,0.003207,1.1859,0.010183,10
Economics,KXCBDECISIONRUSSIA-26FEB13,What will the Bank of Russia do at the February key rate meeting?,KXCBDECISIONRUSSIA-26FEB13-H50P,Hike more than 50bp,0.0,0.01,0.03,0.03,,293,0,278,1324.04,1,2026-02-13 10:29:00+00:00,77.24,0.333333,0.333333,0.333333,0.045455,0.0,0.1,1.2423,0.323529,11
Economics,KXCBDECISIONRUSSIA-26FEB13,What will the Bank of Russia do at the February key rate meeting?,KXCBDECISIONRUSSIA-26FEB13-H25P,Hike 25 basis points,0.0,0.01,0.02,0.02,,1056,140,1049,1269.2,1,2026-02-13 10:29:00+00:00,77.24,0.0,0.0,0.0,0.0,0.0,0.0,1.0,0.0,12
Economics,KXCBDECISIONRUSSIA-26FEB13,What will the Bank of Russia do at the February key rate meeting?,KXCBDECISIONRUSSIA-26FEB13-H50,Hike 50 basis points,0.0,0.01,0.05,0.05,,37,0,37,1253.98,1,2026-02-13 10:29:00+00:00,77.24,0.0,0.0,0.0,0.0,0.0,0.0,1.0,0.0,10
Economics,KXCBDECISIONRUSSIA-26FEB13,What will the Bank of Russia do at the February key rate meeting?,KXCBDECISIONRUSSIA-26FEB13-C50P,Cut more than 50bp,0.0,0.01,0.05,0.05,,197,0,197,1221.59,1,2026-02-13 10:29:00+00:00,77.24,0.0,0.0,0.0,0.0,0.0,0.0,1.0,0.0,11
Economics,KXJOBSRELEASE-26MAR,When will the January 2026 jobs report be published?,KXJOBSRELEASE-26MAR-26FEB14,"Before Feb 14, 2026",0.99,1.0,0.995,0.99,0.01,1686,0,1569,1111.63,1,2026-02-14 04:59:00+00:00,95.74,0.020833,0.088889,0.088889,0.832168,0.0,0.019499,1.2566,0.085868,12
Economics,KXGDP-26JAN30,US GDP growth in Q4 2025?,KXGDP-26JAN30-T.5,Above 0.5%,0.98,1.0,0.99,0.99,0.02,137334,0,124244,950.4,1,2026-02-20 13:29:00+00:00,248.24,0.0,0.0,0.0,-0.0,0.0,0.0,1.0,0.0,5
Economics,KXGDP-26JAN30,US GDP growth in Q4 2025?,KXGDP-26JAN30-T-0.5,Above -0.5%,0.99,1.0,0.995,0.99,0.01,98460,0,91401,871.01,1,2026-02-20 13:29:00+00:00,248.24,0.0,0.0,0.0,-0.0,0.0,0.0,1.0,0.0,5
Entertainment,KXTOPALBUMTHEFALLOFF-26FEB21,Will J. Cole's The Fall-Off debut at #1?,KXTOPALBUMTHEFALLOFF-26FEB21-FAL,The Fall-Off,0.84,0.88,0.86,0.85,0.04,33277,5452,15383,1038891.71,1,2026-02-16 04:59:00+00:00,143.74,0.0875,0.144737,0.191781,0.135652,0.109756,0.049064,0.6673,0.219355,24
Entertainment,KXSBGUESTS-26,Who will attend the Big Game?,KXSBGUESTS-26-ROG,Roger Federer,0.46,0.7,0.58,0.33,0.24,17843,17843,17288,173727.32,1,2026-02-13 15:00:00+00:00,81.75,,,,,,,,,0
Entertainment,KXSBGUESTS-26,Who will attend the Big Game?,KXSBGUESTS-26-JBEZ,Jeff Bezos,0.27,0.28,0.275,0.27,0.01,30726,18883,19589,144314.68,1,2026-02-13 15:00:00+00:00,81.75,0.0,0.0,1.0,0.017157,0.833333,1.300207,0.4796,17.354167,17
Entertainment,KXSBGUESTS-26,Who will attend the Big Game?,KXSBGUESTS-26-TOM,Tom Cruise,0.04,0.37,0.205,0.38,0.33,171,171,170,124987.51,1,2026-02-13 15:00:00+00:00,81.75,-0.5,0.0,-0.5,-0.063725,0.75,0.602165,0.7453,1.942857,17
Entertainment,KXSBGUESTS-26,Who will attend the Big Game?,KXSBGUESTS-26-KLAM,Kendrick Lamar,0.53,0.58,0.555,0.58,0.05,12670,5909,8429,118564.37,1,2026-02-13 15:00:00+00:00,81.75,0.0,-0.5,0.0,-0.012255,0.666667,0.622129,0.8037,1.888889,17
Entertainment,KXSBGUESTS-26,Who will attend the Big Game?,KXSBGUESTS-26-TCHA,Timothée Chalamet,0.35,0.37,0.36,0.36,0.02,56553,37057,40587,84618.47,1,2026-02-13 15:00:00+00:00,81.75,0.0,0.0,0.0,0.0,0.0,0.0,1.0,0.0,17
Entertainment,KXSBGUESTS-26,Who will attend the Big Game?,KXSBGUESTS-26-DJT,Donald Trump,0.02,0.03,0.025,0.03,0.01,1226072,176192,672354,78721.33,1,2026-02-13 15:00:00+00:00,81.75,0.0,0.0,0.0,0.0,0.0,0.0,1.0,0.0,16
Entertainment,KXSBGUESTS-26,Who will attend the Big Game?,KXSBGUESTS-26-EM,Elon Musk,0.39,0.43,0.41,0.43,0.04,51319,8590,31149,18414.66,1,2026-02-13 15:00:00+00:00,81.75,0.0,-0.933333,0.0,0.095588,0.933333,1.654618,0.3521,7.157895,17
Entertainment,KXSBGUESTS-26,Who will attend the Big Game?,KXSBGUESTS-26-JB,Jill Biden,0.05,0.06,0.055,0.06,0.01,59816,15863,44317,17775.88,1,2026-02-13 15:00:00+00:00,81.75,0.0,0.0,0.0,0.0,0.0,0.0,1.0,0.0,12
Entertainment,KXSBGUESTS-26,Who will attend the Big Game?,KXSBGUESTS-26-TS,Taylor Swift,0.2,0.22,0.21,0.22,0.02,157869,25697,84998,17465.24,1,2026-02-13 15:00:00+00:00,81.75,0.0,0.0,0.0,0.0,0.0,0.0,1.0,0.0,17
Entertainment,KXSBGUESTS-26,Who will attend the Big Game?,KXSBGUESTS-26-LGAG,Lady Gaga,0.57,0.68,0.625,0.69,0.11,13012,5993,8275,16900.61,1,2026-02-13 15:00:00+00:00,81.75,,,,,,,,,0
Entertainment,KXSBGUESTS-26,Who will attend the Big Game?,KXSBGUESTS-26-JDV,JD Vance,0.02,0.03,0.025,0.04,0.01,89526,25431,52885,16294.95,1,2026-02-13 15:00:00+00:00,81.75,0.0,0.0,0.0,-0.0,0.0,0.0,1.0,0.0,15
Entertainment,KXALBUMSALES-FAL,"How many album sales will J. Cole's ''The Fall-Off' have on the chart dated Feb 12, 2026?",KXALBUMSALES-FAL-100000,"At least 100,000 albums",0.46,0.56,0.51,0.5,0.1,67940,14810,42270,16287.54,1,2026-02-13 04:59:00+00:00,71.74,0.06383,0.162791,0.0,-0.574783,0.40678,0.108115,1.121,0.648084,24
Entertainment,KXSBGUESTS-26,Who will attend the Big Game?,KXSBGUESTS-26-BO,Barack Obama,0.08,0.09,0.085,0.09,0.01,35479,5131,27717,16047.2,1,2026-02-13 15:00:00+00:00,81.75,0.0,0.0,0.0,-0.0,0.0,0.0,1.0,0.0,15
Entertainment,KXRANKLISTSONGTOP10-26FEB14,"Which songs will be in the top 10 on the Billboard Hot 100 chart for the week of February 14, 2026?",KXRANKLISTSONGTOP10-26FEB14-OPA,Opalite,0.03,0.4,0.215,0.39,0.37,555,208,504,14955.23,1,2026-02-14 15:00:00+00:00,105.75,0.0,-0.5,-0.9,-1.215217,0.964286,0.519775,0.6928,3.068852,24
Entertainment,KXRT-WUT,"""Wuthering Heights"" Rotten Tomatoes score?",KXRT-WUT-75,Above 75,0.66,0.68,0.67,0.68,0.02,21566,1374,12743,13531.57,1,2026-02-16 15:00:00+00:00,153.75,0.833333,1.75,-0.825397,-3.393043,0.973333,0.496718,1.1903,1.819672,24
Entertainment,KXSBGUESTS-26,Who will attend the Big Game?,KXSBGUESTS-26-DRA,Drake,0.2,0.26,0.23,0.25,0.06,33365,18819,23253,13312.18,1,2026-02-13 15:00:00+00:00,81.75,0.0,0.0,0.0,0.0,0.0,0.0,1.0,0.0,17
Entertainment,KXSBGUESTS-26,Who will attend the Big Game?,KXSBGUESTS-26-PDAV,Pete Davidson,0.46,0.56,0.51,0.58,0.1,17295,9123,10429,12215.49,1,2026-02-13 15:00:00+00:00,81.75,-0.333333,-0.333333,0.0,-0.176471,0.888889,1.172315,0.5038,2.72,17
Entertainment,KXSBGUESTS-26,Who will attend the Big Game?,KXSBGUESTS-26-LM,Lionel Messi,0.19,0.24,0.215,0.19,0.05,62839,11662,34121,11853.72,1,2026-02-13 15:00:00+00:00,81.75,1.0,1.0,1.0,0.022059,0.0,0.249444,1.494,0.941176,16
Entertainment,KXRT-WUT,"""Wuthering Heights"" Rotten Tomatoes score?",KXRT-WUT-85,Above 85,0.3,0.32,0.31,0.32,0.02,8028,426,5188,11621.04,1,2026-02-16 15:00:00+00:00,153.75,0.0,0.0,-0.956522,-1.619549,0.958333,0.224283,0.0,1.597222,20
Entertainment,KXSBGUESTS-26,Who will attend the Big Game?,KXSBGUESTS-26-MWAH,Mark Wahlberg,0.61,0.75,0.68,0.75,0.14,32903,12387,20271,11391.37,1,2026-02-13 15:00:00+00:00,81.75,0.5,0.0,-0.25,-0.159314,0.6,0.314395,1.0893,1.133333,17
Entertainment,KXSBGUESTS-26,Who will attend the Big Game?,KXSBGUESTS-26-KN,Kristi Noem,0.1,0.11,0.105,0.1,0.01,68650,7140,45202,11167.95,1,2026-02-13 15:00:00+00:00,81.75,0.0,0.0,0.0,-0.019118,0.5,0.286744,0.0,0.941176,16
Entertainment,KXALBUMSALES-FAL,"How many album sales will J. Cole's ''The Fall-Off' have on the chart dated Feb 12, 2026?",KXALBUMSALES-FAL-125000,"At least 125,000 albums",0.18,0.28,0.23,0.28,0.1,22927,5776,13211,10954.44,1,2026-02-13 04:59:00+00:00,71.74,0.03125,0.222222,-0.214286,-0.475217,0.404762,0.140434,0.6687,0.669202,24
Entertainment,KXALBUMSALES-FAL,"How many album sales will J. Cole's ''The Fall-Off' have on the chart dated Feb 12, 2026?",KXALBUMSALES-FAL-50000,"At least 50,000 albums",0.8,0.87,0.835,0.8,0.07,2588,391,2021,10903.03,1,2026-02-13 04:59:00+00:00,71.74,0.0,0.010417,0.24359,0.347781,0.072165,0.058822,0.2147,0.200351,18
Entertainment,KXSBGUESTS-26,Who will attend the Big Game?,KXSBGUESTS-26-KKAR,Kim Kardashian,0.58,0.63,0.605,0.56,0.05,7199,2479,4557,10772.33,1,2026-02-13 15:00:00+00:00,81.75,,,,,,,,,0
Entertainment,KXSBGUESTS-26,Who will attend the Big Game?,KXSBGUESTS-26-SSWE,Sydney Sweeney,0.54,0.59,0.565,0.59,0.05,19983,11647,13451,10572.21,1,2026-02-13 15:00:00+00:00,81.75,0.0,0.0,0.0,-0.0,0.0,0.0,1.0,0.0,15
Entertainment,KXSBGUESTS-26,Who will attend the Big Game?,KXSBGUESTS-26-BGAT,Bill Gates,0.08,0.09,0.085,0.08,0.01,23375,10592,17019,9985.62,1,2026-02-13 15:00:00+00:00,81.75,1.0,0.0,1.0,0.019118,0.5,0.46428,0.9666,0.842105,16
Entertainment,KXSBGUESTS-26,Who will attend the Big Game?,KXSBGUESTS-26-BAFF,Ben Affleck,0.65,0.97,0.81,0.97,0.32,8670,3634,5812,9489.04,1,2026-02-13 15:00:00+00:00,81.75,0.0,0.0,-0.2,-0.313725,0.833333,0.594324,1.4893,3.813084,17
Entertainment,KXRT-WUT,"""Wuthering Heights"" Rotten Tomatoes score?",KXRT-WUT-70,Above 70,0.78,0.84,0.81,0.77,0.06,18472,795,12819,9433.92,1,2026-02-16 15:00:00+00:00,153.75,-0.022222,0.222222,-0.421053,-2.172174,0.60241,0.206638,0.4742,0.954907,24
Entertainment,KXRT-WUT,"""Wuthering Heights"" Rotten Tomatoes score?",KXRT-WUT-45,Above 45,0.99,1.0,0.995,0.97,0.01,22958,0,21960,9251.8,1,2026-02-16 15:00:00+00:00,153.75,0.010204,0.0,0.010204,0.075,0.010101,0.00465,1.2606,0.020298,15
Entertainment,KXALBUMSALES-FAL,"How many album sales will J. Cole's ''The Fall-Off' have on the chart dated Feb 12, 2026?",KXALBUMSALES-FAL-60000,"At least 60,000 albums",0.68,0.83,0.755,0.7,0.15,13880,2853,8677,9042.15,1,2026-02-13 04:59:00+00:00,71.74,0.0,0.0,0.055556,0.151948,0.031579,0.014781,1.2537,0.053327,21
Entertainment,KXSBGUESTS-26,Who will attend the Big Game?,KXSBGUESTS-26-CARB,Cardi B,0.96,0.98,0.97,0.95,0.02,13645,6778,9823,8987.74,1,2026-02-13 15:00:00+00:00,81.75,,,,,,,,,0
Entertainment,KXSBGUESTS-26,Who will attend the Big Game?,KXSBGUESTS-26-TH,Tom Homan,0.04,0.06,0.05,0.06,0.02,13000,1539,11184,8936.4,1,2026-02-13 15:00:00+00:00,81.75,0.0,0.0,0.0,0.0,0.0,0.0,1.0,0.0,13
Entertainment,KXALBUMSALES-FAL,"How many album sales will J. Cole's ''The Fall-Off' have on the chart dated Feb 12, 2026?",KXALBUMSALES-FAL-80000,"At least 80,000 albums",0.48,0.69,0.585,0.46,0.21,26298,5939,17716,8806.81,1,2026-02-13 04:59:00+00:00,71.74,0.0,0.0,0.128571,0.116957,0.095238,0.04158,0.5378,0.252765,24
Entertainment,KXRT-WUT,"""Wuthering Heights"" Rotten Tomatoes score?",KXRT-WUT-90,Above 90,0.12,0.13,0.125,0.16,0.01,12982,2748,6189,8687.52,1,2026-02-16 15:00:00+00:00,153.75,0.0,-0.8,-0.916667,-0.660294,0.923077,0.743019,1.2222,1.794393,16
Entertainment,KXALBUMSALES-FAL,"How many album sales will J. Cole's ''The Fall-Off' have on the chart dated Feb 12, 2026?",KXALBUMSALES-FAL-70000,"At least 70,000 albums",0.68,0.77,0.725,0.66,0.09,7942,2158,5463,8316.72,1,2026-02-13 04:59:00+00:00,71.74,-0.022222,0.035294,0.023256,-0.130435,0.105263,0.035666,0.6318,0.144027,23
Entertainment,KXRT-WUT,"""Wuthering Heights"" Rotten Tomatoes score?",KXRT-WUT-80,Above 80,0.48,0.54,0.51,0.53,0.06,25871,1365,14667,8154.66,1,2026-02-16 15:00:00+00:00,153.75,0.25,4.0,-0.886364,-2.520435,0.98,0.402635,0.8485,1.913876,24
Entertainment,KXSBGUESTS-26,Who will attend the Big Game?,KXSBGUESTS-26-SALT,Sam Altman,0.16,0.33,0.245,0.33,0.17,4957,1401,3657,8052.71,1,2026-02-13 15:00:00+00:00,81.75,-0.333333,0.0,1.0,0.007353,0.75,0.940951,0.3142,1.847826,17
Entertainment,KXRT-CRI,"""Crime 101"" Rotten Tomatoes score?",KXRT-CRI-45,Above 45,0.98,1.0,0.99,0.97,0.02,1070,0,979,7540.52,1,2026-02-16 15:00:00+00:00,153.75,0.0,0.0,0.0,0.0,0.0,0.0,1.0,0.0,6
Entertainment,KXRANKLISTSONGTOP10-26FEB14,"Which songs will be in the top 10 on the Billboard Hot 100 chart for the week of February 14, 2026?",KXRANKLISTSONGTOP10-26FEB14-FOL,Folded,0.52,0.97,0.745,0.93,0.45,238,184,192,7537.36,1,2026-02-14 15:00:00+00:00,105.75,0.0,0.0,0.32,1.665414,0.012987,0.064161,0.0,0.281195,20
Entertainment,KXSBGUESTS-26,Who will attend the Big Game?,KXSBGUESTS-26-AHAT,Anne Hathaway,0.15,0.35,0.25,0.34,0.2,4037,1578,3682,7017.42,1,2026-02-13 15:00:00+00:00,81.75,0.0,0.0,0.0,0.0,0.0,0.0,1.0,0.0,13
Entertainment,KXSBGUESTS-26,Who will attend the Big Game?,KXSBGUESTS-26-ZEN,Zendaya,0.13,0.33,0.23,0.33,0.2,4471,591,2720,6854.6,1,2026-02-13 15:00:00+00:00,81.75,0.0,0.666667,0.666667,-0.286765,0.833333,0.75463,0.5544,8.138298,17
Entertainment,KXSBGUESTS-26,Who will attend the Big Game?,KXSBGUESTS-26-JK,Jason Kelce,0.91,0.96,0.935,0.96,0.05,33835,3079,13770,6714.3,1,2026-02-13 15:00:00+00:00,81.75,0.181818,-0.675,-0.35,-1.590686,0.816667,0.263337,0.7602,2.203704,17
Entertainment,KXSBGUESTS-26,Who will attend the Big Game?,KXSBGUESTS-26-KHAR,Kamala Harris,0.18,0.19,0.185,0.18,0.01,6574,2087,5490,6682.9,1,2026-02-13 15:00:00+00:00,81.75,0.0,0.0,0.0,-0.0,0.0,0.0,1.0,0.0,14
Entertainment,KXSBGUESTS-26,Who will attend the Big Game?,KXSBGUESTS-26-GNEW,Gavin Newsom,0.82,0.92,0.87,0.91,0.1,8978,3625,5951,6586.98,1,2026-02-13 15:00:00+00:00,81.75,,,,,,,,,0
Entertainment,KXSBGUESTS-26,Who will attend the Big Game?,KXSBGUESTS-26-PHIL,Paris Hilton,0.11,0.27,0.19,0.09,0.16,3496,1326,2590,6547.97,1,2026-02-13 15:00:00+00:00,81.75,0.0,-0.5,-0.5,-0.035165,0.5,0.339683,0.5486,2.333333,14
Entertainment,KXSBGUESTS-26,Who will attend the Big Game?,KXSBGUESTS-26-MDAM,Matt Damon,0.76,0.81,0.785,0.81,0.05,10839,7148,7463,6476.95,1,2026-02-13 15:00:00+00:00,81.75,0.333333,-0.2,-0.333333,-0.208333,0.777778,0.702849,1.4867,4.689655,17
Entertainment,KXALBUMSALES-FAL,"How many album sales will J. Cole's ''The Fall-Off' have on the chart dated Feb 12, 2026?",KXALBUMSALES-FAL-150000,"At least 150,000 albums",0.12,0.21,0.165,0.21,0.09,35252,8611,19167,6048.22,1,2026-02-13 04:59:00+00:00,71.74,0.133333,-0.055556,-0.451613,-0.552174,0.756757,0.296312,1.3248,1.647059,24
Entertainment,KXTOPSONG-26FEB21,"Billboard Hot 100 #1 on Feb 21, 2026 chart?",KXTOPSONG-26FEB21-OPA,Opalite,0.37,0.53,0.45,0.53,0.16,819,814,770,5978.66,1,2026-02-16 03:59:00+00:00,142.74,0.333333,1.0,-0.75,-0.897744,0.875,0.366083,1.1804,1.590909,20
Entertainment,KXSBGUESTS-26,Who will attend the Big Game?,KXSBGUESTS-26-TBRA,Tom Brady,0.67,0.95,0.81,0.67,0.28,16961,9469,12315,5953.4,1,2026-02-13 15:00:00+00:00,81.75,,,,,,,,,0
Entertainment,KXALBUMSALES-FAL,"How many album sales will J. Cole's ''The Fall-Off' have on the chart dated Feb 12, 2026?",KXALBUMSALES-FAL-30000,"At least 30,000 albums",0.91,0.93,0.92,0.92,0.02,952,468,683,5320.41,1,2026-02-13 04:59:00+00:00,71.74,0.0,0.0,0.053191,1.142857,0.0,0.021277,1.0,0.05137,6
Entertainment,KXSBGUESTS-26,Who will attend the Big Game?,KXSBGUESTS-26-DOE,Doechii,0.1,0.27,0.185,0.06,0.17,1593,593,1441,5106.93,1,2026-02-13 15:00:00+00:00,81.75,0.0,-0.571429,-0.4,-0.264706,0.666667,0.430173,0.4635,1.53,17
Entertainment,KXRT-WUT,"""Wuthering Heights"" Rotten Tomatoes score?",KXRT-WUT-65,Above 65,0.9,0.91,0.905,0.91,0.01,3505,187,2087,4976.79,1,2026-02-16 15:00:00+00:00,153.75,0.070423,-0.116279,-0.146067,-0.590909,0.228261,0.06075,1.1686,0.517912,23
Entertainment,KXRANKLISTSONGTOP10-26FEB14,"Which songs will be in the top 10 on the Billboard Hot 100 chart for the week of February 14, 2026?",KXRANKLISTSONGTOP10-26FEB14-APE,Aperture,0.05,0.19,0.12,0.19,0.14,4953,4077,4671,4751.53,1,2026-02-14 15:00:00+00:00,105.75,0.5,-0.4,-0.842105,-1.100435,0.978261,0.826249,1.0804,3.355623,24
Entertainment,KXALBUMSALES-FAL,"How many album sales will J. Cole's ''The Fall-Off' have on the chart dated Feb 12, 2026?",KXALBUMSALES-FAL-40000,"At least 40,000 albums",0.87,0.97,0.92,0.83,0.1,6297,85,3798,4541.82,1,2026-02-13 04:59:00+00:00,71.74,-0.040404,-0.030612,0.130952,0.220779,0.040816,0.030923,0.5255,0.154943,21
Entertainment,KXRT-CRI,"""Crime 101"" Rotten Tomatoes score?",KXRT-CRI-60,Above 60,0.93,0.97,0.95,0.97,0.04,2393,11,1657,4500.39,1,2026-02-16 15:00:00+00:00,153.75,0.053763,0.010309,0.010309,-0.242424,0.072165,0.041915,1.224,0.084567,10
Entertainment,KXALBUMSALES-WUT,"How many album sales will Charlie xcx's 'Wuthering Heights' have on the chart dated Feb 19, 2026?",KXALBUMSALES-WUT-25000,"At least 25,000 albums",0.55,0.59,0.57,0.54,0.04,231,0,215,4208.6,1,2026-02-20 04:59:00+00:00,239.74,-0.033898,-0.033898,-0.033898,-0.076923,0.033898,0.009745,1.2964,0.033994,12
Entertainment,KXRT-CRI,"""Crime 101"" Rotten Tomatoes score?",KXRT-CRI-75,Above 75,0.68,0.73,0.705,0.71,0.05,7083,11,4374,4106.84,1,2026-02-16 15:00:00+00:00,153.75,-0.025,-0.025,-0.025,0.147059,0.093023,0.023847,1.5771,0.099071,16
Entertainment,KXRT-WUT,"""Wuthering Heights"" Rotten Tomatoes score?",KXRT-WUT-60,Above 60,0.94,0.98,0.96,0.97,0.04,10935,1476,7162,4074.05,1,2026-02-16 15:00:00+00:00,153.75,-0.010101,-0.010101,0.053763,0.114286,0.282828,0.104255,1.8153,0.298023,21
Entertainment,KXALBUMSALES-WUT,"How many album sales will Charlie xcx's 'Wuthering Heights' have on the chart dated Feb 19, 2026?",KXALBUMSALES-WUT-20000,"At least 20,000 albums",0.57,0.64,0.605,0.64,0.07,1,0,1,4057.38,1,2026-02-20 04:59:00+00:00,239.74,-0.259259,-0.375,-0.375,-1.482517,0.375,0.083085,1.2319,0.39779,12
Entertainment,KXALBUMSALES-WUT,"How many album sales will Charlie xcx's 'Wuthering Heights' have on the chart dated Feb 19, 2026?",KXALBUMSALES-WUT-5000,"At least 5,000 albums",0.85,0.93,0.89,0.99,0.08,10,0,10,4056.8,1,2026-02-20 04:59:00+00:00,239.74,0.0,0.0,0.0,0.0,0.0,0.0,1.0,0.0,3
Entertainment,KXRANKLISTSONGTOP10-26FEB14,"Which songs will be in the top 10 on the Billboard Hot 100 chart for the week of February 14, 2026?",KXRANKLISTSONGTOP10-26FEB14-DAI,Daisies,0.0,0.07,0.05,0.05,,37,37,37,3722.59,1,2026-02-14 15:00:00+00:00,105.75,1.0,0.0,0.0,-0.065934,0.5,0.320048,1.4022,0.565217,13
Entertainment,KXRANKLISTSONGTOP10-26FEB14,"Which songs will be in the top 10 on the Billboard Hot 100 chart for the week of February 14, 2026?",KXRANKLISTSONGTOP10-26FEB14-COU,A Couple Minutes,0.0,0.07,0.05,0.05,,27,27,27,3721.89,1,2026-02-14 15:00:00+00:00,105.75,2.0,2.0,2.0,0.044118,0.0,0.498888,1.494,1.777778,16
Entertainment,KXALBUMSALES-WUT,"How many album sales will Charlie xcx's 'Wuthering Heights' have on the chart dated Feb 19, 2026?",KXALBUMSALES-WUT-30000,"At least 30,000 albums",0.38,0.42,0.4,0.43,0.04,239,15,203,3664.73,1,2026-02-20 04:59:00+00:00,239.74,-0.119048,-0.139535,-0.139535,-0.363636,0.139535,0.03562,1.2204,0.142549,11
Entertainment,KXALBUMSALES-WUT,"How many album sales will Charlie xcx's 'Wuthering Heights' have on the chart dated Feb 19, 2026?",KXALBUMSALES-WUT-40000,"At least 40,000 albums",0.21,0.31,0.26,0.38,0.1,5,0,5,3356.33,1,2026-02-20 04:59:00+00:00,239.74,0.5,-0.129032,-0.129032,-0.562937,0.419355,0.196623,1.3532,0.439437,12
Entertainment,KXRT-CRI,"""Crime 101"" Rotten Tomatoes score?",KXRT-CRI-85,Above 85,0.26,0.36,0.31,0.35,0.1,872,120,820,3336.32,1,2026-02-16 15:00:00+00:00,153.75,-0.020833,0.382353,0.27027,0.405195,0.081081,0.060229,1.26,0.366127,21
Entertainment,KXRT-CRI,"""Crime 101"" Rotten Tomatoes score?",KXRT-CRI-80,Above 80,0.31,0.52,0.415,0.22,0.21,1769,424,1477,3300.29,1,2026-02-16 15:00:00+00:00,153.75,0.130435,0.147059,0.258065,-0.422556,0.222222,0.103046,0.5448,0.259918,20
Entertainment,KXBILLBOARDRUNNERUPALBUM-26FEB21,"Billboard 200 #2 on Feb 21, 2026 chart?",KXBILLBOARDRUNNERUPALBUM-26FEB21-THEL,The Life Of A Showgirl,0.0,0.03,0.01,0.01,,200,0,200,3032.0,1,2026-02-16 03:59:00+00:00,142.74,0.0,0.0,0.0,0.0,0.0,0.0,1.0,0.0,7
Entertainment,KXBILLBOARDRUNNERUPSONG-26FEB21,"Billboard Hot 100 #2 on Feb 21, 2026 chart?",KXBILLBOARDRUNNERUPSONG-26FEB21-FOL,Folded,0.0,0.01,0.01,0.01,,50,0,50,3021.0,1,2026-02-16 03:59:00+00:00,142.74,0.0,0.0,0.0,-0.0,0.0,0.0,1.0,0.0,9
Entertainment,KXBILLBOARDRUNNERUPSONG-26FEB21,"Billboard Hot 100 #2 on Feb 21, 2026 chart?",KXBILLBOARDRUNNERUPSONG-26FEB21-BAC,Back To Friends,0.0,0.01,0.01,0.01,,50,0,50,3021.0,1,2026-02-16 03:59:00+00:00,142.74,0.0,0.0,0.0,-0.0,0.0,0.0,1.0,0.0,9
Entertainment,KXBILLBOARDRUNNERUPSONG-26FEB21,"Billboard Hot 100 #2 on Feb 21, 2026 chart?",KXBILLBOARDRUNNERUPSONG-26FEB21-APE,Aperture,0.0,0.01,0.01,0.01,,250,0,250,3019.0,1,2026-02-16 03:59:00+00:00,142.74,0.0,2.0,2.0,0.197802,0.0,0.552771,1.3484,1.238095,13
Entertainment,KXBILLBOARDRUNNERUPALBUM-26FEB21,"Billboard 200 #2 on Feb 21, 2026 chart?",KXBILLBOARDRUNNERUPALBUM-26FEB21-WIT,With Heaven On Top,0.0,0.01,0.01,0.01,,200,0,200,3000.0,1,2026-02-16 03:59:00+00:00,142.74,0.0,0.0,0.0,0.0,0.0,0.0,1.0,0.0,10
Entertainment,KXBILLBOARDRUNNERUPALBUM-26FEB21,"Billboard 200 #2 on Feb 21, 2026 chart?",KXBILLBOARDRUNNERUPALBUM-26FEB21-SOS,SOS,0.0,0.01,0.01,0.01,,200,0,200,3000.0,1,2026-02-16 03:59:00+00:00,142.74,0.0,0.0,0.0,0.0,0.0,0.0,1.0,0.0,10
Entertainment,KXBILLBOARDRUNNERUPALBUM-26FEB21,"Billboard 200 #2 on Feb 21, 2026 chart?",KXBILLBOARDRUNNERUPALBUM-26FEB21-SLI,Slime Cry,0.0,0.01,0.01,0.01,,200,0,200,3000.0,1,2026-02-16 03:59:00+00:00,142.74,0.0,0.0,0.0,0.0,0.0,0.0,1.0,0.0,10
Entertainment,KXBILLBOARDRUNNERUPALBUM-26FEB21,"Billboard 200 #2 on Feb 21, 2026 chart?",KXBILLBOARDRUNNERUPALBUM-26FEB21-MEG,Megadeth,0.0,0.01,0.01,0.01,,200,0,200,3000.0,1,2026-02-16 03:59:00+00:00,142.74,0.0,0.0,0.0,0.0,0.0,0.0,1.0,0.0,10
Entertainment,KXBILLBOARDRUNNERUPALBUM-26FEB21,"Billboard 200 #2 on Feb 21, 2026 chart?",KXBILLBOARDRUNNERUPALBUM-26FEB21-KPO,KPop Demon Hunters,0.0,0.01,0.01,0.01,,200,0,200,3000.0,1,2026-02-16 03:59:00+00:00,142.74,0.0,0.0,0.0,0.0,0.0,0.0,1.0,0.0,10
Entertainment,KXBILLBOARDRUNNERUPALBUM-26FEB21,"Billboard 200 #2 on Feb 21, 2026 chart?",KXBILLBOARDRUNNERUPALBUM-26FEB21-DON,Don't Be Dumb,0.0,0.01,0.01,0.01,,200,0,200,3000.0,1,2026-02-16 03:59:00+00:00,142.74,0.0,0.0,0.0,0.0,0.0,0.0,1.0,0.0,10
Entertainment,KXTOPSONG-26FEB21,"Billboard Hot 100 #1 on Feb 21, 2026 chart?",KXTOPSONG-26FEB21-FOL,Folded,0.0,0.01,0.01,0.01,,300,0,300,2991.0,1,2026-02-16 03:59:00+00:00,142.74,0.0,0.0,0.0,0.0,0.0,0.0,1.0,0.0,10
Entertainment,KXTOPSONG-26FEB21,"Billboard Hot 100 #1 on Feb 21, 2026 chart?",KXTOPSONG-26FEB21-BAC,Back To Friends,0.0,0.01,0.01,0.01,,300,0,300,2991.0,1,2026-02-16 03:59:00+00:00,142.74,0.0,0.0,0.0,0.0,0.0,0.0,1.0,0.0,10
Entertainment,KXTOPSONG-26FEB21,"Billboard Hot 100 #1 on Feb 21, 2026 chart?",KXTOPSONG-26FEB21-APE,Aperture,0.0,0.01,0.01,0.01,,300,0,300,2991.0,1,2026-02-16 03:59:00+00:00,142.74,0.0,1.0,-0.333333,-0.145055,0.666667,0.332346,1.1214,1.076923,14
Entertainment,KXBILLBOARDRUNNERUPSONG-26FEB21,"Billboard Hot 100 #2 on Feb 21, 2026 chart?",KXBILLBOARDRUNNERUPSONG-26FEB21-THE,The Fate Of Ophelia,0.0,0.04,0.01,0.01,,250,0,250,2989.7,1,2026-02-16 03:59:00+00:00,142.74,0.0,0.0,0.0,-0.0,0.0,0.0,1.0,0.0,9
Entertainment,KXBILLBOARDRUNNERUPSONG-26FEB21,"Billboard Hot 100 #2 on Feb 21, 2026 chart?",KXBILLBOARDRUNNERUPSONG-26FEB21-ORD,Ordinary,0.0,0.98,0.01,0.01,,250,0,250,2989.5,1,2026-02-16 03:59:00+00:00,142.74,0.0,0.0,0.0,-0.0,0.0,0.0,1.0,0.0,9
Entertainment,KXTOPSONG-26FEB21,"Billboard Hot 100 #1 on Feb 21, 2026 chart?",KXTOPSONG-26FEB21-THE,The Fate Of Ophelia,0.0,0.89,0.01,0.01,,300,0,300,2962.0,1,2026-02-16 03:59:00+00:00,142.74,0.0,0.0,0.0,0.0,0.0,0.0,1.0,0.0,11
Entertainment,KXTOPSONG-26FEB21,"Billboard Hot 100 #1 on Feb 21, 2026 chart?",KXTOPSONG-26FEB21-ORD,Ordinary,0.0,0.89,0.01,0.01,,300,0,300,2962.0,1,2026-02-16 03:59:00+00:00,142.74,0.0,0.0,0.0,0.0,0.0,0.0,1.0,0.0,10
Entertainment,KXTOPSONG-26FEB21,"Billboard Hot 100 #1 on Feb 21, 2026 chart?",KXTOPSONG-26FEB21-GOL,Golden,0.0,0.84,0.01,0.01,,300,0,300,2812.0,1,2026-02-16 03:59:00+00:00,142.74,0.0,0.0,0.0,0.0,0.0,0.0,1.0,0.0,10
Entertainment,KXBILLBOARDRUNNERUPALBUM-26FEB21,"Billboard 200 #2 on Feb 21, 2026 chart?",KXBILLBOARDRUNNERUPALBUM-26FEB21-THE,The Art Of Loving,0.04,0.12,0.08,0.12,0.08,252,252,252,2723.76,1,2026-02-16 03:59:00+00:00,142.74,0.0,0.0,0.0,0.0,0.0,0.0,1.0,0.0,10
Entertainment,KXALBUMSALES-FAL,"How many album sales will J. Cole's ''The Fall-Off' have on the chart dated Feb 12, 2026?",KXALBUMSALES-FAL-200000,"At least 200,000 albums",0.08,0.2,0.14,0.2,0.12,91956,18428,46116,2642.58,1,2026-02-13 04:59:00+00:00,71.74,0.083333,0.3,0.181818,-0.142174,0.526316,0.304816,0.476,1.234727,24
Entertainment,KXRT-CRI,"""Crime 101"" Rotten Tomatoes score?",KXRT-CRI-90,Above 90,0.21,0.24,0.225,0.2,0.03,5316,97,3542,2440.72,1,2026-02-16 15:00:00+00:00,153.75,-0.421053,-0.388889,-0.352941,-0.137662,0.45,0.171983,1.7598,0.541547,21
Entertainment,KXBILLBOARDRUNNERUPALBUM-26FEB21,"Billboard 200 #2 on Feb 21, 2026 chart?",KXBILLBOARDRUNNERUPALBUM-26FEB21-IMT,I'm The Problem,0.01,0.13,0.07,0.13,0.12,7,0,7,2405.25,1,2026-02-16 03:59:00+00:00,142.74,0.0,0.0,0.0,-0.0,0.0,0.0,1.0,0.0,4
Entertainment,KXTOPSONG-26FEB21,"Billboard Hot 100 #1 on Feb 21, 2026 chart?",KXTOPSONG-26FEB21-MAN,Man I Need,0.01,0.39,0.2,0.39,0.38,10,10,10,2196.12,1,2026-02-16 03:59:00+00:00,142.74,0.0,0.0,0.0,0.0,0.0,0.0,1.0,0.0,10
Entertainment,KXRT-CRI,"""Crime 101"" Rotten Tomatoes score?",KXRT-CRI-65,Above 65,0.86,0.97,0.915,0.96,0.11,418,323,418,1742.29,1,2026-02-16 15:00:00+00:00,153.75,0.0,0.0,0.0,0.0,0.0,0.0,1.0,0.0,10
Entertainment,KXALBUMSALES-FAL,"How many album sales will J. Cole's ''The Fall-Off' have on the chart dated Feb 12, 2026?",KXALBUMSALES-FAL-25000,"At least 25,000 albums",0.89,0.98,0.935,0.98,0.09,768,170,596,1637.89,1,2026-02-13 04:59:00+00:00,71.74,0.0,0.0,0.0,-0.0,0.0,0.0,1.0,0.0,5
Entertainment,KXRANKLISTSONGTOP10-26FEB14,"Which songs will be in the top 10 on the Billboard Hot 100 chart for the week of February 14, 2026?",KXRANKLISTSONGTOP10-26FEB14-SOE,So Easy (To Fall In Love),0.04,0.95,0.495,0.96,0.91,475,460,475,1619.94,1,2026-02-14 15:00:00+00:00,105.75,0.5,0.5,-0.943396,-2.143281,0.984615,1.321263,0.141,3.652605,23
Entertainment,KXALBUMSALES-WUT,"How many album sales will Charlie xcx's 'Wuthering Heights' have on the chart dated Feb 19, 2026?",KXALBUMSALES-WUT-10000,"At least 10,000 albums",0.76,0.79,0.775,0.75,0.03,489,0,489,1519.17,1,2026-02-20 04:59:00+00:00,239.74,0.0,0.112676,0.112676,1.036364,0.0,0.0294,1.2276,0.121027,11
Entertainment,KXRT-CRI,"""Crime 101"" Rotten Tomatoes score?",KXRT-CRI-70,Above 70,0.78,0.97,0.875,0.84,0.19,939,0,939,1514.35,1,2026-02-16 15:00:00+00:00,153.75,0.0,0.0,0.0,0.0,0.0,0.0,1.0,0.0,13
Entertainment,KXALBUMSALES-WUT,"How many album sales will Charlie xcx's 'Wuthering Heights' have on the chart dated Feb 19, 2026?",KXALBUMSALES-WUT-45000,"At least 45,000 albums",0.12,0.25,0.185,0.16,0.13,12,0,12,1345.7,1,2026-02-20 04:59:00+00:00,239.74,-0.32,-0.291667,-0.291667,-0.52381,0.32,0.115306,1.0694,0.344086,8
Entertainment,KXALBUMSALES-WUT,"How many album sales will Charlie xcx's 'Wuthering Heights' have on the chart dated Feb 19, 2026?",KXALBUMSALES-WUT-50000,"At least 50,000 albums",0.12,0.19,0.155,0.14,0.07,50,0,50,1203.3,1,2026-02-20 04:59:00+00:00,239.74,0.052632,0.052632,0.052632,0.083333,0.0,0.018417,1.065,0.20915,8
Entertainment,KXALBUMSALES-WUT,"How many album sales will Charlie xcx's 'Wuthering Heights' have on the chart dated Feb 19, 2026?",KXALBUMSALES-WUT-55000,"At least 55,000 albums",0.04,0.16,0.1,0.1,0.12,15,0,15,1145.25,1,2026-02-20 04:59:00+00:00,239.74,0.0,0.0,0.0,0.0,0.0,0.0,1.0,0.0,7
Entertainment,KXALBUMSALES-FAL,"How many album sales will J. Cole's ''The Fall-Off' have on the chart dated Feb 12, 2026?",KXALBUMSALES-FAL-10000,"At least 10,000 albums",0.01,1.0,0.505,0.96,0.99,150,125,125,990.0,1,2026-02-13 04:59:00+00:00,71.74,0.031915,0.043011,0.043011,0.263636,0.0,0.009758,1.2059,0.064078,11
Entertainment,KXRANKLISTSONGBBH100-26FEB14,"Which songs will be on the Billboard Hot 100 chart for the week of February 14, 2026?",KXRANKLISTSONGBBH100-26FEB14-FAT,Father Figure,0.0,1.0,0.51,0.51,,8,0,8,0.0,1,2026-02-14 15:00:00+00:00,105.75,0.0,0.0,0.0,0.0,0.0,0.0,1.0,0.0,7
Politics,KXCPICOMBO-26JAN,January 2026 CPI Combo: CPI & CPI (YoY),KXCPICOMBO-26JAN-0024,"CPI: Above 0.0%, YOYCPI: Above 2.4%",0.46,0.6,0.53,0.5,0.14,10706,19,8502,56295.85,1,2026-02-11 15:00:00+00:00,33.75,-0.012048,0.822222,0.822222,1.821078,0.132075,0.138396,1.4748,0.739977,17
Politics,KXCPICOMBO-26JAN,January 2026 CPI Combo: CPI & CPI (YoY),KXCPICOMBO-26JAN-0123,"CPI: Above -0.1%, YOYCPI: Above 2.3%",0.75,0.77,0.76,0.75,0.02,10757,26,5662,53696.19,1,2026-02-11 15:00:00+00:00,33.75,-0.243902,-0.173333,-0.173333,0.167033,0.243902,0.071498,1.4493,0.261194,14
Politics,KXDHSFUND,When will DHS be funded again?,KXDHSFUND-26FEB13,"Before Feb 13, 2026",0.04,0.05,0.045,0.04,0.01,17141,14295,15982,47576.46,1,2026-02-13 15:00:00+00:00,81.75,0.375,0.571429,0.571429,0.163158,0.2,0.153878,1.6362,0.904762,19
Politics,KXCPICOMBO-26JAN,January 2026 CPI Combo: CPI & CPI (YoY),KXCPICOMBO-26JAN-0224,"CPI: Above 0.2%, YOYCPI: Above 2.4%",0.3,0.49,0.395,0.54,0.19,21177,31,12763,39666.76,1,2026-02-11 15:00:00+00:00,33.75,-0.068182,-0.068182,-0.163265,-0.542857,0.163265,0.034561,0.7352,0.174184,14
Politics,KXCPICOMBO-26JAN,January 2026 CPI Combo: CPI & CPI (YoY),KXCPICOMBO-26JAN-0125,"CPI: Above 0.1%, YOYCPI: Above 2.5%",0.24,0.38,0.31,0.28,0.14,10711,2119,8339,25669.88,1,2026-02-11 15:00:00+00:00,33.75,0.2,0.2,0.2,0.142857,0.0,0.053294,1.3986,0.197183,14
Politics,KXCPICOMBO-26JAN,January 2026 CPI Combo: CPI & CPI (YoY),KXCPICOMBO-26JAN-01226,"CPI: Above 0.2%, YOYCPI: Above 2.6%",0.07,0.1,0.085,0.1,0.03,7943,11,6949,24997.39,1,2026-02-11 15:00:00+00:00,33.75,0.0,-0.125,-0.695652,-1.454076,0.730769,0.152997,0.3045,1.290566,18
Politics,KXDHSFUND,When will DHS be funded again?,KXDHSFUND-26FEB14,"Before Feb 14, 2026",0.25,0.28,0.265,0.3,0.03,11335,9130,7467,14302.8,1,2026-02-14 15:00:00+00:00,105.75,-0.142857,0.071429,0.034483,0.042312,0.142857,0.066159,1.652,0.349515,18
Politics,KXDHSFUND,When will DHS be funded again?,KXDHSFUND-26FEB15,"Before Feb 15, 2026",0.27,0.31,0.29,0.31,0.04,2809,2418,2259,13619.53,1,2026-02-15 15:00:00+00:00,129.75,-0.157895,-0.085714,-0.111111,0.191176,0.529412,0.342082,1.618,1.133333,17
Politics,KXDHSFUNDING,When will DHS receive full-year funding?,KXDHSFUNDING-26FEB14,"Before Feb 14, 2026",0.04,0.08,0.06,0.07,0.04,76707,31781,63335,11657.64,1,2026-02-14 15:00:00+00:00,105.75,-0.25,0.0,-0.25,-0.031169,0.5,0.217147,1.3613,0.575342,21
Politics,KXDHSFUND,When will DHS be funded again?,KXDHSFUND-26FEB17,"Before Feb 17, 2026",0.35,0.37,0.36,0.34,0.02,6948,4979,5149,10019.42,1,2026-02-17 15:00:00+00:00,177.75,0.025,0.078947,0.108108,0.198246,0.157895,0.096187,1.7179,0.34116,19
Politics,KXNURSESTRIKE-26,When will the NYC nurse strike end?,KXNURSESTRIKE-26-FEB15,"Before Feb 15, 2026",0.26,0.49,0.375,0.5,0.23,27613,1919,13934,8786.95,1,2026-02-15 04:59:00+00:00,119.74,-0.057971,-0.133333,0.083333,0.295455,0.683333,0.608223,0.4799,1.600296,23
Politics,KXDHSFUND,When will DHS be funded again?,KXDHSFUND-26FEB16,"Before Feb 16, 2026",0.25,0.3,0.275,0.13,0.05,3051,2828,2442,6735.43,1,2026-02-16 15:00:00+00:00,153.75,0.0,0.264706,0.228571,0.220846,0.114286,0.075738,1.5932,0.766562,18
Politics,KXSCOTUSVRARELEASE,When will the Supreme Court issue an opinion on the Voting Rights Act?,KXSCOTUSVRARELEASE-26FEB13,"Before Feb 13, 2026",0.01,0.03,0.02,0.01,0.02,356,10,262,4311.55,1,2026-02-13 04:59:00+00:00,71.74,-0.333333,-0.333333,-0.333333,-0.038462,0.333333,0.095827,1.2964,0.342857,12
Politics,KXPOILIEVREOUT-26FEB15,Pierre Poilievre out as Conservative Party leader?,KXPOILIEVREOUT-26FEB15,"Before Feb 15, 2026",0.0,0.01,0.01,0.01,,4169,0,1505,3438.22,1,2026-02-15 04:59:00+00:00,119.74,0.0,0.0,0.0,0.0,0.0,0.0,1.0,0.0,12
Politics,KXVOTEBONDIIMPEACH,Will the House vote on any resolution impeaching Pam Bondi?,KXVOTEBONDIIMPEACH-26-FEB13,"Before Feb 13, 2026",0.01,0.02,0.015,0.01,0.01,9559,122,5506,1543.1,1,2026-02-13 15:00:00+00:00,81.75,0.0,0.0,0.0,0.0,0.0,0.0,1.0,0.0,7
Sports,KXNBAGAME-26FEB05GSWPHX,Golden State at Phoenix,KXNBAGAME-26FEB05GSWPHX-PHX,Phoenix,0.65,0.66,0.655,0.66,0.01,387812,359453,354245,4971557.54,1,2026-02-20 03:00:00+00:00,237.75,,,,,,,,,0
Sports,KXNBAGAME-26FEB05GSWPHX,Golden State at Phoenix,KXNBAGAME-26FEB05GSWPHX-GSW,Golden State,0.34,0.35,0.345,0.35,0.01,186045,148862,171116,4473548.86,1,2026-02-20 03:00:00+00:00,237.75,,,,,,,,,0
Sports,KXNBAGAME-26FEB05PHILAL,Philadelphia at Los Angeles L,KXNBAGAME-26FEB05PHILAL-LAL,Los Angeles L,0.56,0.57,0.565,0.57,0.01,541291,467448,501315,4347494.45,1,2026-02-20 03:00:00+00:00,237.75,,,,,,,,,0
Sports,KXNBAGAME-26FEB05PHILAL,Philadelphia at Los Angeles L,KXNBAGAME-26FEB05PHILAL-PHI,Philadelphia,0.44,0.45,0.445,0.45,0.01,478612,435200,462220,4299527.66,1,2026-02-20 03:00:00+00:00,237.75,,,,,,,,,0
Sports,KXNHLGAME-26FEB05LAVGK,Los Angeles at Vegas,KXNHLGAME-26FEB05LAVGK-VGK,VGK Golden Knights,0.56,0.57,0.565,0.57,0.01,149433,137959,144248,3299900.67,1,2026-02-20 03:00:00+00:00,237.75,,,,,,,,,0
Sports,KXNCAAMBGAME-26FEB05UCSBUCD,UC Santa Barbara at UC Davis,KXNCAAMBGAME-26FEB05UCSBUCD-UCSB,UC Santa Barbara,0.4,0.42,0.41,0.41,0.02,83175,74958,63629,3124189.21,1,2026-02-20 02:00:00+00:00,236.75,,,,,,,,,0
Sports,KXNCAAMBGAME-26FEB05UCSBUCD,UC Santa Barbara at UC Davis,KXNCAAMBGAME-26FEB05UCSBUCD-UCD,UC Davis,0.58,0.6,0.59,0.6,0.02,75666,52989,60841,3121696.48,1,2026-02-20 02:00:00+00:00,236.75,,,,,,,,,0
Sports,KXNHLGAME-26FEB05LAVGK,Los Angeles at Vegas,KXNHLGAME-26FEB05LAVGK-LA,LA Kings,0.44,0.45,0.445,0.45,0.01,96129,91315,94864,3074789.14,1,2026-02-20 03:00:00+00:00,237.75,,,,,,,,,0
Sports,KXNBAGAME-26FEB05SASDAL,San Antonio at Dallas,KXNBAGAME-26FEB05SASDAL-SAS,San Antonio,0.88,0.9,0.89,0.89,0.02,991576,961918,756875,2935862.83,1,2026-02-20 01:30:00+00:00,236.25,,,,,,,,,0
Sports,KXNBASPREAD-26FEB05SASDAL,San Antonio at Dallas: Spread,KXNBASPREAD-26FEB05SASDAL-DAL10,Dallas wins by over 10.5 Points,0.02,0.04,0.03,0.03,0.02,1569,1569,1544,2859099.67,1,2026-02-20 01:30:00+00:00,236.25,,,,,,,,,0
Sports,KXNBAGAME-26FEB05CHAHOU,Charlotte at Houston,KXNBAGAME-26FEB05CHAHOU-CHA,Charlotte,0.83,0.84,0.835,0.84,0.01,1476742,1392812,1105567,2775733.99,1,2026-02-20 01:00:00+00:00,235.75,,,,,,,,,0
Sports,KXNBAGAME-26FEB05CHAHOU,Charlotte at Houston,KXNBAGAME-26FEB05CHAHOU-HOU,Houston,0.15,0.17,0.16,0.17,0.02,2515103,2290559,1958771,2754173.38,1,2026-02-20 01:00:00+00:00,235.75,,,,,,,,,0
Sports,KXNCAAMBSPREAD-26FEB05MEMUAB,Memphis at UAB: Spread,KXNCAAMBSPREAD-26FEB05MEMUAB-UAB16,UAB wins by over 16.5 Points,0.02,0.06,0.04,0.02,0.04,750,65,750,2753966.39,1,2026-02-20 02:00:00+00:00,236.75,,,,,,,,,0
Sports,KXNBASPREAD-26FEB05PHILAL,Philadelphia at Los Angeles L: Spread,KXNBASPREAD-26FEB05PHILAL-PHI11,Philadelphia wins by over 11.5 Points,0.14,0.16,0.15,0.16,0.02,284,271,244,2681114.26,1,2026-02-20 03:00:00+00:00,237.75,,,,,,,,,0
Sports,KXNBASPREAD-26FEB05GSWPHX,Golden State at Phoenix: Spread,KXNBASPREAD-26FEB05GSWPHX-GSW9,Golden State wins by over 9.5 Points,0.12,0.15,0.135,0.15,0.03,602,402,602,2680473.94,1,2026-02-20 03:00:00+00:00,237.75,,,,,,,,,0
Sports,KXNBASPREAD-26FEB05PHILAL,Philadelphia at Los Angeles L: Spread,KXNBASPREAD-26FEB05PHILAL-LAL19,Los Angeles L wins by over 19.5 Points,0.07,0.1,0.085,0.07,0.03,3385,3182,3305,2679026.78,1,2026-02-20 03:00:00+00:00,237.75,,,,,,,,,0
Sports,KXNBASPREAD-26FEB05GSWPHX,Golden State at Phoenix: Spread,KXNBASPREAD-26FEB05GSWPHX-PHX21,Phoenix wins by over 21.5 Points,0.1,0.12,0.11,0.12,0.02,2022,1822,2022,2676975.78,1,2026-02-20 03:00:00+00:00,237.75,,,,,,,,,0
Sports,KXNBAGAME-26FEB05SASDAL,San Antonio at Dallas,KXNBAGAME-26FEB05SASDAL-DAL,Dallas,0.1,0.11,0.105,0.1,0.01,608481,578713,494532,2654145.43,1,2026-02-20 01:30:00+00:00,236.25,,,,,,,,,0
Sports,KXNCAAWBGAME-26FEB05LSUTEX,LSU at Texas,KXNCAAWBGAME-26FEB05LSUTEX-LSU,LSU,0.42,0.45,0.435,0.41,0.03,35167,31221,33117,2615922.6,1,2026-02-20 02:00:00+00:00,236.75,,,,,,,,,0
Sports,KXNCAAWBGAME-26FEB05LSUTEX,LSU at Texas,KXNCAAWBGAME-26FEB05LSUTEX-TEX,Texas,0.54,0.56,0.55,0.56,0.02,17163,13428,15853,2613065.99,1,2026-02-20 02:00:00+00:00,236.75,,,,,,,,,0
Sports,KXNBASPREAD-26FEB05GSWPHX,Golden State at Phoenix: Spread,KXNBASPREAD-26FEB05GSWPHX-PHX6,Phoenix wins by over 6.5 Points,0.46,0.47,0.465,0.47,0.01,200699,188779,169355,2456877.82,1,2026-02-20 03:00:00+00:00,237.75,,,,,,,,,0
Sports,KXNCAAMBSPREAD-26FEB05MEMUAB,Memphis at UAB: Spread,KXNCAAMBSPREAD-26FEB05MEMUAB-UAB13,UAB wins by over 13.5 Points,0.02,0.06,0.04,0.03,0.04,1157,1157,865,2436270.48,1,2026-02-20 02:00:00+00:00,236.75,,,,,,,,,0
Sports,KXNCAAWBGAME-26FEB05OSUWASH,Ohio St. at Washington,KXNCAAWBGAME-26FEB05OSUWASH-OSU,Ohio St.,0.64,0.66,0.65,0.66,0.02,4284,4001,3460,2403394.93,1,2026-02-20 02:00:00+00:00,236.75,,,,,,,,,0
Sports,KXNCAAWBGAME-26FEB05OSUWASH,Ohio St. at Washington,KXNCAAWBGAME-26FEB05OSUWASH-WASH,Washington,0.32,0.35,0.335,0.35,0.03,5901,4342,4764,2402465.1,1,2026-02-20 02:00:00+00:00,236.75,,,,,,,,,0
Sports,KXNBASPREAD-26FEB05SASDAL,San Antonio at Dallas: Spread,KXNBASPREAD-26FEB05SASDAL-DAL7,Dallas wins by over 7.5 Points,0.03,0.04,0.035,0.03,0.01,611,611,597,2335605.62,1,2026-02-20 01:30:00+00:00,236.25,,,,,,,,,0
Sports,KXNBASPREAD-26FEB05PHILAL,Philadelphia at Los Angeles L: Spread,KXNBASPREAD-26FEB05PHILAL-PHI8,Philadelphia wins by over 8.5 Points,0.21,0.22,0.215,0.24,0.01,588,588,586,2332419.76,1,2026-02-20 03:00:00+00:00,237.75,,,,,,,,,0
Sports,KXNBASPREAD-26FEB05PHILAL,Philadelphia at Los Angeles L: Spread,KXNBASPREAD-26FEB05PHILAL-LAL16,Los Angeles L wins by over 16.5 Points,0.11,0.13,0.12,0.14,0.02,100,0,100,2331692.29,1,2026-02-20 03:00:00+00:00,237.75,,,,,,,,,0
Sports,KXNBASPREAD-26FEB05GSWPHX,Golden State at Phoenix: Spread,KXNBASPREAD-26FEB05GSWPHX-GSW6,Golden State wins by over 6.5 Points,0.18,0.2,0.19,0.21,0.02,356,356,323,2329920.99,1,2026-02-20 03:00:00+00:00,237.75,,,,,,,,,0
Sports,KXNBASPREAD-26FEB05GSWPHX,Golden State at Phoenix: Spread,KXNBASPREAD-26FEB05GSWPHX-PHX18,Phoenix wins by over 18.5 Points,0.15,0.17,0.16,0.13,0.02,3187,3187,3183,2329587.27,1,2026-02-20 03:00:00+00:00,237.75,,,,,,,,,0
Sports,KXNBASPREAD-26FEB05SASDAL,San Antonio at Dallas: Spread,KXNBASPREAD-26FEB05SASDAL-SAS20,San Antonio wins by over 20.5 Points,0.21,0.22,0.215,0.19,0.01,2798,2798,2794,2313447.02,1,2026-02-20 01:30:00+00:00,236.25,,,,,,,,,0
Sports,KXNCAAMBGAME-26FEB05MEMUAB,Memphis at UAB,KXNCAAMBGAME-26FEB05MEMUAB-MEM,Memphis,0.67,0.68,0.675,0.68,0.01,212772,200838,161418,2309834.18,1,2026-02-20 02:00:00+00:00,236.75,,,,,,,,,0
Sports,KXNCAAMBGAME-26FEB05MEMUAB,Memphis at UAB,KXNCAAMBGAME-26FEB05MEMUAB-UAB,UAB,0.29,0.3,0.295,0.3,0.01,263558,246926,215568,2302626.02,1,2026-02-20 02:00:00+00:00,236.75,,,,,,,,,0
Sports,KXNBASPREAD-26FEB05PHILAL,Philadelphia at Los Angeles L: Spread,KXNBASPREAD-26FEB05PHILAL-LAL1,Los Angeles L wins by over 1.5 Points,0.53,0.54,0.535,0.54,0.01,100060,79827,71301,2289160.11,1,2026-02-20 03:00:00+00:00,237.75,,,,,,,,,0
Sports,KXNCAAMBGAME-26FEB05CSNCP,Cal State Northridge at Cal Poly,KXNCAAMBGAME-26FEB05CSNCP-CSN,Cal State Northridge,0.56,0.57,0.565,0.57,0.01,17548,10979,17431,2246886.02,1,2026-02-20 03:00:00+00:00,237.75,,,,,,,,,0
Sports,KXNCAAMBGAME-26FEB05CSNCP,Cal State Northridge at Cal Poly,KXNCAAMBGAME-26FEB05CSNCP-CP,Cal Poly,0.44,0.45,0.445,0.45,0.01,6382,5838,6282,2242233.97,1,2026-02-20 03:00:00+00:00,237.75,,,,,,,,,0
Sports,KXNBASPREAD-26FEB05PHILAL,Philadelphia at Los Angeles L: Spread,KXNBASPREAD-26FEB05PHILAL-LAL4,Los Angeles L wins by over 4.5 Points,0.41,0.43,0.42,0.43,0.02,156572,150341,120098,2212364.23,1,2026-02-20 03:00:00+00:00,237.75,,,,,,,,,0
Sports,KXNBASPREAD-26FEB05GSWPHX,Golden State at Phoenix: Spread,KXNBASPREAD-26FEB05GSWPHX-PHX3,Phoenix wins by over 3.5 Points,0.58,0.59,0.585,0.59,0.01,42883,38958,42178,2157665.57,1,2026-02-20 03:00:00+00:00,237.75,,,,,,,,,0
Sports,KXNCAAMBSPREAD-26FEB05MEMUAB,Memphis at UAB: Spread,KXNCAAMBSPREAD-26FEB05MEMUAB-UAB10,UAB wins by over 10.5 Points,0.04,0.1,0.07,0.05,0.06,254,254,254,2117983.15,1,2026-02-20 02:00:00+00:00,236.75,,,,,,,,,0
Sports,KXNBASPREAD-26FEB05PHILAL,Philadelphia at Los Angeles L: Spread,KXNBASPREAD-26FEB05PHILAL-PHI2,Philadelphia wins by over 2.5 Points,0.38,0.4,0.39,0.4,0.02,2375,1847,2201,2043232.44,1,2026-02-20 03:00:00+00:00,237.75,,,,,,,,,0
Sports,KXNBASPREAD-26FEB05PHILAL,Philadelphia at Los Angeles L: Spread,KXNBASPREAD-26FEB05PHILAL-LAL7,Los Angeles L wins by over 7.5 Points,0.3,0.35,0.325,0.3,0.05,7094,7094,6067,2032873.27,1,2026-02-20 03:00:00+00:00,237.75,,,,,,,,,0
Sports,KXNBASPREAD-26FEB05GSWPHX,Golden State at Phoenix: Spread,KXNBASPREAD-26FEB05GSWPHX-PHX9,Phoenix wins by over 9.5 Points,0.35,0.38,0.365,0.38,0.03,5184,4972,5021,2028246.97,1,2026-02-20 03:00:00+00:00,237.75,,,,,,,,,0
Sports,KXNBASPREAD-26FEB05PHILAL,Philadelphia at Los Angeles L: Spread,KXNBASPREAD-26FEB05PHILAL-LAL10,Los Angeles L wins by over 10.5 Points,0.23,0.26,0.245,0.23,0.03,1746,980,1746,2005942.21,1,2026-02-20 03:00:00+00:00,237.75,,,,,,,,,0
Sports,KXNBASPREAD-26FEB05GSWPHX,Golden State at Phoenix: Spread,KXNBASPREAD-26FEB05GSWPHX-PHX12,Phoenix wins by over 12.5 Points,0.29,0.3,0.295,0.3,0.01,2098,2098,2093,2004358.11,1,2026-02-20 03:00:00+00:00,237.75,,,,,,,,,0
Sports,KXNCAAMBGAME-26FEB05OSUMD,Ohio St. at Maryland,KXNCAAMBGAME-26FEB05OSUMD-OSU,Ohio St.,0.92,0.93,0.925,0.93,0.01,300319,293604,263661,1974952.2,1,2026-02-20 01:30:00+00:00,236.25,,,,,,,,,0
Sports,KXNCAAMBGAME-26FEB05OSUMD,Ohio St. at Maryland,KXNCAAMBGAME-26FEB05OSUMD-MD,Maryland,0.07,0.08,0.075,0.07,0.01,262144,257997,204930,1971255.47,1,2026-02-20 01:30:00+00:00,236.25,,,,,,,,,0
Sports,KXNCAAMBGAME-26FEB05UCRVCSF,UC Riverside at Cal State Fullerton,KXNCAAMBGAME-26FEB05UCRVCSF-UCRV,UC Riverside,0.29,0.3,0.295,0.3,0.01,1669,1650,1642,1968710.15,1,2026-02-20 03:00:00+00:00,237.75,,,,,,,,,0
Sports,KXNCAAMBGAME-26FEB05UCRVCSF,UC Riverside at Cal State Fullerton,KXNCAAMBGAME-26FEB05UCRVCSF-CSF,Cal State Fullerton,0.7,0.71,0.705,0.71,0.01,14069,14055,3248,1967889.17,1,2026-02-20 03:00:00+00:00,237.75,,,,,,,,,0
Sports,KXNCAAMBSPREAD-26FEB05IDHOMTST,Idaho at Montana St.: Spread,KXNCAAMBSPREAD-26FEB05IDHOMTST-IDHO12,Idaho wins by over 12.5 Points,0.02,0.06,0.04,0.02,0.04,117,97,117,1848748.84,1,2026-02-20 02:00:00+00:00,236.75,,,,,,,,,0
Sports,KXNCAAMBGAME-26FEB06LCHIDAV,Loyola Chicago at Davidson,KXNCAAMBGAME-26FEB06LCHIDAV-LCHI,Loyola Chicago,0.12,0.13,0.125,0.13,0.01,1901,1175,1807,1845866.06,1,2026-02-20 23:00:00+00:00,257.75,,,,,,,,,0
Sports,KXNCAAMBGAME-26FEB06LCHIDAV,Loyola Chicago at Davidson,KXNCAAMBGAME-26FEB06LCHIDAV-DAV,Davidson,0.86,0.87,0.865,0.87,0.01,10879,10878,8937,1844246.04,1,2026-02-20 23:00:00+00:00,257.75,,,,,,,,,0
Sports,KXNCAAMBSPREAD-26FEB05MEMUAB,Memphis at UAB: Spread,KXNCAAMBSPREAD-26FEB05MEMUAB-UAB7,UAB wins by over 7.5 Points,0.08,0.13,0.105,0.06,0.05,4953,4953,3302,1835084.3,1,2026-02-20 02:00:00+00:00,236.75,,,,,,,,,0
Sports,KXNBASPREAD-26FEB05SASDAL,San Antonio at Dallas: Spread,KXNBASPREAD-26FEB05SASDAL-DAL4,Dallas wins by over 4.5 Points,0.05,0.06,0.055,0.06,0.01,2208,1775,1978,1829302.56,1,2026-02-20 01:30:00+00:00,236.25,,,,,,,,,0
Sports,KXNBATOTAL-26FEB05GSWPHX,Golden State at Phoenix: Total Points,KXNBATOTAL-26FEB05GSWPHX-214,Over 214.5 points scored,0.47,0.48,0.475,0.48,0.01,155377,128948,119226,1805651.65,1,2026-02-20 03:00:00+00:00,237.75,,,,,,,,,0
Sports,KXNBATOTAL-26FEB05PHILAL,Philadelphia at Los Angeles L: Total Points,KXNBATOTAL-26FEB05PHILAL-235,Over 235.5 points scored,0.51,0.52,0.515,0.51,0.01,57454,54488,42004,1802800.51,1,2026-02-20 03:00:00+00:00,237.75,,,,,,,,,0
Sports,KXNBASPREAD-26FEB05PHILAL,Philadelphia at Los Angeles L: Spread,KXNBASPREAD-26FEB05PHILAL-LAL13,Los Angeles L wins by over 13.5 Points,0.15,0.18,0.165,0.2,0.03,1051,1012,782,1785376.24,1,2026-02-20 03:00:00+00:00,237.75,,,,,,,,,0
Sports,KXNBASPREAD-26FEB05PHILAL,Philadelphia at Los Angeles L: Spread,KXNBASPREAD-26FEB05PHILAL-PHI5,Philadelphia wins by over 5.5 Points,0.29,0.32,0.305,0.32,0.03,1193,869,776,1784320.12,1,2026-02-20 03:00:00+00:00,237.75,,,,,,,,,0
Sports,KXNBASPREAD-26FEB05GSWPHX,Golden State at Phoenix: Spread,KXNBASPREAD-26FEB05GSWPHX-PHX15,Phoenix wins by over 15.5 Points,0.21,0.23,0.22,0.24,0.02,11485,11485,9489,1783827.46,1,2026-02-20 03:00:00+00:00,237.75,,,,,,,,,0
Sports,KXNBASPREAD-26FEB05GSWPHX,Golden State at Phoenix: Spread,KXNBASPREAD-26FEB05GSWPHX-GSW3,Golden State wins by over 3.5 Points,0.25,0.26,0.255,0.24,0.01,1279,1279,1141,1782433.5,1,2026-02-20 03:00:00+00:00,237.75,,,,,,,,,0
Sports,KXNCAAMBSPREAD-26FEB05UNCOWEB,Northern Colorado at Weber St.: Spread,KXNCAAMBSPREAD-26FEB05UNCOWEB-UNCO16,Northern Colorado wins by over 16.5 Points,0.08,0.16,0.12,0.36,0.08,784,784,781,1757403.81,1,2026-02-20 02:00:00+00:00,236.75,,,,,,,,,0
Sports,KXNBATOTAL-26FEB05SASDAL,San Antonio at Dallas: Total Points,KXNBATOTAL-26FEB05SASDAL-212,Over 212.5 points scored,0.96,1.0,0.98,0.99,0.04,868,868,868,1750766.42,1,2026-02-20 01:30:00+00:00,236.25,,,,,,,,,0
Sports,KXNCAAMBGAME-26JAN29SFPACHS,St. Francis (PA) at Chicago St.,KXNCAAMBGAME-26JAN29SFPACHS-SFPA,St. Francis (PA),0.43,0.49,0.46,0.49,0.06,7777,110,5359,1750103.27,1,2026-02-13 00:00:00+00:00,66.75,-0.916667,-0.977273,-0.978261,-1.485036,0.978723,0.261622,1.4379,1.452804,18
Sports,KXNCAAMBGAME-26JAN29SFPACHS,St. Francis (PA) at Chicago St.,KXNCAAMBGAME-26JAN29SFPACHS-CHS,Chicago St.,0.54,0.6,0.57,0.54,0.06,1953,15,856,1748395.68,1,2026-02-13 00:00:00+00:00,66.75,0.11236,0.677966,0.8,1.486068,0.067797,0.101139,1.4959,0.903285,18
Sports,KXNBATOTAL-26FEB05PHILAL,Philadelphia at Los Angeles L: Total Points,KXNBATOTAL-26FEB05PHILAL-217,Over 217.5 points scored,0.84,0.85,0.845,0.85,0.01,2507,2507,2507,1748158.64,1,2026-02-20 03:00:00+00:00,237.75,,,,,,,,,0
Sports,KXNCAAMBSPREAD-26FEB05UNCOWEB,Northern Colorado at Weber St.: Spread,KXNCAAMBSPREAD-26FEB05UNCOWEB-WEB14,Weber St. wins by over 14.5 Points,0.03,0.05,0.04,0.03,0.02,304,294,304,1734192.78,1,2026-02-20 02:00:00+00:00,236.75,,,,,,,,,0
Sports,KXNBATOTAL-26FEB05SASDAL,San Antonio at Dallas: Total Points,KXNBATOTAL-26FEB05SASDAL-209,Over 209.5 points scored,0.96,1.0,0.98,0.99,0.04,1343,1343,1143,1724993.73,1,2026-02-20 01:30:00+00:00,236.25,,,,,,,,,0
Sports,KXNBATOTAL-26FEB05SASDAL,San Antonio at Dallas: Total Points,KXNBATOTAL-26FEB05SASDAL-215,Over 215.5 points scored,0.96,1.0,0.98,0.99,0.04,1061,1061,930,1718808.45,1,2026-02-20 01:30:00+00:00,236.25,,,,,,,,,0
Sports,KXNBATOTAL-26FEB05GSWPHX,Golden State at Phoenix: Total Points,KXNBATOTAL-26FEB05GSWPHX-235,Over 235.5 points scored,0.12,0.14,0.13,0.13,0.02,1424,1362,1424,1712531.27,1,2026-02-20 03:00:00+00:00,237.75,,,,,,,,,0
Sports,KXNCAAMBSPREAD-26FEB05NAUIDST,Northern Arizona at Idaho St.: Spread,KXNCAAMBSPREAD-26FEB05NAUIDST-NAU7,Northern Arizona wins by over 7.5 Points,0.09,0.23,0.16,0.23,0.14,67,12,67,1692670.77,1,2026-02-20 02:00:00+00:00,236.75,,,,,,,,,0
Sports,KXNBATOTAL-26FEB05SASDAL,San Antonio at Dallas: Total Points,KXNBATOTAL-26FEB05SASDAL-218,Over 218.5 points scored,0.97,1.0,0.985,0.99,0.03,3124,2804,3086,1689062.55,1,2026-02-20 01:30:00+00:00,236.25,,,,,,,,,0
Sports,KXNBATOTAL-26FEB05PHILAL,Philadelphia at Los Angeles L: Total Points,KXNBATOTAL-26FEB05PHILAL-247,Over 247.5 points scored,0.27,0.28,0.275,0.28,0.01,1164,577,1164,1684038.24,1,2026-02-20 03:00:00+00:00,237.75,,,,,,,,,0
Sports,KXNBATOTAL-26FEB05GSWPHX,Golden State at Phoenix: Total Points,KXNBATOTAL-26FEB05GSWPHX-232,Over 232.5 points scored,0.14,0.17,0.155,0.18,0.03,21,21,21,1681248.89,1,2026-02-20 03:00:00+00:00,237.75,,,,,,,,,0
Sports,KXNBATOTAL-26FEB05SASDAL,San Antonio at Dallas: Total Points,KXNBATOTAL-26FEB05SASDAL-221,Over 221.5 points scored,0.96,0.99,0.975,0.99,0.03,2676,2676,2363,1673991.67,1,2026-02-20 01:30:00+00:00,236.25,,,,,,,,,0
Sports,KXNCAAMBSPREAD-26FEB05JVSTWKU,Jacksonville St. at Western Kentucky: Spread,KXNCAAMBSPREAD-26FEB05JVSTWKU-JVST9,Jacksonville St. wins by over 9.5 Points,0.03,0.11,0.07,0.1,0.08,30,30,30,1669941.6,1,2026-02-20 02:00:00+00:00,236.75,,,,,,,,,0
Sports,KXNCAAMBSPREAD-26FEB05TARLCBU,Tarleton St. at California Baptist: Spread,KXNCAAMBSPREAD-26FEB05TARLCBU-TARL2,Tarleton St. wins by over 2.5 Points,0.08,0.13,0.105,0.19,0.05,5,5,5,1665145.74,1,2026-02-20 03:00:00+00:00,237.75,,,,,,,,,0
Sports,KXNBATOTAL-26FEB05SASDAL,San Antonio at Dallas: Total Points,KXNBATOTAL-26FEB05SASDAL-224,Over 224.5 points scored,0.95,0.99,0.97,0.96,0.04,7503,6931,4643,1660040.08,1,2026-02-20 01:30:00+00:00,236.25,,,,,,,,,0
Sports,KXNBATOTAL-26FEB05SASDAL,San Antonio at Dallas: Total Points,KXNBATOTAL-26FEB05SASDAL-227,Over 227.5 points scored,0.94,0.97,0.955,0.94,0.03,25018,24103,17030,1658006.36,1,2026-02-20 01:30:00+00:00,236.25,,,,,,,,,0
Sports,KXNCAAWBGAME-26JAN31ARSTGASO,Arkansas St. at Georgia Southern,KXNCAAWBGAME-26JAN31ARSTGASO-ARST,Arkansas St.,0.38,0.53,0.455,0.42,0.15,22493,160,10936,1655329.88,1,2026-02-14 19:00:00+00:00,109.75,0.166667,0.0,0.02439,-0.254902,0.142857,0.060812,1.6253,0.147399,17
Sports,KXNCAAMBSPREAD-26FEB05EWUMONT,Eastern Washington at Montana: Spread,KXNCAAMBSPREAD-26FEB05EWUMONT-MONT21,Montana wins by over 21.5 Points,0.03,0.09,0.06,0.11,0.06,66,66,66,1650474.12,1,2026-02-20 02:00:00+00:00,236.75,,,,,,,,,0
Sports,KXNBATOTAL-26FEB05PHILAL,Philadelphia at Los Angeles L: Total Points,KXNBATOTAL-26FEB05PHILAL-244,Over 244.5 points scored,0.32,0.34,0.33,0.32,0.02,1454,1013,1454,1649262.16,1,2026-02-20 03:00:00+00:00,237.75,,,,,,,,,0
Sports,KXNBATOTAL-26FEB05SASDAL,San Antonio at Dallas: Total Points,KXNBATOTAL-26FEB05SASDAL-230,Over 230.5 points scored,0.85,0.95,0.9,0.94,0.1,141937,141830,103108,1646990.62,1,2026-02-20 01:30:00+00:00,236.25,,,,,,,,,0
Sports,KXNBATOTAL-26FEB05GSWPHX,Golden State at Phoenix: Total Points,KXNBATOTAL-26FEB05GSWPHX-217,Over 217.5 points scored,0.39,0.42,0.405,0.42,0.03,11116,11103,8860,1646132.4,1,2026-02-20 03:00:00+00:00,237.75,,,,,,,,,0
Sports,KXNBAGAME-26FEB05CHITOR,Chicago at Toronto,KXNBAGAME-26FEB05CHITOR-TOR,Toronto,0.99,1.0,0.995,0.99,0.01,1606695,1562704,1225658,1645587.9,1,2026-02-20 00:30:00+00:00,235.25,,,,,,,,,0
Sports,KXNBAGAME-26FEB05CHITOR,Chicago at Toronto,KXNBAGAME-26FEB05CHITOR-CHI,Chicago,0.0,0.01,0.01,0.01,,1781680,1739569,1137766,1643529.01,1,2026-02-20 00:30:00+00:00,235.25,,,,,,,,,0
Sports,KXNCAAWBGAME-26FEB05MISSALA,Ole Miss at Alabama,KXNCAAWBGAME-26FEB05MISSALA-ALA,Alabama,0.38,0.4,0.39,0.4,0.02,7838,7021,6651,1638021.99,1,2026-02-20 02:00:00+00:00,236.75,,,,,,,,,0
Sports,KXNCAAWBGAME-26FEB05MISSALA,Ole Miss at Alabama,KXNCAAWBGAME-26FEB05MISSALA-MISS,Ole Miss,0.58,0.61,0.595,0.56,0.03,7001,6156,6357,1635082.61,1,2026-02-20 02:00:00+00:00,236.75,,,,,,,,,0
Sports,KXNCAAWBGAME-26JAN31ARSTGASO,Arkansas St. at Georgia Southern,KXNCAAWBGAME-26JAN31ARSTGASO-GASO,Georgia Southern,0.46,0.6,0.53,0.56,0.14,4779,57,2238,1627696.9,1,2026-02-14 19:00:00+00:00,109.75,0.27451,-0.015152,0.0,0.301471,0.227273,0.108799,1.3353,0.24024,16
Sports,KXNCAAMBTOTAL-26FEB05LBSUUCSD,Long Beach St. at UC San Diego: Total Points,KXNCAAMBTOTAL-26FEB05LBSUUCSD-129,Over 129.5 points scored,0.79,0.9,0.845,0.99,0.11,2,2,2,1619945.81,1,2026-02-20 03:00:00+00:00,237.75,,,,,,,,,0
Sports,KXNBATOTAL-26FEB05PHILAL,Philadelphia at Los Angeles L: Total Points,KXNBATOTAL-26FEB05PHILAL-232,Over 232.5 points scored,0.58,0.61,0.595,0.61,0.03,31837,31732,26879,1618593.34,1,2026-02-20 03:00:00+00:00,237.75,,,,,,,,,0
Sports,KXNBATOTAL-26FEB05SASDAL,San Antonio at Dallas: Total Points,KXNBATOTAL-26FEB05SASDAL-233,Over 233.5 points scored,0.92,0.93,0.925,0.9,0.01,18673,18673,11792,1601026.03,1,2026-02-20 01:30:00+00:00,236.25,,,,,,,,,0
Sports,KXNBATOTAL-26FEB05PHILAL,Philadelphia at Los Angeles L: Total Points,KXNBATOTAL-26FEB05PHILAL-238,Over 238.5 points scored,0.44,0.45,0.445,0.46,0.01,2714,2102,2221,1593486.93,1,2026-02-20 03:00:00+00:00,237.75,,,,,,,,,0
Sports,KXNCAAMBSPREAD-26FEB05UCSBUCD,UC Santa Barbara at UC Davis: Spread,KXNCAAMBSPREAD-26FEB05UCSBUCD-UCD10,UC Davis wins by over 10.5 Points,0.07,0.36,0.215,0.17,0.29,54,54,54,1578150.82,1,2026-02-20 02:00:00+00:00,236.75,,,,,,,,,0
Sports,KXNBATOTAL-26FEB05PHILAL,Philadelphia at Los Angeles L: Total Points,KXNBATOTAL-26FEB05PHILAL-229,Over 229.5 points scored,0.64,0.65,0.645,0.65,0.01,4973,4936,4015,1574286.36,1,2026-02-20 03:00:00+00:00,237.75,,,,,,,,,0
Sports,KXNCAAMBSPREAD-26FEB05MEMUAB,Memphis at UAB: Spread,KXNCAAMBSPREAD-26FEB05MEMUAB-UAB4,UAB wins by over 4.5 Points,0.16,0.2,0.18,0.14,0.04,9391,9356,8681,1570881.99,1,2026-02-20 02:00:00+00:00,236.75,,,,,,,,,0
Sports,KXNBATOTAL-26FEB05GSWPHX,Golden State at Phoenix: Total Points,KXNBATOTAL-26FEB05GSWPHX-220,Over 220.5 points scored,0.32,0.36,0.34,0.32,0.04,3806,1617,3653,1565256.86,1,2026-02-20 03:00:00+00:00,237.75,,,,,,,,,0
Sports,KXNBATOTAL-26FEB05GSWPHX,Golden State at Phoenix: Total Points,KXNBATOTAL-26FEB05GSWPHX-211,Over 211.5 points scored,0.53,0.56,0.545,0.56,0.03,2139,1784,2117,1546460.49,1,2026-02-20 03:00:00+00:00,237.75,,,,,,,,,0
Sports,KXNCAAMBTOTAL-26FEB05JVSTWKU,Jacksonville St. at Western Kentucky: Total Points,KXNCAAMBTOTAL-26FEB05JVSTWKU-124,Over 124.5 points scored,0.73,0.84,0.785,0.71,0.11,100,100,100,1523129.12,1,2026-02-20 02:00:00+00:00,236.75,,,,,,,,,0
Sports,KXNCAAMBSPREAD-26FEB05LBSUUCSD,Long Beach St. at UC San Diego: Spread,KXNCAAMBSPREAD-26FEB05LBSUUCSD-UCSD21,UC San Diego wins by over 21.5 Points,0.15,0.21,0.18,0.19,0.06,3,3,3,1514783.62,1,2026-02-20 03:00:00+00:00,237.75,,,,,,,,,0
Sports,KXNCAAMBSPREAD-26FEB05CSNCP,Cal State Northridge at Cal Poly: Spread,KXNCAAMBSPREAD-26FEB05CSNCP-CSN13,Cal State Northridge wins by over 13.5 Points,0.15,0.18,0.165,0.18,0.03,746,746,746,1514233.9,1,2026-02-20 03:00:00+00:00,237.75,,,,,,,,,0
Sports,KXNCAAMBTOTAL-26FEB05IDHOMTST,Idaho at Montana St.: Total Points,KXNCAAMBTOTAL-26FEB05IDHOMTST-132,Over 132.5 points scored,0.7,0.79,0.745,0.54,0.09,59,59,59,1513508.85,1,2026-02-20 02:00:00+00:00,236.75,,,,,,,,,0
Sports,KXNCAAMBTOTAL-26FEB05CSNCP,Cal State Northridge at Cal Poly: Total Points,KXNCAAMBTOTAL-26FEB05CSNCP-192,Over 192.5 points scored,0.14,0.19,0.165,0.14,0.05,40,40,40,1510282.62,1,2026-02-20 03:00:00+00:00,237.75,,,,,,,,,0
Sports,KXNCAAMBSPREAD-26FEB05EWUMONT,Eastern Washington at Montana: Spread,KXNCAAMBSPREAD-26FEB05EWUMONT-EWU6,Eastern Washington wins by over 6.5 Points,0.03,0.14,0.085,0.22,0.11,200,200,200,1509228.88,1,2026-02-20 02:00:00+00:00,236.75,,,,,,,,,0
Sports,KXNCAAMBTOTAL-26FEB05MEMUAB,Memphis at UAB: Total Points,KXNCAAMBTOTAL-26FEB05MEMUAB-136,Over 136.5 points scored,0.9,0.99,0.945,0.72,0.09,60,60,60,1504041.28,1,2026-02-20 02:00:00+00:00,236.75,,,,,,,,,0
Sports,KXNCAAMBSPREAD-26FEB05UNCOWEB,Northern Colorado at Weber St.: Spread,KXNCAAMBSPREAD-26FEB05UNCOWEB-UNCO13,Northern Colorado wins by over 13.5 Points,0.17,0.25,0.21,0.25,0.08,2106,2008,1984,1496446.72,1,2026-02-20 02:00:00+00:00,236.75,,,,,,,,,0
Sports,KXNBATOTAL-26FEB05PHILAL,Philadelphia at Los Angeles L: Total Points,KXNBATOTAL-26FEB05PHILAL-226,Over 226.5 points scored,0.68,0.73,0.705,0.67,0.05,810,810,810,1495578.55,1,2026-02-20 03:00:00+00:00,237.75,,,,,,,,,0
Sports,KXNBATOTAL-26FEB05GSWPHX,Golden State at Phoenix: Total Points,KXNBATOTAL-26FEB05GSWPHX-223,Over 223.5 points scored,0.28,0.31,0.295,0.31,0.03,1308,1305,1308,1493920.51,1,2026-02-20 03:00:00+00:00,237.75,,,,,,,,,0
Sports,KXNCAAMBTOTAL-26FEB05CSNCP,Cal State Northridge at Cal Poly: Total Points,KXNCAAMBTOTAL-26FEB05CSNCP-189,Over 189.5 points scored,0.23,0.28,0.255,0.22,0.05,30,30,30,1491719.94,1,2026-02-20 03:00:00+00:00,237.75,,,,,,,,,0
Sports,KXNCAAMBSPREAD-26FEB05TARLCBU,Tarleton St. at California Baptist: Spread,KXNCAAMBSPREAD-26FEB05TARLCBU-CBU10,California Baptist wins by over 10.5 Points,0.5,0.52,0.51,0.52,0.02,15369,13811,13233,1490965.35,1,2026-02-20 03:00:00+00:00,237.75,,,,,,,,,0
Sports,KXNCAAMBSPREAD-26FEB05LBSUUCSD,Long Beach St. at UC San Diego: Spread,KXNCAAMBSPREAD-26FEB05LBSUUCSD-UCSD9,UC San Diego wins by over 9.5 Points,0.55,0.57,0.56,0.57,0.02,5100,4969,5024,1487301.54,1,2026-02-20 03:00:00+00:00,237.75,,,,,,,,,0
Sports,KXNCAAWBGAME-26FEB05LMUSMC,Loyola Marymount at Saint Mary's,KXNCAAWBGAME-26FEB05LMUSMC-SMC,Saint Mary's,0.2,0.43,0.315,0.45,0.23,26,16,22,1482606.54,1,2026-02-20 02:30:00+00:00,237.25,,,,,,,,,0
Sports,KXNCAAMBSPREAD-26FEB05CSNCP,Cal State Northridge at Cal Poly: Spread,KXNCAAMBSPREAD-26FEB05CSNCP-CSN1,Cal State Northridge wins by over 1.5 Points,0.5,0.53,0.515,0.5,0.03,14922,14443,12317,1480523.3,1,2026-02-20 03:00:00+00:00,237.75,,,,,,,,,0
Sports,KXNCAAWBGAME-26FEB05LMUSMC,Loyola Marymount at Saint Mary's,KXNCAAWBGAME-26FEB05LMUSMC-LMU,Loyola Marymount,0.57,0.81,0.69,0.81,0.24,4039,3436,4037,1479549.72,1,2026-02-20 02:30:00+00:00,237.25,,,,,,,,,0
Sports,KXNCAAMBSPREAD-26FEB05UNCOWEB,Northern Colorado at Weber St.: Spread,KXNCAAMBSPREAD-26FEB05UNCOWEB-WEB11,Weber St. wins by over 11.5 Points,0.04,0.06,0.05,0.14,0.02,569,569,569,1474579.3,1,2026-02-20 02:00:00+00:00,236.75,,,,,,,,,0
Sports,KXNCAAMBTOTAL-26FEB05CSBUCI,Cal State Bakersfield at UC Irvine: Total Points,KXNCAAMBTOTAL-26FEB05CSBUCI-145,Over 145.5 points scored,0.48,0.5,0.49,0.48,0.02,310,310,279,1460030.39,1,2026-02-20 03:00:00+00:00,237.75,,,,,,,,,0
Sports,KXNCAAMBTOTAL-26FEB05CSBUCI,Cal State Bakersfield at UC Irvine: Total Points,KXNCAAMBTOTAL-26FEB05CSBUCI-142,Over 142.5 points scored,0.55,0.58,0.565,0.57,0.03,10,10,10,1460028.44,1,2026-02-20 03:00:00+00:00,237.75,,,,,,,,,0
Sports,KXNCAAMBTOTAL-26FEB05UCRVCSF,UC Riverside at Cal State Fullerton: Total Points,KXNCAAMBTOTAL-26FEB05UCRVCSF-155,Over 155.5 points scored,0.5,0.51,0.505,0.5,0.01,1813,1813,1804,1457715.65,1,2026-02-20 03:00:00+00:00,237.75,,,,,,,,,0
Sports,KXNCAAMBTOTAL-26FEB05TARLCBU,Tarleton St. at California Baptist: Total Points,KXNCAAMBTOTAL-26FEB05TARLCBU-138,Over 138.5 points scored,0.48,0.51,0.495,0.49,0.03,4223,4205,4194,1455433.0,1,2026-02-20 03:00:00+00:00,237.75,,,,,,,,,0
Sports,KXNCAAMBTOTAL-26FEB05TARLCBU,Tarleton St. at California Baptist: Total Points,KXNCAAMBTOTAL-26FEB05TARLCBU-141,Over 141.5 points scored,0.4,0.43,0.415,0.41,0.03,1452,1452,1411,1448763.43,1,2026-02-20 03:00:00+00:00,237.75,,,,,,,,,0
Sports,KXNCAAMBTOTAL-26FEB05NAUIDST,Northern Arizona at Idaho St.: Total Points,KXNCAAMBTOTAL-26FEB05NAUIDST-128,Over 128.5 points scored,0.9,0.99,0.945,0.96,0.09,1,1,1,1448188.61,1,2026-02-20 02:00:00+00:00,236.75,,,,,,,,,0
Sports,KXNCAAMBTOTAL-26FEB05CSNCP,Cal State Northridge at Cal Poly: Total Points,KXNCAAMBTOTAL-26FEB05CSNCP-177,Over 177.5 points scored,0.5,0.52,0.51,0.5,0.02,13359,12993,11592,1445855.02,1,2026-02-20 03:00:00+00:00,237.75,,,,,,,,,0
Sports,KXNCAAMBTOTAL-26FEB05LBSUUCSD,Long Beach St. at UC San Diego: Total Points,KXNCAAMBTOTAL-26FEB05LBSUUCSD-144,Over 144.5 points scored,0.55,0.57,0.56,0.57,0.02,9571,9571,8687,1444042.4,1,2026-02-20 03:00:00+00:00,237.75,,,,,,,,,0
Sports,KXNCAAMBSPREAD-26FEB05JVSTWKU,Jacksonville St. at Western Kentucky: Spread,KXNCAAMBSPREAD-26FEB05JVSTWKU-JVST6,Jacksonville St. wins by over 6.5 Points,0.08,0.17,0.125,0.17,0.09,47,47,47,1443585.5,1,2026-02-20 02:00:00+00:00,236.75,,,,,,,,,0
Sports,KXNCAAMBTOTAL-26FEB05UNCOWEB,Northern Colorado at Weber St.: Total Points,KXNCAAMBTOTAL-26FEB05UNCOWEB-147,Over 147.5 points scored,0.8,0.91,0.855,0.77,0.11,93,93,93,1441428.33,1,2026-02-20 02:00:00+00:00,236.75,,,,,,,,,0
Sports,KXNCAAMBSPREAD-26FEB05IDHOMTST,Idaho at Montana St.: Spread,KXNCAAMBSPREAD-26FEB05IDHOMTST-MTST15,Montana St. wins by over 15.5 Points,0.14,0.22,0.18,0.37,0.08,1596,65,1596,1438435.51,1,2026-02-20 02:00:00+00:00,236.75,,,,,,,,,0
Sports,KXNCAAMBTOTAL-26FEB05LBSUUCSD,Long Beach St. at UC San Diego: Total Points,KXNCAAMBTOTAL-26FEB05LBSUUCSD-141,Over 141.5 points scored,0.61,0.64,0.625,0.64,0.03,140,140,140,1436742.5,1,2026-02-20 03:00:00+00:00,237.75,,,,,,,,,0
Sports,KXNCAAMBSPREAD-26FEB05NAUIDST,Northern Arizona at Idaho St.: Spread,KXNCAAMBSPREAD-26FEB05NAUIDST-NAU4,Northern Arizona wins by over 4.5 Points,0.23,0.34,0.285,0.34,0.11,47,0,47,1432784.92,1,2026-02-20 02:00:00+00:00,236.75,,,,,,,,,0
Sports,KXNCAAMBTOTAL-26FEB05LBSUUCSD,Long Beach St. at UC San Diego: Total Points,KXNCAAMBTOTAL-26FEB05LBSUUCSD-147,Over 147.5 points scored,0.46,0.49,0.475,0.49,0.03,92,54,92,1426661.93,1,2026-02-20 03:00:00+00:00,237.75,,,,,,,,,0
Sports,KXNCAAMBTOTAL-26FEB05CSBUCI,Cal State Bakersfield at UC Irvine: Total Points,KXNCAAMBTOTAL-26FEB05CSBUCI-148,Over 148.5 points scored,0.38,0.44,0.41,0.39,0.06,151,0,151,1426257.19,1,2026-02-20 03:00:00+00:00,237.75,,,,,,,,,0
Sports,KXNCAAMBTOTAL-26FEB05TARLCBU,Tarleton St. at California Baptist: Total Points,KXNCAAMBTOTAL-26FEB05TARLCBU-144,Over 144.5 points scored,0.33,0.37,0.35,0.34,0.04,12,12,12,1424644.06,1,2026-02-20 03:00:00+00:00,237.75,,,,,,,,,0
Sports,KXNCAAMBTOTAL-26FEB05CSNCP,Cal State Northridge at Cal Poly: Total Points,KXNCAAMBTOTAL-26FEB05CSNCP-174,Over 174.5 points scored,0.56,0.58,0.57,0.58,0.02,594,594,594,1424225.49,1,2026-02-20 03:00:00+00:00,237.75,,,,,,,,,0
Sports,KXNCAAMBTOTAL-26FEB05CSNCP,Cal State Northridge at Cal Poly: Total Points,KXNCAAMBTOTAL-26FEB05CSNCP-180,Over 180.5 points scored,0.43,0.45,0.44,0.42,0.02,679,679,679,1423435.39,1,2026-02-20 03:00:00+00:00,237.75,,,,,,,,,0
Sports,KXNCAAMBTOTAL-26FEB05UCRVCSF,UC Riverside at Cal State Fullerton: Total Points,KXNCAAMBTOTAL-26FEB05UCRVCSF-158,Over 158.5 points scored,0.42,0.44,0.43,0.43,0.02,6086,6086,5873,1420089.31,1,2026-02-20 03:00:00+00:00,237.75,,,,,,,,,0
Sports,KXNCAAMBTOTAL-26FEB05UCRVCSF,UC Riverside at Cal State Fullerton: Total Points,KXNCAAMBTOTAL-26FEB05UCRVCSF-152,Over 152.5 points scored,0.55,0.57,0.56,0.57,0.02,18,18,18,1412826.35,1,2026-02-20 03:00:00+00:00,237.75,,,,,,,,,0
Sports,KXNCAAMBTOTAL-26FEB05MEMUAB,Memphis at UAB: Total Points,KXNCAAMBTOTAL-26FEB05MEMUAB-166,Over 166.5 points scored,0.28,0.36,0.32,0.47,0.08,226,226,226,1406779.74,1,2026-02-20 02:00:00+00:00,236.75,,,,,,,,,0
Sports,KXNCAAMBTOTAL-26FEB05MEMUAB,Memphis at UAB: Total Points,KXNCAAMBTOTAL-26FEB05MEMUAB-168,Over 168.5 points scored,0.22,0.31,0.265,0.16,0.09,2,2,0,1399101.91,1,2026-02-20 02:00:00+00:00,236.75,,,,,,,,,0
Sports,KXNCAAMBTOTAL-26FEB05JVSTWKU,Jacksonville St. at Western Kentucky: Total Points,KXNCAAMBTOTAL-26FEB05JVSTWKU-127,Over 127.5 points scored,0.67,0.74,0.705,0.66,0.07,2473,2473,2473,1387428.91,1,2026-02-20 02:00:00+00:00,236.75,,,,,,,,,0
Sports,KXNCAAMBTOTAL-26FEB05CSNCP,Cal State Northridge at Cal Poly: Total Points,KXNCAAMBTOTAL-26FEB05CSNCP-171,Over 171.5 points scored,0.61,0.64,0.625,0.6,0.03,933,933,854,1384466.01,1,2026-02-20 03:00:00+00:00,237.75,,,,,,,,,0
Sports,KXNCAAMBTOTAL-26FEB05IDHOMTST,Idaho at Montana St.: Total Points,KXNCAAMBTOTAL-26FEB05IDHOMTST-162,Over 162.5 points scored,0.02,0.09,0.055,0.02,0.07,20,0,20,1382926.56,1,2026-02-20 02:00:00+00:00,236.75,,,,,,,,,0
Sports,KXNCAAMBTOTAL-26FEB05EWUMONT,Eastern Washington at Montana: Total Points,KXNCAAMBTOTAL-26FEB05EWUMONT-166,Over 166.5 points scored,0.02,0.11,0.065,0.23,0.09,24,24,4,1382662.56,1,2026-02-20 02:00:00+00:00,236.75,,,,,,,,,0
Sports,KXNCAAMBSPREAD-26FEB05UCRVCSF,UC Riverside at Cal State Fullerton: Spread,KXNCAAMBSPREAD-26FEB05UCRVCSF-CSF3,Cal State Fullerton wins by over 3.5 Points,0.6,0.62,0.61,0.63,0.02,10105,10105,8960,1382282.79,1,2026-02-20 03:00:00+00:00,237.75,,,,,,,,,0
Sports,KXNCAAMBSPREAD-26FEB05CSBUCI,Cal State Bakersfield at UC Irvine: Spread,KXNCAAMBSPREAD-26FEB05CSBUCI-UCI19,UC Irvine wins by over 19.5 Points,0.4,0.43,0.415,0.43,0.03,32,0,32,1382069.95,1,2026-02-20 03:00:00+00:00,237.75,,,,,,,,,0
Sports,KXNCAAMBTOTAL-26FEB05IDHOMTST,Idaho at Montana St.: Total Points,KXNCAAMBTOTAL-26FEB05IDHOMTST-135,Over 135.5 points scored,0.63,0.7,0.665,0.57,0.07,7,7,6,1378699.24,1,2026-02-20 02:00:00+00:00,236.75,,,,,,,,,0
Sports,KXNCAAMBGAME-26FEB05EWUMONT,Eastern Washington at Montana,KXNCAAMBGAME-26FEB05EWUMONT-MONT,Montana,0.73,0.74,0.735,0.77,0.01,88780,84067,81371,1378667.32,1,2026-02-20 02:00:00+00:00,236.75,,,,,,,,,0
Sports,KXNCAAMBGAME-26FEB05EWUMONT,Eastern Washington at Montana,KXNCAAMBGAME-26FEB05EWUMONT-EWU,Eastern Washington,0.26,0.27,0.265,0.23,0.01,7742,6164,5044,1374396.26,1,2026-02-20 02:00:00+00:00,236.75,,,,,,,,,0
Sports,KXNCAAMBTOTAL-26FEB05EWUMONT,Eastern Washington at Montana: Total Points,KXNCAAMBTOTAL-26FEB05EWUMONT-139,Over 139.5 points scored,0.69,0.77,0.73,0.74,0.08,30,30,30,1374195.26,1,2026-02-20 02:00:00+00:00,236.75,,,,,,,,,0
Sports,KXNCAAMBSPREAD-26FEB05CSBUCI,Cal State Bakersfield at UC Irvine: Spread,KXNCAAMBSPREAD-26FEB05CSBUCI-UCI13,UC Irvine wins by over 13.5 Points,0.6,0.66,0.63,0.64,0.06,4,4,4,1373683.66,1,2026-02-20 03:00:00+00:00,237.75,,,,,,,,,0
Sports,KXNBATOTAL-26FEB05GSWPHX,Golden State at Phoenix: Total Points,KXNBATOTAL-26FEB05GSWPHX-226,Over 226.5 points scored,0.22,0.26,0.24,0.26,0.04,1329,1296,1267,1372754.41,1,2026-02-20 03:00:00+00:00,237.75,,,,,,,,,0
Sports,KXNBATOTAL-26FEB05SASDAL,San Antonio at Dallas: Total Points,KXNBATOTAL-26FEB05SASDAL-236,Over 236.5 points scored,0.88,0.89,0.885,0.89,0.01,15712,15121,13462,1368909.37,1,2026-02-20 01:30:00+00:00,236.25,,,,,,,,,0
Sports,KXNCAAWBGAME-26FEB01MERETSU,Mercer at East Tennessee St.,KXNCAAWBGAME-26FEB01MERETSU-ETSU,East Tennessee St.,0.64,0.77,0.705,0.61,0.13,17601,1615,9005,1368005.12,1,2026-02-15 21:00:00+00:00,135.75,0.174603,-0.063291,-0.075,-0.570691,0.222222,0.096192,1.6806,0.231594,18
Sports,KXNBASPREAD-26FEB05SASDAL,San Antonio at Dallas: Spread,KXNBASPREAD-26FEB05SASDAL-SAS17,San Antonio wins by over 17.5 Points,0.3,0.31,0.305,0.25,0.01,3857,3857,2758,1367149.88,1,2026-02-20 01:30:00+00:00,236.25,,,,,,,,,0
Sports,KXNCAAMBSPREAD-26FEB05CSNCP,Cal State Northridge at Cal Poly: Spread,KXNCAAMBSPREAD-26FEB05CSNCP-CSN4,Cal State Northridge wins by over 4.5 Points,0.39,0.42,0.405,0.42,0.03,1678,1678,1027,1366841.29,1,2026-02-20 03:00:00+00:00,237.75,,,,,,,,,0
Sports,KXNCAAMBSPREAD-26FEB05UCRVCSF,UC Riverside at Cal State Fullerton: Spread,KXNCAAMBSPREAD-26FEB05UCRVCSF-CSF9,Cal State Fullerton wins by over 9.5 Points,0.39,0.4,0.395,0.36,0.01,32,32,32,1364879.18,1,2026-02-20 03:00:00+00:00,237.75,,,,,,,,,0
Sports,KXNCAAWBGAME-26FEB01MERETSU,Mercer at East Tennessee St.,KXNCAAWBGAME-26FEB01MERETSU-MER,Mercer,0.23,0.34,0.285,0.37,0.11,7267,614,4136,1363912.8,1,2026-02-15 21:00:00+00:00,135.75,0.0,0.545455,-0.055556,-0.378741,0.416667,0.241428,1.4401,0.474517,18
Sports,KXNCAAMBTOTAL-26FEB05UCRVCSF,UC Riverside at Cal State Fullerton: Total Points,KXNCAAMBTOTAL-26FEB05UCRVCSF-161,Over 161.5 points scored,0.35,0.37,0.36,0.35,0.02,749,411,413,1363170.29,1,2026-02-20 03:00:00+00:00,237.75,,,,,,,,,0
Sports,KXNCAAMBSPREAD-26FEB05LBSUUCSD,Long Beach St. at UC San Diego: Spread,KXNCAAMBSPREAD-26FEB05LBSUUCSD-UCSD12,UC San Diego wins by over 12.5 Points,0.43,0.46,0.445,0.42,0.03,2439,1937,1667,1360883.22,1,2026-02-20 03:00:00+00:00,237.75,,,,,,,,,0
Sports,KXNCAAMBSPREAD-26FEB05LBSUUCSD,Long Beach St. at UC San Diego: Spread,KXNCAAMBSPREAD-26FEB05LBSUUCSD-UCSD6,UC San Diego wins by over 6.5 Points,0.63,0.68,0.655,0.68,0.05,507,507,415,1360671.46,1,2026-02-20 03:00:00+00:00,237.75,,,,,,,,,0
Sports,KXNCAAMBTOTAL-26FEB05CSNCP,Cal State Northridge at Cal Poly: Total Points,KXNCAAMBTOTAL-26FEB05CSNCP-183,Over 183.5 points scored,0.35,0.38,0.365,0.34,0.03,15,15,15,1359741.7,1,2026-02-20 03:00:00+00:00,237.75,,,,,,,,,0
Sports,KXNCAAMBSPREAD-26FEB05TARLCBU,Tarleton St. at California Baptist: Spread,KXNCAAMBSPREAD-26FEB05TARLCBU-CBU7,California Baptist wins by over 7.5 Points,0.62,0.65,0.635,0.62,0.03,3480,3480,1899,1359613.58,1,2026-02-20 03:00:00+00:00,237.75,,,,,,,,,0
Sports,KXNCAAMBSPREAD-26FEB05TARLCBU,Tarleton St. at California Baptist: Spread,KXNCAAMBSPREAD-26FEB05TARLCBU-CBU13,California Baptist wins by over 13.5 Points,0.4,0.41,0.405,0.4,0.01,1800,1800,1800,1359250.54,1,2026-02-20 03:00:00+00:00,237.75,,,,,,,,,0
Sports,KXNCAAMBGAME-26FEB05LBSUUCSD,Long Beach St. at UC San Diego,KXNCAAMBGAME-26FEB05LBSUUCSD-UCSD,UC San Diego,0.84,0.85,0.845,0.85,0.01,11797,11346,11505,1352695.99,1,2026-02-20 03:00:00+00:00,237.75,,,,,,,,,0
Sports,KXNCAAMBGAME-26FEB05LBSUUCSD,Long Beach St. at UC San Diego,KXNCAAMBGAME-26FEB05LBSUUCSD-LBSU,Long Beach St.,0.16,0.17,0.165,0.17,0.01,5896,5116,5433,1352525.43,1,2026-02-20 03:00:00+00:00,237.75,,,,,,,,,0
Sports,KXNCAAMBTOTAL-26FEB05LBSUUCSD,Long Beach St. at UC San Diego: Total Points,KXNCAAMBTOTAL-26FEB05LBSUUCSD-150,Over 150.5 points scored,0.38,0.42,0.4,0.38,0.04,5,5,5,1352450.8,1,2026-02-20 03:00:00+00:00,237.75,,,,,,,,,0
Sports,KXNBAGAME-26FEB05UTAATL,Utah at Atlanta,KXNBAGAME-26FEB05UTAATL-ATL,Atlanta,0.37,0.38,0.375,0.37,0.01,2434110,1946203,1757091,1339950.51,1,2026-02-20 00:30:00+00:00,235.25,,,,,,,,,0
Sports,KXNCAAMBSPREAD-26FEB05LBSUUCSD,Long Beach St. at UC San Diego: Spread,KXNCAAMBSPREAD-26FEB05LBSUUCSD-UCSD15,UC San Diego wins by over 15.5 Points,0.32,0.36,0.34,0.36,0.04,1003,1003,1001,1336993.54,1,2026-02-20 03:00:00+00:00,237.75,,,,,,,,,0
Sports,KXNCAAMBSPREAD-26FEB05LBSUUCSD,Long Beach St. at UC San Diego: Spread,KXNCAAMBSPREAD-26FEB05LBSUUCSD-UCSD3,UC San Diego wins by over 3.5 Points,0.72,0.78,0.75,0.78,0.06,37,37,34,1336680.08,1,2026-02-20 03:00:00+00:00,237.75,,,,,,,,,0
Sports,KXNCAAMBSPREAD-26FEB05TARLCBU,Tarleton St. at California Baptist: Spread,KXNCAAMBSPREAD-26FEB05TARLCBU-CBU16,California Baptist wins by over 16.5 Points,0.29,0.32,0.305,0.29,0.03,3582,3582,3582,1335663.82,1,2026-02-20 03:00:00+00:00,237.75,,,,,,,,,0
Sports,KXNBAGAME-26FEB05UTAATL,Utah at Atlanta,KXNBAGAME-26FEB05UTAATL-UTA,Utah,0.63,0.65,0.64,0.65,0.02,2006349,1669051,1268710,1335335.28,1,2026-02-20 00:30:00+00:00,235.25,,,,,,,,,0
Sports,KXNCAAMBSPREAD-26FEB05CSBUCI,Cal State Bakersfield at UC Irvine: Spread,KXNCAAMBSPREAD-26FEB05CSBUCI-UCI10,UC Irvine wins by over 10.5 Points,0.7,0.75,0.725,0.76,0.05,61,61,61,1335172.74,1,2026-02-20 03:00:00+00:00,237.75,,,,,,,,,0
Sports,KXNCAAMBSPREAD-26FEB05TARLCBU,Tarleton St. at California Baptist: Spread,KXNCAAMBSPREAD-26FEB05TARLCBU-CBU4,California Baptist wins by over 4.5 Points,0.7,0.75,0.725,0.77,0.05,769,769,769,1335000.6,1,2026-02-20 03:00:00+00:00,237.75,,,,,,,,,0
Sports,KXNCAAMBSPREAD-26FEB05CSNCP,Cal State Northridge at Cal Poly: Spread,KXNCAAMBSPREAD-26FEB05CSNCP-CP2,Cal Poly wins by over 2.5 Points,0.35,0.4,0.375,0.42,0.05,76,76,76,1334980.78,1,2026-02-20 03:00:00+00:00,237.75,,,,,,,,,0
Sports,KXNCAAMBSPREAD-26FEB05MEMUAB,Memphis at UAB: Spread,KXNCAAMBSPREAD-26FEB05MEMUAB-UAB1,UAB wins by over 1.5 Points,0.3,0.35,0.325,0.31,0.05,55941,55656,39636,1324468.65,1,2026-02-20 02:00:00+00:00,236.75,,,,,,,,,0
Sports,KXNCAAMBGAME-26FEB05TARLCBU,Tarleton St. at California Baptist,KXNCAAMBGAME-26FEB05TARLCBU-CBU,California Baptist,0.85,0.86,0.855,0.85,0.01,12896,12851,12656,1324376.61,1,2026-02-20 03:00:00+00:00,237.75,,,,,,,,,0
Sports,KXNCAAWBGAME-26FEB06NESTON,Northeastern at Stony Brook,KXNCAAWBGAME-26FEB06NESTON-NE,Northeastern,0.11,0.18,0.145,0.28,0.07,120,120,120,1322471.92,1,2026-02-20 23:31:00+00:00,258.27,,,,,,,,,0
Sports,KXNCAAMBSPREAD-26FEB05CSBUCI,Cal State Bakersfield at UC Irvine: Spread,KXNCAAMBSPREAD-26FEB05CSBUCI-UCI22,UC Irvine wins by over 22.5 Points,0.29,0.35,0.32,0.35,0.06,18,0,18,1317537.69,1,2026-02-20 03:00:00+00:00,237.75,,,,,,,,,0
Sports,KXNCAAMBSPREAD-26FEB05CSBUCI,Cal State Bakersfield at UC Irvine: Spread,KXNCAAMBSPREAD-26FEB05CSBUCI-UCI16,UC Irvine wins by over 16.5 Points,0.51,0.54,0.525,0.54,0.03,5748,5574,4418,1315926.36,1,2026-02-20 03:00:00+00:00,237.75,,,,,,,,,0
Sports,KXNCAAMBGAME-26FEB05TARLCBU,Tarleton St. at California Baptist,KXNCAAMBGAME-26FEB05TARLCBU-TARL,Tarleton St.,0.15,0.16,0.155,0.16,0.01,8234,5018,7798,1313571.74,1,2026-02-20 03:00:00+00:00,237.75,,,,,,,,,0
Sports,KXNCAAMBSPREAD-26FEB05UCRVCSF,UC Riverside at Cal State Fullerton: Spread,KXNCAAMBSPREAD-26FEB05UCRVCSF-CSF6,Cal State Fullerton wins by over 6.5 Points,0.49,0.51,0.5,0.51,0.02,14900,12431,13060,1313481.23,1,2026-02-20 03:00:00+00:00,237.75,,,,,,,,,0
Sports,KXNCAAMBTOTAL-26FEB05UCRVCSF,UC Riverside at Cal State Fullerton: Total Points,KXNCAAMBTOTAL-26FEB05UCRVCSF-149,Over 149.5 points scored,0.62,0.63,0.625,0.63,0.01,91,91,91,1297344.94,1,2026-02-20 03:00:00+00:00,237.75,,,,,,,,,0
Sports,KXNCAAMBTOTAL-26FEB05LBSUUCSD,Long Beach St. at UC San Diego: Total Points,KXNCAAMBTOTAL-26FEB05LBSUUCSD-138,Over 138.5 points scored,0.67,0.72,0.695,0.72,0.05,980,980,980,1292984.1,1,2026-02-20 03:00:00+00:00,237.75,,,,,,,,,0
Sports,KXNCAAMBTOTAL-26FEB05CSBUCI,Cal State Bakersfield at UC Irvine: Total Points,KXNCAAMBTOTAL-26FEB05CSBUCI-139,Over 139.5 points scored,0.6,0.65,0.625,0.65,0.05,1194,1194,1194,1292080.48,1,2026-02-20 03:00:00+00:00,237.75,,,,,,,,,0
Sports,KXNCAAMBTOTAL-26FEB05TARLCBU,Tarleton St. at California Baptist: Total Points,KXNCAAMBTOTAL-26FEB05TARLCBU-135,Over 135.5 points scored,0.55,0.58,0.565,0.58,0.03,465,465,465,1289648.72,1,2026-02-20 03:00:00+00:00,237.75,,,,,,,,,0
Sports,KXNCAAMBSPREAD-26FEB05CSNCP,Cal State Northridge at Cal Poly: Spread,KXNCAAMBSPREAD-26FEB05CSNCP-CP8,Cal Poly wins by over 8.5 Points,0.19,0.23,0.21,0.19,0.04,437,437,437,1286508.27,1,2026-02-20 03:00:00+00:00,237.75,,,,,,,,,0
Sports,KXNCAAMBSPREAD-26FEB05CSBUCI,Cal State Bakersfield at UC Irvine: Spread,KXNCAAMBSPREAD-26FEB05CSBUCI-UCI7,UC Irvine wins by over 7.5 Points,0.78,0.85,0.815,0.86,0.07,8,8,8,1270749.6,1,2026-02-20 03:00:00+00:00,237.75,,,,,,,,,0
Sports,KXNCAAMBSPREAD-26FEB05CSNCP,Cal State Northridge at Cal Poly: Spread,KXNCAAMBSPREAD-26FEB05CSNCP-CP5,Cal Poly wins by over 5.5 Points,0.26,0.3,0.28,0.31,0.04,110,110,110,1269915.44,1,2026-02-20 03:00:00+00:00,237.75,,,,,,,,,0
Sports,KXNBASPREAD-26FEB05SASDAL,San Antonio at Dallas: Spread,KXNBASPREAD-26FEB05SASDAL-DAL1,Dallas wins by over 1.5 Points,0.09,0.11,0.1,0.11,0.02,8640,7903,7827,1265571.29,1,2026-02-20 01:30:00+00:00,236.25,,,,,,,,,0
Sports,KXNCAAMBGAME-26FEB05CSBUCI,Cal State Bakersfield at UC Irvine,KXNCAAMBGAME-26FEB05CSBUCI-CSB,Cal State Bakersfield,0.07,0.08,0.075,0.08,0.01,23489,21678,22705,1255809.34,1,2026-02-20 03:00:00+00:00,237.75,,,,,,,,,0
Sports,KXNCAAMBGAME-26FEB05CSBUCI,Cal State Bakersfield at UC Irvine,KXNCAAMBGAME-26FEB05CSBUCI-UCI,UC Irvine,0.93,0.94,0.935,0.94,0.01,17623,17401,16043,1254092.48,1,2026-02-20 03:00:00+00:00,237.75,,,,,,,,,0
Sports,KXNBASPREAD-26FEB05SASDAL,San Antonio at Dallas: Spread,KXNBASPREAD-26FEB05SASDAL-SAS14,San Antonio wins by over 14.5 Points,0.41,0.42,0.415,0.41,0.01,10500,10300,6471,1250860.46,1,2026-02-20 01:30:00+00:00,236.25,,,,,,,,,0
Sports,KXNCAAMBSPREAD-26FEB05UCSBUCD,UC Santa Barbara at UC Davis: Spread,KXNCAAMBSPREAD-26FEB05UCSBUCD-UCD7,UC Davis wins by over 7.5 Points,0.18,0.26,0.22,0.29,0.08,1193,1163,833,1235948.1,1,2026-02-20 02:00:00+00:00,236.75,,,,,,,,,0
Sports,KXNBATOTAL-26FEB05GSWPHX,Golden State at Phoenix: Total Points,KXNBATOTAL-26FEB05GSWPHX-205,Over 205.5 points scored,0.65,0.68,0.665,0.65,0.03,4294,4004,4108,1235790.64,1,2026-02-20 03:00:00+00:00,237.75,,,,,,,,,0
Sports,KXNCAAWBGAME-26FEB06HAMPDREX,Hampton at Drexel,KXNCAAWBGAME-26FEB06HAMPDREX-HAMP,Hampton,0.02,0.03,0.025,0.05,0.01,1883,1844,1075,1231317.81,1,2026-02-20 23:00:00+00:00,257.75,,,,,,,,,0
Sports,KXNCAAMBTOTAL-26FEB05CSNCP,Cal State Northridge at Cal Poly: Total Points,KXNCAAMBTOTAL-26FEB05CSNCP-168,Over 168.5 points scored,0.67,0.69,0.68,0.66,0.02,78,78,78,1229575.47,1,2026-02-20 03:00:00+00:00,237.75,,,,,,,,,0
Sports,KXNCAAWBGAME-26FEB06HAMPDREX,Hampton at Drexel,KXNCAAWBGAME-26FEB06HAMPDREX-DREX,Drexel,0.96,0.97,0.965,0.96,0.01,1296,1263,893,1228138.04,1,2026-02-20 23:00:00+00:00,257.75,,,,,,,,,0
Sports,KXNCAAMBSPREAD-26FEB05IDHOMTST,Idaho at Montana St.: Spread,KXNCAAMBSPREAD-26FEB05IDHOMTST-IDHO6,Idaho wins by over 6.5 Points,0.03,0.07,0.05,0.27,0.04,17,17,17,1201909.16,1,2026-02-20 02:00:00+00:00,236.75,,,,,,,,,0
Sports,KXNBATOTAL-26FEB05PHILAL,Philadelphia at Los Angeles L: Total Points,KXNBATOTAL-26FEB05PHILAL-220,Over 220.5 points scored,0.79,0.84,0.815,0.84,0.05,849,845,827,1194245.85,1,2026-02-20 03:00:00+00:00,237.75,,,,,,,,,0
Sports,KXNCAAMBSPREAD-26FEB05LBSUUCSD,Long Beach St. at UC San Diego: Spread,KXNCAAMBSPREAD-26FEB05LBSUUCSD-UCSD18,UC San Diego wins by over 18.5 Points,0.21,0.28,0.245,0.27,0.07,252,252,252,1188638.88,1,2026-02-20 03:00:00+00:00,237.75,,,,,,,,,0
Sports,KXNCAAMBSPREAD-26FEB05CSNCP,Cal State Northridge at Cal Poly: Spread,KXNCAAMBSPREAD-26FEB05CSNCP-CSN10,Cal State Northridge wins by over 10.5 Points,0.22,0.25,0.235,0.25,0.03,26,26,26,1188559.18,1,2026-02-20 03:00:00+00:00,237.75,,,,,,,,,0
Sports,KXNCAAMBSPREAD-26FEB05EWUMONT,Eastern Washington at Montana: Spread,KXNCAAMBSPREAD-26FEB05EWUMONT-EWU3,Eastern Washington wins by over 3.5 Points,0.07,0.21,0.14,0.19,0.14,75,75,75,1169239.62,1,2026-02-20 02:00:00+00:00,236.75,,,,,,,,,0
Sports,KXNBASPREAD-26FEB05SASDAL,San Antonio at Dallas: Spread,KXNBASPREAD-26FEB05SASDAL-SAS11,San Antonio wins by over 11.5 Points,0.53,0.54,0.535,0.54,0.01,28731,23144,20524,1160581.96,1,2026-02-20 01:30:00+00:00,236.25,,,,,,,,,0
Sports,KXNCAAWBGAME-26FEB05ORSTGONZ,Oregon St. at Gonzaga,KXNCAAWBGAME-26FEB05ORSTGONZ-ORST,Oregon St.,0.09,0.1,0.095,0.09,0.01,3295,3239,3211,1143746.38,1,2026-02-20 02:00:00+00:00,236.75,,,,,,,,,0
Sports,KXNCAAWBGAME-26FEB05ORSTGONZ,Oregon St. at Gonzaga,KXNCAAWBGAME-26FEB05ORSTGONZ-GONZ,Gonzaga,0.91,0.92,0.915,0.93,0.01,6091,5782,6076,1140455.94,1,2026-02-20 02:00:00+00:00,236.75,,,,,,,,,0
Sports,KXNBASPREAD-26FEB05SASDAL,San Antonio at Dallas: Spread,KXNBASPREAD-26FEB05SASDAL-SAS8,San Antonio wins by over 8.5 Points,0.66,0.67,0.665,0.66,0.01,172816,171451,110613,1133486.23,1,2026-02-20 01:30:00+00:00,236.25,,,,,,,,,0
Sports,KXNBATOTAL-26FEB05GSWPHX,Golden State at Phoenix: Total Points,KXNBATOTAL-26FEB05GSWPHX-208,Over 208.5 points scored,0.61,0.63,0.62,0.63,0.02,8746,6856,7059,1123466.73,1,2026-02-20 03:00:00+00:00,237.75,,,,,,,,,0
Sports,KXNBATOTAL-26FEB05PHILAL,Philadelphia at Los Angeles L: Total Points,KXNBATOTAL-26FEB05PHILAL-223,Over 223.5 points scored,0.74,0.75,0.745,0.75,0.01,291,262,291,1113480.82,1,2026-02-20 03:00:00+00:00,237.75,,,,,,,,,0
Sports,KXNBATOTAL-26FEB05GSWPHX,Golden State at Phoenix: Total Points,KXNBATOTAL-26FEB05GSWPHX-229,Over 229.5 points scored,0.17,0.22,0.195,0.21,0.05,71,33,71,1113151.42,1,2026-02-20 03:00:00+00:00,237.75,,,,,,,,,0
Sports,KXNBASPREAD-26FEB05SASDAL,San Antonio at Dallas: Spread,KXNBASPREAD-26FEB05SASDAL-SAS2,San Antonio wins by over 2.5 Points,0.86,0.87,0.865,0.86,0.01,14744,14710,12699,1103584.18,1,2026-02-20 01:30:00+00:00,236.25,,,,,,,,,0
Sports,KXNCAAWBGAME-26FEB05FSUNCST,Florida St. at North Carolina St.,KXNCAAWBGAME-26FEB05FSUNCST-FSU,Florida St.,0.0,0.01,0.01,0.01,,11844,11787,10084,1092437.41,1,2026-02-20 01:00:00+00:00,235.75,,,,,,,,,0
Sports,KXNCAAWBGAME-26FEB05FSUNCST,Florida St. at North Carolina St.,KXNCAAWBGAME-26FEB05FSUNCST-NCST,North Carolina St.,0.99,1.0,0.995,0.99,0.01,7022,7021,6376,1091771.79,1,2026-02-20 01:00:00+00:00,235.75,,,,,,,,,0
Sports,KXNBASPREAD-26FEB05SASDAL,San Antonio at Dallas: Spread,KXNBASPREAD-26FEB05SASDAL-SAS5,San Antonio wins by over 5.5 Points,0.77,0.78,0.775,0.77,0.01,46871,46575,39845,1077456.7,1,2026-02-20 01:30:00+00:00,236.25,,,,,,,,,0
Sports,KXNBATOTAL-26FEB05PHILAL,Philadelphia at Los Angeles L: Total Points,KXNBATOTAL-26FEB05PHILAL-241,Over 241.5 points scored,0.37,0.4,0.385,0.37,0.03,1266,1266,1182,1075579.61,1,2026-02-20 03:00:00+00:00,237.75,,,,,,,,,0
Sports,KXNCAAMBTOTAL-26FEB05CSBUCI,Cal State Bakersfield at UC Irvine: Total Points,KXNCAAMBTOTAL-26FEB05CSBUCI-133,Over 133.5 points scored,0.74,0.79,0.765,0.79,0.05,1,1,1,1055742.34,1,2026-02-20 03:00:00+00:00,237.75,,,,,,,,,0
Sports,KXNCAAWBGAME-26FEB05USCNW,USC at Northwestern,KXNCAAWBGAME-26FEB05USCNW-NW,Northwestern,0.0,0.01,0.01,0.01,,5846,4460,5663,1051059.5,1,2026-02-20 02:00:00+00:00,236.75,,,,,,,,,0
Sports,KXNCAAWBGAME-26FEB05USCNW,USC at Northwestern,KXNCAAWBGAME-26FEB05USCNW-USC,USC,0.98,0.99,0.985,0.99,0.01,4110,237,4110,1045263.56,1,2026-02-20 02:00:00+00:00,236.75,,,,,,,,,0
Sports,KXNCAAMBGAME-26FEB05NAUIDST,Northern Arizona at Idaho St.,KXNCAAMBGAME-26FEB05NAUIDST-IDST,Idaho St.,0.48,0.49,0.485,0.49,0.01,13576,8014,11161,1034302.49,1,2026-02-20 02:00:00+00:00,236.75,,,,,,,,,0
Sports,KXNCAAWBGAME-26FEB05NDSUUMKC,North Dakota St. at Kansas City,KXNCAAWBGAME-26FEB05NDSUUMKC-NDSU,North Dakota St.,0.99,1.0,0.995,0.99,0.01,6915,6914,6583,1030984.15,1,2026-02-20 01:00:00+00:00,235.75,,,,,,,,,0
Sports,KXNCAAWBGAME-26FEB05NDSUUMKC,North Dakota St. at Kansas City,KXNCAAWBGAME-26FEB05NDSUUMKC-UMKC,Kansas City,0.0,0.01,0.01,0.01,,65268,65215,27477,1029294.81,1,2026-02-20 01:00:00+00:00,235.75,,,,,,,,,0
Sports,KXNCAAMBGAME-26FEB05NAUIDST,Northern Arizona at Idaho St.,KXNCAAMBGAME-26FEB05NAUIDST-NAU,Northern Arizona,0.49,0.51,0.5,0.5,0.02,17197,10969,14274,1021857.2,1,2026-02-20 02:00:00+00:00,236.75,,,,,,,,,0
Sports,KXNCAAMBTOTAL-26FEB05CSNCP,Cal State Northridge at Cal Poly: Total Points,KXNCAAMBTOTAL-26FEB05CSNCP-186,Over 186.5 points scored,0.29,0.33,0.31,0.28,0.04,94,94,94,1009500.39,1,2026-02-20 03:00:00+00:00,237.75,,,,,,,,,0
Sports,KXNBATOTAL-26FEB05SASDAL,San Antonio at Dallas: Total Points,KXNBATOTAL-26FEB05SASDAL-239,Over 239.5 points scored,0.79,0.8,0.795,0.79,0.01,20315,17998,17096,1004186.25,1,2026-02-20 01:30:00+00:00,236.25,,,,,,,,,0
Sports,KXNCAAMBGAME-26FEB05JVSTWKU,Jacksonville St. at Western Kentucky,KXNCAAMBGAME-26FEB05JVSTWKU-WKU,Western Kentucky,0.64,0.65,0.645,0.65,0.01,13924,13476,11396,986515.65,1,2026-02-20 02:00:00+00:00,236.75,,,,,,,,,0
Sports,KXNCAAMBTOTAL-26FEB05UCRVCSF,UC Riverside at Cal State Fullerton: Total Points,KXNCAAMBTOTAL-26FEB05UCRVCSF-146,Over 146.5 points scored,0.68,0.71,0.695,0.71,0.03,13,13,13,984520.87,1,2026-02-20 03:00:00+00:00,237.75,,,,,,,,,0
Sports,KXNCAAMBGAME-26FEB05JVSTWKU,Jacksonville St. at Western Kentucky,KXNCAAMBGAME-26FEB05JVSTWKU-JVST,Jacksonville St.,0.34,0.35,0.345,0.36,0.01,18067,13722,15401,965551.67,1,2026-02-20 02:00:00+00:00,236.75,,,,,,,,,0
Sports,KXNCAAMBTOTAL-26FEB05TARLCBU,Tarleton St. at California Baptist: Total Points,KXNCAAMBTOTAL-26FEB05TARLCBU-132,Over 132.5 points scored,0.62,0.66,0.64,0.66,0.04,3398,3398,3398,964096.09,1,2026-02-20 03:00:00+00:00,237.75,,,,,,,,,0
Sports,KXNCAAMBTOTAL-26FEB05MEMUAB,Memphis at UAB: Total Points,KXNCAAMBTOTAL-26FEB05MEMUAB-142,Over 142.5 points scored,0.85,0.94,0.895,0.74,0.09,1624,1624,1498,958616.72,1,2026-02-20 02:00:00+00:00,236.75,,,,,,,,,0
Sports,KXNCAAMBTOTAL-26FEB05MEMUAB,Memphis at UAB: Total Points,KXNCAAMBTOTAL-26FEB05MEMUAB-163,Over 163.5 points scored,0.37,0.41,0.39,0.52,0.04,5514,4371,5386,952947.65,1,2026-02-20 02:00:00+00:00,236.75,,,,,,,,,0
Sports,KXNCAAMBGAME-26FEB05IDHOMTST,Idaho at Montana St.,KXNCAAMBGAME-26FEB05IDHOMTST-IDHO,Idaho,0.18,0.19,0.185,0.19,0.01,53939,49562,41565,947517.05,1,2026-02-20 02:00:00+00:00,236.75,,,,,,,,,0
Sports,KXNHLSPREAD-26FEB05LAVGK,Los Angeles at Vegas: Spread,KXNHLSPREAD-26FEB05LAVGK-VGK1,Vegas wins by over 1.5 goals,0.32,0.35,0.335,0.32,0.03,28101,20278,18848,945732.22,1,2026-02-20 03:00:00+00:00,237.75,,,,,,,,,0
Sports,KXNCAAMBGAME-26FEB05IDHOMTST,Idaho at Montana St.,KXNCAAMBGAME-26FEB05IDHOMTST-MTST,Montana St.,0.81,0.82,0.815,0.84,0.01,36848,34129,28888,939353.53,1,2026-02-20 02:00:00+00:00,236.75,,,,,,,,,0
Sports,KXNCAAMBSPREAD-26FEB05TARLCBU,Tarleton St. at California Baptist: Spread,KXNCAAMBSPREAD-26FEB05TARLCBU-CBU1,California Baptist wins by over 1.5 Points,0.77,0.86,0.815,0.8,0.09,55,55,55,935664.31,1,2026-02-20 03:00:00+00:00,237.75,,,,,,,,,0
Sports,KXNCAAMBSPREAD-26FEB05UNCOWEB,Northern Colorado at Weber St.: Spread,KXNCAAMBSPREAD-26FEB05UNCOWEB-UNCO10,Northern Colorado wins by over 10.5 Points,0.3,0.36,0.33,0.36,0.06,5284,897,5224,933123.99,1,2026-02-20 02:00:00+00:00,236.75,,,,,,,,,0
Sports,KXNCAAMBSPREAD-26FEB05NAUIDST,Northern Arizona at Idaho St.: Spread,KXNCAAMBSPREAD-26FEB05NAUIDST-NAU1,Northern Arizona wins by over 1.5 Points,0.39,0.46,0.425,0.47,0.07,1231,0,1231,931740.83,1,2026-02-20 02:00:00+00:00,236.75,,,,,,,,,0
Sports,KXNCAAMBTOTAL-26FEB05UNCOWEB,Northern Colorado at Weber St.: Total Points,KXNCAAMBTOTAL-26FEB05UNCOWEB-150,Over 150.5 points scored,0.75,0.84,0.795,0.68,0.09,410,410,410,928865.67,1,2026-02-20 02:00:00+00:00,236.75,,,,,,,,,0
Sports,KXNHLSPREAD-26FEB05LAVGK,Los Angeles at Vegas: Spread,KXNHLSPREAD-26FEB05LAVGK-VGK2,Vegas wins by over 2.5 goals,0.2,0.25,0.225,0.2,0.05,1190,1189,1039,924173.41,1,2026-02-20 03:00:00+00:00,237.75,,,,,,,,,0
Sports,KXNCAAMBTOTAL-26FEB05UCSBUCD,UC Santa Barbara at UC Davis: Total Points,KXNCAAMBTOTAL-26FEB05UCSBUCD-136,Over 136.5 points scored,0.61,0.96,0.785,0.7,0.35,347,112,347,923361.05,1,2026-02-20 02:00:00+00:00,236.75,,,,,,,,,0
Sports,KXNHLSPREAD-26FEB05LAVGK,Los Angeles at Vegas: Spread,KXNHLSPREAD-26FEB05LAVGK-LA2,Los Angeles wins by over 2.5 goals,0.14,0.16,0.15,0.12,0.02,19,19,19,923080.44,1,2026-02-20 03:00:00+00:00,237.75,,,,,,,,,0
Sports,KXNCAAMBSPREAD-26FEB05IDHOMTST,Idaho at Montana St.: Spread,KXNCAAMBSPREAD-26FEB05IDHOMTST-MTST12,Montana St. wins by over 12.5 Points,0.26,0.32,0.29,0.34,0.06,2809,1046,2779,919762.69,1,2026-02-20 02:00:00+00:00,236.75,,,,,,,,,0
Sports,KXNCAAMBSPREAD-26FEB05UNCOWEB,Northern Colorado at Weber St.: Spread,KXNCAAMBSPREAD-26FEB05UNCOWEB-WEB8,Weber St. wins by over 8.5 Points,0.03,0.08,0.055,0.21,0.05,200,200,200,912202.29,1,2026-02-20 02:00:00+00:00,236.75,,,,,,,,,0
Sports,KXNCAAMBTOTAL-26FEB05UCSBUCD,UC Santa Barbara at UC Davis: Total Points,KXNCAAMBTOTAL-26FEB05UCSBUCD-157,Over 157.5 points scored,0.26,0.32,0.29,0.3,0.06,899,899,899,911776.12,1,2026-02-20 02:00:00+00:00,236.75,,,,,,,,,0
Sports,KXNCAAMBSPREAD-26FEB05NAUIDST,Northern Arizona at Idaho St.: Spread,KXNCAAMBSPREAD-26FEB05NAUIDST-IDST17,Idaho St. wins by over 17.5 Points,0.03,0.07,0.05,0.13,0.04,10,10,10,911530.32,1,2026-02-20 02:00:00+00:00,236.75,,,,,,,,,0
Sports,KXNCAAMBSPREAD-26FEB05UCSBUCD,UC Santa Barbara at UC Davis: Spread,KXNCAAMBSPREAD-26FEB05UCSBUCD-UCSB11,UC Santa Barbara wins by over 11.5 Points,0.03,0.26,0.145,0.2,0.23,340,340,340,898325.25,1,2026-02-20 02:00:00+00:00,236.75,,,,,,,,,0
Sports,KXNCAAMBSPREAD-26FEB05JVSTWKU,Jacksonville St. at Western Kentucky: Spread,KXNCAAMBSPREAD-26FEB05JVSTWKU-JVST3,Jacksonville St. wins by over 3.5 Points,0.17,0.27,0.22,0.31,0.1,14,14,14,847290.92,1,2026-02-20 02:00:00+00:00,236.75,,,,,,,,,0
Sports,KXNCAAWBGAME-26FEB05SFSEA,San Francisco at Seattle,KXNCAAWBGAME-26FEB05SFSEA-SEA,Seattle,0.03,0.24,0.135,0.03,0.21,749,733,722,844359.39,1,2026-02-20 02:00:00+00:00,236.75,,,,,,,,,0
Sports,KXNCAAWBGAME-26FEB05SFSEA,San Francisco at Seattle,KXNCAAWBGAME-26FEB05SFSEA-SF,San Francisco,0.77,0.97,0.87,0.98,0.2,640,613,631,839001.61,1,2026-02-20 02:00:00+00:00,236.75,,,,,,,,,0
Sports,KXNHLSPREAD-26FEB05LAVGK,Los Angeles at Vegas: Spread,KXNHLSPREAD-26FEB05LAVGK-LA1,Los Angeles wins by over 1.5 goals,0.22,0.26,0.24,0.26,0.04,2095,1018,2061,827683.19,1,2026-02-20 03:00:00+00:00,237.75,,,,,,,,,0
Sports,KXNFLOT-26FEB08SEANE,Will the Pro Football Championship go to overtime?,KXNFLOT-26FEB08SEANE-OT,Game goes to overtime,0.07,0.09,0.08,0.09,0.02,506574,162522,496245,736187.02,1,2026-02-15 23:30:00+00:00,138.25,,,,,,,,,0
Sports,KXNCAAWBGAME-26FEB05UCICSB,UC Irvine at Cal State Bakersfield,KXNCAAWBGAME-26FEB05UCICSB-UCI,UC Irvine,0.96,0.98,0.97,0.95,0.02,1028,1026,1028,692036.77,1,2026-02-20 02:30:00+00:00,237.25,,,,,,,,,0
Sports,KXNCAAWBGAME-26FEB05UCICSB,UC Irvine at Cal State Bakersfield,KXNCAAWBGAME-26FEB05UCICSB-CSB,Cal State Bakersfield,0.02,0.03,0.025,0.02,0.01,828,758,809,687970.24,1,2026-02-20 02:30:00+00:00,237.25,,,,,,,,,0
Sports,KXNHLPTS-26FEB05FLATB,FLA Panthers at TB Lightning: Points,KXNHLPTS-26FEB05FLATB-FLABMARCHAND63-1,Brad Marchand: 1+,0.1,0.99,0.545,0.52,0.89,68,68,68,576000.0,1,2026-02-20 00:30:00+00:00,235.25,,,,,,,,,0
Sports,KXNHLTOTAL-26FEB05LAVGK,Los Angeles at Vegas: Total Points,KXNHLTOTAL-26FEB05LAVGK-5,Over 5.5 goals scored,0.53,0.54,0.535,0.54,0.01,40195,23411,38558,328185.07,1,2026-02-20 03:00:00+00:00,237.75,,,,,,,,,0
Sports,KXNHLTOTAL-26FEB05LAVGK,Los Angeles at Vegas: Total Points,KXNHLTOTAL-26FEB05LAVGK-6,Over 6.5 goals scored,0.4,0.41,0.405,0.42,0.01,8221,8007,7690,285506.16,1,2026-02-20 03:00:00+00:00,237.75,,,,,,,,,0
Sports,KXNHLGOAL-26FEB05FLATB,FLA Panthers at TB Lightning: Anytime Goal,KXNHLGOAL-26FEB05FLATB-FLABMARCHAND63,Brad Marchand,0.1,0.89,0.495,0.28,0.79,49,49,49,247708.94,1,2026-02-20 00:30:00+00:00,235.25,,,,,,,,,0
Sports,KXNHLTOTAL-26FEB05LAVGK,Los Angeles at Vegas: Total Points,KXNHLTOTAL-26FEB05LAVGK-7,Over 7.5 goals scored,0.22,0.24,0.23,0.27,0.02,3663,3654,3663,243302.97,1,2026-02-20 03:00:00+00:00,237.75,,,,,,,,,0
Sports,KXNHLFIRSTGOAL-26FEB05NSHWSH,NSH Predators at WSH Capitals: First Goal,KXNHLFIRSTGOAL-26FEB05NSHWSH-WSHSMILANO15,Sonny Milano,0.0,0.15,0.2,0.2,,44,44,44,198351.22,1,2026-02-20 00:00:00+00:00,234.75,,,,,,,,,0
Sports,KXNHLTOTAL-26FEB05LAVGK,Los Angeles at Vegas: Total Points,KXNHLTOTAL-26FEB05LAVGK-3,Over 3.5 goals scored,0.86,0.87,0.865,0.87,0.01,1549,1257,1549,192680.04,1,2026-02-20 03:00:00+00:00,237.75,,,,,,,,,0
Sports,KXEPLGAME-26FEB06LEENFO,Leeds United vs Nottingham,KXEPLGAME-26FEB06LEENFO-NFO,Nottingham,0.27,0.28,0.275,0.28,0.01,24673,10488,20850,171253.08,1,2026-02-20 20:00:00+00:00,254.75,,,,,,,,,0
Sports,KXNHLTOTAL-26FEB05LAVGK,Los Angeles at Vegas: Total Points,KXNHLTOTAL-26FEB05LAVGK-4,Over 4.5 goals scored,0.73,0.76,0.745,0.76,0.03,98,91,88,169092.31,1,2026-02-20 03:00:00+00:00,237.75,,,,,,,,,0
Sports,KXLALIGAGAME-26FEB06RCCOSA,Celta Vigo vs Osasuna,KXLALIGAGAME-26FEB06RCCOSA-RCC,Celta Vigo,0.49,0.5,0.495,0.5,0.01,16385,10594,13664,164374.68,1,2026-02-20 20:00:00+00:00,254.75,,,,,,,,,0
Sports,KXEPLGAME-26FEB06LEENFO,Leeds United vs Nottingham,KXEPLGAME-26FEB06LEENFO-LEE,Leeds United,0.43,0.44,0.435,0.44,0.01,17875,7811,15229,163850.26,1,2026-02-20 20:00:00+00:00,254.75,,,,,,,,,0
Sports,KXATPCHALLENGERMATCH-26FEB05BOLUCH,Bolt vs Uchiyama,KXATPCHALLENGERMATCH-26FEB05BOLUCH-UCH,Yasutaka Uchiyama,0.56,0.57,0.565,0.59,0.01,216559,189685,156679,163540.15,1,2026-02-20 01:00:00+00:00,235.75,,,,,,,,,0
Sports,KXEPLGAME-26FEB06LEENFO,Leeds United vs Nottingham,KXEPLGAME-26FEB06LEENFO-TIE,Tie,0.28,0.29,0.285,0.29,0.01,5629,1998,5023,151474.04,1,2026-02-20 20:00:00+00:00,254.75,,,,,,,,,0
Sports,KXNHLFIRSTGOAL-26FEB05FLATB,FLA Panthers at TB Lightning: First Goal,KXNHLFIRSTGOAL-26FEB05FLATB-FLAERODRIGUES17,Evan Rodrigues,0.01,0.87,0.44,0.04,0.86,585,585,585,148905.2,1,2026-02-20 00:30:00+00:00,235.25,,,,,,,,,0
Sports,KXATPCHALLENGERMATCH-26FEB05BOLUCH,Bolt vs Uchiyama,KXATPCHALLENGERMATCH-26FEB05BOLUCH-BOL,Alex Bolt,0.42,0.45,0.435,0.42,0.03,218527,182981,110676,143740.16,1,2026-02-20 01:00:00+00:00,235.75,,,,,,,,,0
Sports,KXNCAAMBGAME-26FEB05UTAUTU,UT Arlington at Utah Tech,KXNCAAMBGAME-26FEB05UTAUTU-UTA,UT Arlington,0.53,0.54,0.535,0.54,0.01,22724,20953,17734,136893.88,1,2026-02-20 02:00:00+00:00,236.75,,,,,,,,,0
Sports,KXNCAAMBGAME-26FEB05UTAUTU,UT Arlington at Utah Tech,KXNCAAMBGAME-26FEB05UTAUTU-UTU,Utah Tech,0.48,0.49,0.485,0.48,0.01,13292,10745,9934,133192.1,1,2026-02-20 02:00:00+00:00,236.75,,,,,,,,,0
Sports,KXLIGUE1GAME-26FEB06FCMLIL,Metz vs Lille,KXLIGUE1GAME-26FEB06FCMLIL-LIL,Lille,0.59,0.6,0.595,0.6,0.01,26303,21971,25660,133093.19,1,2026-02-20 19:45:00+00:00,254.5,,,,,,,,,0
Sports,KXNCAAMBGAME-26FEB05UNCOWEB,Northern Colorado at Weber St.,KXNCAAMBGAME-26FEB05UNCOWEB-WEB,Weber St.,0.21,0.22,0.215,0.21,0.01,30136,23620,21078,132309.46,1,2026-02-20 02:00:00+00:00,236.75,,,,,,,,,0
Sports,KXNCAAMBGAME-26FEB05EIUTNST,Eastern Illinois at Tennessee St.,KXNCAAMBGAME-26FEB05EIUTNST-EIU,Eastern Illinois,0.21,0.23,0.22,0.21,0.02,35802,26955,27730,131307.13,1,2026-02-20 01:30:00+00:00,236.25,,,,,,,,,0
Sports,KXSERIEAGAME-26FEB06VERPIS,Hellas Verona vs Pisa,KXSERIEAGAME-26FEB06VERPIS-VER,Hellas Verona,0.41,0.42,0.415,0.42,0.01,3847,1487,3095,130709.88,1,2026-02-20 19:45:00+00:00,254.5,,,,,,,,,0
Sports,KXNCAAMBGAME-26FEB05NEOMUND,Omaha at North Dakota,KXNCAAMBGAME-26FEB05NEOMUND-UND,North Dakota,0.35,0.36,0.355,0.35,0.01,103682,81333,66635,127683.56,1,2026-02-20 01:00:00+00:00,235.75,,,,,,,,,0
Sports,KXNCAAMBGAME-26FEB05NEOMUND,Omaha at North Dakota,KXNCAAMBGAME-26FEB05NEOMUND-NEOM,Omaha,0.64,0.65,0.645,0.64,0.01,57131,44669,40035,125953.66,1,2026-02-20 01:00:00+00:00,235.75,,,,,,,,,0
Sports,KXSERIEAGAME-26FEB06VERPIS,Hellas Verona vs Pisa,KXSERIEAGAME-26FEB06VERPIS-PIS,Pisa,0.27,0.28,0.275,0.28,0.01,941,451,688,125683.57,1,2026-02-20 19:45:00+00:00,254.5,,,,,,,,,0
Sports,KXNCAAMBGAME-26FEB05EIUTNST,Eastern Illinois at Tennessee St.,KXNCAAMBGAME-26FEB05EIUTNST-TNST,Tennessee St.,0.77,0.78,0.775,0.77,0.01,21952,14682,18069,125636.43,1,2026-02-20 01:30:00+00:00,236.25,,,,,,,,,0
Sports,KXNCAAMBGAME-26FEB05DENNDSU,Denver at North Dakota St.,KXNCAAMBGAME-26FEB05DENNDSU-NDSU,North Dakota St.,0.09,0.12,0.105,0.1,0.03,192396,147534,144436,110436.32,1,2026-02-20 01:00:00+00:00,235.75,,,,,,,,,0
Sports,KXWTAMATCH-26FEB06BEJTAU,Bejlek vs Tauson,KXWTAMATCH-26FEB06BEJTAU-TAU,Clara Tauson,0.67,0.68,0.675,0.68,0.01,989,954,983,106595.3,1,2026-02-20 12:00:00+00:00,246.75,,,,,,,,,0
Sports,KXNCAAMBGAME-26FEB05UNCOWEB,Northern Colorado at Weber St.,KXNCAAMBGAME-26FEB05UNCOWEB-UNCO,Northern Colorado,0.8,0.81,0.805,0.81,0.01,20374,16799,16211,104762.78,1,2026-02-20 02:00:00+00:00,236.75,,,,,,,,,0
Sports,KXLALIGAGAME-26FEB06RCCOSA,Celta Vigo vs Osasuna,KXLALIGAGAME-26FEB06RCCOSA-OSA,Osasuna,0.22,0.23,0.225,0.23,0.01,4527,2770,3974,104292.26,1,2026-02-20 20:00:00+00:00,254.75,,,,,,,,,0
Sports,KXCS2TOTALMAPS-26FEB01NRGMOUZ,IEM Krakow 2026: NRG vs. MOUZ Total Maps,KXCS2TOTALMAPS-26FEB01NRGMOUZ-3,Over 2.5 maps,0.0,0.34,0.34,0.34,,2736,13,1982,99445.85,1,2026-02-15 13:00:00+00:00,127.75,,,,,,,,,0
Sports,KXSERIEAGAME-26FEB06VERPIS,Hellas Verona vs Pisa,KXSERIEAGAME-26FEB06VERPIS-TIE,Tie,0.31,0.32,0.315,0.32,0.01,2140,1125,1833,93156.23,1,2026-02-20 19:45:00+00:00,254.5,,,,,,,,,0
Sports,KXBUNDESLIGAGAME-26FEB06UNISGE,Union Berlin vs Frankfurt,KXBUNDESLIGAGAME-26FEB06UNISGE-SGE,Frankfurt,0.27,0.28,0.275,0.28,0.01,8930,4980,8415,90817.64,1,2026-02-20 19:30:00+00:00,254.25,,,,,,,,,0
Sports,KXLIGUE1GAME-26FEB06FCMLIL,Metz vs Lille,KXLIGUE1GAME-26FEB06FCMLIL-FCM,Metz,0.17,0.18,0.175,0.18,0.01,2573,2523,1384,88743.95,1,2026-02-20 19:45:00+00:00,254.5,,,,,,,,,0
Sports,KXLALIGAGAME-26FEB06RCCOSA,Celta Vigo vs Osasuna,KXLALIGAGAME-26FEB06RCCOSA-TIE,Tie,0.28,0.29,0.285,0.28,0.01,759,628,619,87588.08,1,2026-02-20 20:00:00+00:00,254.75,,,,,,,,,0
Sports,KXNCAAMBSPREAD-26FEB05OSUMD,Ohio St. at Maryland: Spread,KXNCAAMBSPREAD-26FEB05OSUMD-OSU13,Ohio St. wins by over 13.5 Points,0.5,0.51,0.505,0.5,0.01,54273,16038,53265,85874.65,1,2026-02-20 01:30:00+00:00,236.25,,,,,,,,,0
Sports,KXBUNDESLIGAGAME-26FEB06UNISGE,Union Berlin vs Frankfurt,KXBUNDESLIGAGAME-26FEB06UNISGE-TIE,Tie,0.27,0.28,0.275,0.28,0.01,820,298,811,85561.24,1,2026-02-20 19:30:00+00:00,254.25,,,,,,,,,0
Sports,KXNCAAMBGAME-26FEB05DENNDSU,Denver at North Dakota St.,KXNCAAMBGAME-26FEB05DENNDSU-DEN,Denver,0.87,0.89,0.88,0.87,0.02,295644,240695,184432,82602.65,1,2026-02-20 01:00:00+00:00,235.75,,,,,,,,,0
Sports,KXBUNDESLIGAGAME-26FEB06UNISGE,Union Berlin vs Frankfurt,KXBUNDESLIGAGAME-26FEB06UNISGE-UNI,Union Berlin,0.44,0.45,0.445,0.45,0.01,4025,2768,3757,81830.15,1,2026-02-20 19:30:00+00:00,254.25,,,,,,,,,0
Sports,KXWTAMATCH-26FEB06CIRSNI,Cirstea vs Snigur,KXWTAMATCH-26FEB06CIRSNI-CIR,Sorana Cirstea,0.71,0.72,0.715,0.75,0.01,399,399,399,77963.5,1,2026-02-20 16:10:00+00:00,250.92,,,,,,,,,0
Sports,KXNCAAMBSPREAD-26FEB05MEMUAB,Memphis at UAB: Spread,KXNCAAMBSPREAD-26FEB05MEMUAB-MEM11,Memphis wins by over 11.5 Points,0.19,0.22,0.205,0.21,0.03,3253,1962,2256,77286.49,1,2026-02-20 02:00:00+00:00,236.75,,,,,,,,,0
Sports,KXLIGUE1GAME-26FEB06FCMLIL,Metz vs Lille,KXLIGUE1GAME-26FEB06FCMLIL-TIE,Tie,0.22,0.23,0.225,0.23,0.01,367,189,264,74795.36,1,2026-02-20 19:45:00+00:00,254.5,,,,,,,,,0
Sports,KXNCAAMBSPREAD-26FEB05OSUMD,Ohio St. at Maryland: Spread,KXNCAAMBSPREAD-26FEB05OSUMD-OSU19,Ohio St. wins by over 19.5 Points,0.15,0.24,0.195,0.18,0.09,420,420,420,74094.98,1,2026-02-20 01:30:00+00:00,236.25,,,,,,,,,0
Sports,KXEUROLEAGUEGAME-26FEB06ZALEFS,BC Zalgiris Kaunas at Anadolu Efes SK,KXEUROLEAGUEGAME-26FEB06ZALEFS-EFS,Anadolu Efes SK,0.45,0.46,0.455,0.45,0.01,106,106,64,74018.68,1,2026-02-20 17:30:00+00:00,252.25,,,,,,,,,0
Sports,KXATPCHALLENGERMATCH-26FEB05ELLMCC,Ellis vs McCabe,KXATPCHALLENGERMATCH-26FEB05ELLMCC-MCC,James McCabe,0.68,0.71,0.695,0.71,0.03,343,343,343,72441.93,1,2026-02-20 04:40:00+00:00,239.42,,,,,,,,,0
Sports,KXNCAAMBSPREAD-26FEB05ACUVU,Abilene Christian at Utah Valley: Spread,KXNCAAMBSPREAD-26FEB05ACUVU-UVU19,Utah Valley wins by over 19.5 Points,0.1,0.79,0.445,0.76,0.69,766,660,532,70021.76,1,2026-02-20 01:00:00+00:00,235.75,,,,,,,,,0
Sports,KXNCAAMBSPREAD-26FEB05MEMUAB,Memphis at UAB: Spread,KXNCAAMBSPREAD-26FEB05MEMUAB-MEM8,Memphis wins by over 8.5 Points,0.29,0.31,0.3,0.31,0.02,10400,6113,5684,69792.82,1,2026-02-20 02:00:00+00:00,236.75,,,,,,,,,0
Sports,KXWTAMATCH-26FEB06BAPALE,Baptiste vs Alexandrova,KXWTAMATCH-26FEB06BAPALE-ALE,Ekaterina Alexandrova,0.75,0.76,0.755,0.76,0.01,875,875,869,68726.82,1,2026-02-20 14:00:00+00:00,248.75,,,,,,,,,0
Sports,KXEUROLEAGUEGAME-26FEB06VIBOPI,Virtus Bologna at BC Olympiakos Piraeus,KXEUROLEAGUEGAME-26FEB06VIBOPI-VIB,Virtus Bologna,0.11,0.13,0.12,0.13,0.02,1767,1355,1738,66659.76,1,2026-02-20 19:15:00+00:00,254.0,,,,,,,,,0
Sports,KXWTAMATCH-26FEB06SASGRA,Sasnovich vs Gracheva,KXWTAMATCH-26FEB06SASGRA-SAS,Aliaksandra Sasnovich,0.64,0.67,0.655,0.67,0.03,82,82,42,65202.74,1,2026-02-20 08:00:00+00:00,242.75,,,,,,,,,0
Sports,KXNCAAMBSPREAD-26FEB05MEMUAB,Memphis at UAB: Spread,KXNCAAMBSPREAD-26FEB05MEMUAB-MEM2,Memphis wins by over 2.5 Points,0.56,0.58,0.57,0.58,0.02,7726,6993,7275,64271.86,1,2026-02-20 02:00:00+00:00,236.75,,,,,,,,,0
Sports,KXEUROLEAGUEGAME-26FEB06OLMASV,Olimpia Milano at ASVEL Lyon-Villeurbanne,KXEUROLEAGUEGAME-26FEB06OLMASV-OLM,Olimpia Milano,0.58,0.6,0.59,0.6,0.02,41,41,34,63304.35,1,2026-02-20 19:00:00+00:00,253.75,,,,,,,,,0
Sports,KXWTAMATCH-26FEB06KARWAL,Kartal vs Waltert,KXWTAMATCH-26FEB06KARWAL-KAR,Sonay Kartal,0.78,0.8,0.79,0.8,0.02,38,38,38,63276.81,1,2026-02-20 07:00:00+00:00,241.75,,,,,,,,,0
Sports,KXNCAAMBGAME-26FEB05MORESEMO,Morehead St. at Southeast Missouri St.,KXNCAAMBGAME-26FEB05MORESEMO-MORE,Morehead St.,0.02,0.03,0.025,0.06,0.01,37021,35557,31369,63233.53,1,2026-02-20 01:30:00+00:00,236.25,,,,,,,,,0
Sports,KXEUROLEAGUEGAME-26FEB06FCBBVG,FC Barcelona at Baskonia Vitoria-Gasteiz,KXEUROLEAGUEGAME-26FEB06FCBBVG-BVG,Baskonia Vitoria-Gasteiz,0.4,0.43,0.415,0.43,0.03,5,5,5,63071.55,1,2026-02-20 19:30:00+00:00,254.25,,,,,,,,,0
Sports,KXNCAAMBSPREAD-26FEB05IDHOMTST,Idaho at Montana St.: Spread,KXNCAAMBSPREAD-26FEB05IDHOMTST-MTST6,Montana St. wins by over 6.5 Points,0.56,0.59,0.575,0.79,0.03,6544,6544,5253,63002.52,1,2026-02-20 02:00:00+00:00,236.75,,,,,,,,,0
Sports,KXWTAMATCH-26FEB06ZAKGRA,Zakharova vs Grabher,KXWTAMATCH-26FEB06ZAKGRA-ZAK,Anastasia Zakharova,0.64,0.65,0.645,0.63,0.01,1913,1913,128,62599.72,1,2026-02-20 08:00:00+00:00,242.75,,,,,,,,,0
Sports,KXNCAAMBSPREAD-26FEB05MEMUAB,Memphis at UAB: Spread,KXNCAAMBSPREAD-26FEB05MEMUAB-MEM5,Memphis wins by over 5.5 Points,0.42,0.45,0.435,0.45,0.03,12867,7950,6165,62445.88,1,2026-02-20 02:00:00+00:00,236.75,,,,,,,,,0
Sports,KXNCAAMBSPREAD-26FEB05IDHOMTST,Idaho at Montana St.: Spread,KXNCAAMBSPREAD-26FEB05IDHOMTST-MTST9,Montana St. wins by over 9.5 Points,0.42,0.45,0.435,0.45,0.03,3394,519,2219,62309.27,1,2026-02-20 02:00:00+00:00,236.75,,,,,,,,,0
Sports,KXWTAMATCH-26FEB06RADOLI,Raducanu vs Oliynykova,KXWTAMATCH-26FEB06RADOLI-RAD,Emma Raducanu,0.83,0.84,0.835,0.85,0.01,2244,2244,2230,62134.89,1,2026-02-20 13:00:00+00:00,247.75,,,,,,,,,0
Sports,KXNCAAMBGAME-26FEB05USIUTM,Southern Indiana at Tennessee-Martin,KXNCAAMBGAME-26FEB05USIUTM-USI,Southern Indiana,0.02,0.03,0.025,0.03,0.01,16949,15414,14754,61669.93,1,2026-02-20 01:30:00+00:00,236.25,,,,,,,,,0
Sports,KXEUROLEAGUEGAME-26FEB06ZALEFS,BC Zalgiris Kaunas at Anadolu Efes SK,KXEUROLEAGUEGAME-26FEB06ZALEFS-ZAL,BC Zalgiris Kaunas,0.52,0.55,0.535,0.55,0.03,469,469,258,61643.89,1,2026-02-20 17:30:00+00:00,252.25,,,,,,,,,0
Sports,KXNCAAMBSPREAD-26FEB05IDHOMTST,Idaho at Montana St.: Spread,KXNCAAMBSPREAD-26FEB05IDHOMTST-MTST3,Montana St. wins by over 3.5 Points,0.68,0.74,0.71,0.81,0.06,28267,28248,26798,61578.61,1,2026-02-20 02:00:00+00:00,236.75,,,,,,,,,0
Sports,KXEUROLEAGUEGAME-26FEB06OLMASV,Olimpia Milano at ASVEL Lyon-Villeurbanne,KXEUROLEAGUEGAME-26FEB06OLMASV-ASV,ASVEL Lyon-Villeurbanne,0.39,0.42,0.405,0.42,0.03,8,8,8,61046.71,1,2026-02-20 19:00:00+00:00,253.75,,,,,,,,,0
Sports,KXWTAMATCH-26FEB06FRECEN,Frech vs Cengiz,KXWTAMATCH-26FEB06FRECEN-FRE,Magdalena Frech,0.9,0.91,0.905,0.9,0.01,371,371,342,60371.78,1,2026-02-20 07:00:00+00:00,241.75,,,,,,,,,0
Sports,KXLOLGAME-26FEB06BRODRX,LCK Cup 2026: OKSavingsBank BRION vs. DRX,KXLOLGAME-26FEB06BRODRX-BRO,OKSavingsBank BRION,0.41,0.43,0.42,0.41,0.02,105,22,84,60323.73,1,2026-02-20 08:00:00+00:00,242.75,,,,,,,,,0
Sports,KXEUROLEAGUEGAME-26FEB06FCBBVG,FC Barcelona at Baskonia Vitoria-Gasteiz,KXEUROLEAGUEGAME-26FEB06FCBBVG-FCB,FC Barcelona,0.57,0.58,0.575,0.58,0.01,18,18,17,60183.22,1,2026-02-20 19:30:00+00:00,254.25,,,,,,,,,0
Sports,KXWTAMATCH-26FEB06KAWSEI,Kawa vs Seidel,KXWTAMATCH-26FEB06KAWSEI-SEI,Ella Seidel,0.78,0.81,0.795,0.8,0.03,8,8,8,60100.24,1,2026-02-20 07:00:00+00:00,241.75,,,,,,,,,0
Sports,KXEUROLEAGUEGAME-26FEB06MTACZV,Maccabi Tel-Aviv at KK Crvena zvezda Belgrade,KXEUROLEAGUEGAME-26FEB06MTACZV-MTA,Maccabi Tel-Aviv,0.25,0.28,0.265,0.28,0.03,189,189,189,59659.39,1,2026-02-20 19:00:00+00:00,253.75,,,,,,,,,0
Sports,KXEUROLEAGUEGAME-26FEB06MTACZV,Maccabi Tel-Aviv at KK Crvena zvezda Belgrade,KXEUROLEAGUEGAME-26FEB06MTACZV-CZV,KK Crvena zvezda Belgrade,0.72,0.74,0.73,0.72,0.02,132,132,115,59309.61,1,2026-02-20 19:00:00+00:00,253.75,,,,,,,,,0
Sports,KXLOLGAME-26FEB06WBIG,LPL 2026: Weibo Gaming vs. Invictus Gaming,KXLOLGAME-26FEB06WBIG-WB,Weibo Gaming,0.65,0.66,0.655,0.66,0.01,2747,1739,2747,59246.74,1,2026-02-20 07:00:00+00:00,241.75,,,,,,,,,0
Sports,KXNCAAMBSPREAD-26FEB05MEMUAB,Memphis at UAB: Spread,KXNCAAMBSPREAD-26FEB05MEMUAB-MEM14,Memphis wins by over 14.5 Points,0.08,0.13,0.105,0.17,0.05,457,98,357,58776.31,1,2026-02-20 02:00:00+00:00,236.75,,,,,,,,,0
Sports,KXWTAMATCH-26FEB06COCGOR,Cocciaretto vs Gorgodze,KXWTAMATCH-26FEB06COCGOR-COC,Elisabetta Cocciaretto,0.84,0.87,0.855,0.87,0.03,42,42,42,58397.92,1,2026-02-20 07:00:00+00:00,241.75,,,,,,,,,0
Sports,KXWTAMATCH-26FEB06ZVOZHA,Zvonareva vs Zhang,KXWTAMATCH-26FEB06ZVOZHA-ZHA,Shuai Zhang,0.74,0.77,0.755,0.78,0.03,3,3,3,58320.12,1,2026-02-20 07:00:00+00:00,241.75,,,,,,,,,0
Sports,KXNCAAMBSPREAD-26FEB05NEOMUND,Omaha at North Dakota: Spread,KXNCAAMBSPREAD-26FEB05NEOMUND-NEOM2,Omaha wins by over 2.5 Points,0.5,0.59,0.545,0.5,0.09,4403,4341,4318,57227.18,1,2026-02-20 01:00:00+00:00,235.75,,,,,,,,,0
Sports,KXNCAAMBSPREAD-26FEB05UCSBUCD,UC Santa Barbara at UC Davis: Spread,KXNCAAMBSPREAD-26FEB05UCSBUCD-UCD1,UC Davis wins by over 1.5 Points,0.53,0.58,0.555,0.48,0.05,1613,1613,1437,56837.75,1,2026-02-20 02:00:00+00:00,236.75,,,,,,,,,0
Sports,KXNCAAMBSPREAD-26FEB05UCSBUCD,UC Santa Barbara at UC Davis: Spread,KXNCAAMBSPREAD-26FEB05UCSBUCD-UCD4,UC Davis wins by over 4.5 Points,0.34,0.38,0.36,0.48,0.04,2266,1012,2105,56713.53,1,2026-02-20 02:00:00+00:00,236.75,,,,,,,,,0
Sports,KXLOLGAME-26FEB06WBIG,LPL 2026: Weibo Gaming vs. Invictus Gaming,KXLOLGAME-26FEB06WBIG-IG,Invictus Gaming,0.34,0.35,0.345,0.36,0.01,1196,1150,1165,56547.95,1,2026-02-20 07:00:00+00:00,241.75,,,,,,,,,0
Sports,KXNCAAMBSPREAD-26FEB05OSUMD,Ohio St. at Maryland: Spread,KXNCAAMBSPREAD-26FEB05OSUMD-OSU10,Ohio St. wins by over 10.5 Points,0.56,0.61,0.585,0.59,0.05,15196,15196,10268,56363.02,1,2026-02-20 01:30:00+00:00,236.25,,,,,,,,,0
Sports,KXKBLGAME-26FEB06PHOKNI,Mobis Phoebus at Seoul SK Knights,KXKBLGAME-26FEB06PHOKNI-KNI,Seoul SK Knights,0.67,0.7,0.685,0.69,0.03,594,592,449,56175.15,1,2026-02-20 10:00:00+00:00,244.75,,,,,,,,,0
Sports,KXNCAAMBSPREAD-26FEB05UCSBUCD,UC Santa Barbara at UC Davis: Spread,KXNCAAMBSPREAD-26FEB05UCSBUCD-UCSB2,UC Santa Barbara wins by over 2.5 Points,0.3,0.36,0.33,0.34,0.06,28010,28010,26068,56003.95,1,2026-02-20 02:00:00+00:00,236.75,,,,,,,,,0
Sports,KXNCAAMBSPREAD-26FEB05UCSBUCD,UC Santa Barbara at UC Davis: Spread,KXNCAAMBSPREAD-26FEB05UCSBUCD-UCSB5,UC Santa Barbara wins by over 5.5 Points,0.16,0.23,0.195,0.2,0.07,2309,2297,2225,55836.58,1,2026-02-20 02:00:00+00:00,236.75,,,,,,,,,0
Sports,KXNCAAMBSPREAD-26FEB05NEOMUND,Omaha at North Dakota: Spread,KXNCAAMBSPREAD-26FEB05NEOMUND-NEOM5,Omaha wins by over 5.5 Points,0.29,0.37,0.33,0.48,0.08,1425,1425,1355,55834.5,1,2026-02-20 01:00:00+00:00,235.75,,,,,,,,,0
Sports,KXNCAAMBSPREAD-26FEB05NEOMUND,Omaha at North Dakota: Spread,KXNCAAMBSPREAD-26FEB05NEOMUND-UND1,North Dakota wins by over 1.5 Points,0.16,0.27,0.215,0.47,0.11,16333,15983,13807,55586.52,1,2026-02-20 01:00:00+00:00,235.75,,,,,,,,,0
Sports,KXNCAAMBGAME-26FEB05LINWUALR,Lindenwood at Little Rock,KXNCAAMBGAME-26FEB05LINWUALR-LINW,Lindenwood,0.63,0.65,0.64,0.65,0.02,141755,77618,107878,55140.32,1,2026-02-20 01:00:00+00:00,235.75,,,,,,,,,0
Sports,KXWTAMATCH-26FEB06BEJTAU,Bejlek vs Tauson,KXWTAMATCH-26FEB06BEJTAU-BEJ,Sara Bejlek,0.33,0.34,0.335,0.34,0.01,978,978,974,54749.26,1,2026-02-20 12:00:00+00:00,246.75,,,,,,,,,0
Sports,KXEUROLEAGUEGAME-26FEB06VIBOPI,Virtus Bologna at BC Olympiakos Piraeus,KXEUROLEAGUEGAME-26FEB06VIBOPI-OPI,BC Olympiakos Piraeus,0.86,0.87,0.865,0.86,0.01,1502,502,1001,54682.26,1,2026-02-20 19:15:00+00:00,254.0,,,,,,,,,0
Sports,KXNBLGAME-26FEB06BRITAS,Brisbane Bullets at Tasmania Jackjumpers,KXNBLGAME-26FEB06BRITAS-BRI,Brisbane Bullets,0.16,0.17,0.165,0.17,0.01,1540,1540,483,54307.06,1,2026-02-20 08:30:00+00:00,243.25,,,,,,,,,0
Sports,KXCS2GAME-26FEB06MOUZG2,IEM Krakow 2026: MOUZ vs. G2,KXCS2GAME-26FEB06MOUZG2-G2,G2,0.39,0.4,0.395,0.4,0.01,5259,3038,4041,54010.51,1,2026-02-20 18:00:00+00:00,252.75,,,,,,,,,0
Sports,KXLOLGAME-26FEB06BRODRX,LCK Cup 2026: OKSavingsBank BRION vs. DRX,KXLOLGAME-26FEB06BRODRX-DRX,DRX,0.55,0.57,0.56,0.57,0.02,7573,4998,7551,53628.72,1,2026-02-20 08:00:00+00:00,242.75,,,,,,,,,0
Sports,KXLOLGAME-26FEB06BLGAL,LPL 2026: Bilibili Gaming vs. Anyone's Legend,KXLOLGAME-26FEB06BLGAL-BLG,Bilibili Gaming,0.51,0.52,0.515,0.52,0.01,1065,628,1028,53520.39,1,2026-02-20 09:00:00+00:00,243.75,,,,,,,,,0
Sports,KXCS2GAME-26FEB06MOUZG2,IEM Krakow 2026: MOUZ vs. G2,KXCS2GAME-26FEB06MOUZG2-MOUZ,MOUZ,0.61,0.62,0.615,0.62,0.01,7773,2757,7555,51375.39,1,2026-02-20 18:00:00+00:00,252.75,,,,,,,,,0
Sports,KXATPMATCH-26FEB06MANGEA,Mannarino vs Gea,KXATPMATCH-26FEB06MANGEA-GEA,Arthur Gea,0.58,0.59,0.585,0.6,0.01,18637,18567,17931,50941.13,1,2026-02-20 11:30:00+00:00,246.25,,,,,,,,,0
Sports,KXBUNDESLIGATOTAL-26FEB06UNISGE,Frankfurt at Union Berlin: Totals,KXBUNDESLIGATOTAL-26FEB06UNISGE-1,Over 1.5 goals scored,0.72,0.74,0.73,0.74,0.02,180,154,154,50368.52,1,2026-02-20 19:30:00+00:00,254.25,,,,,,,,,0
Sports,KXATPCHALLENGERMATCH-26FEB06BARTRA,Barranco Cosano vs Travaglia,KXATPCHALLENGERMATCH-26FEB06BARTRA-TRA,Stefano Travaglia,0.72,0.75,0.735,0.75,0.03,20,20,20,49989.94,1,2026-02-20 11:00:00+00:00,245.75,,,,,,,,,0
Sports,KXNCAAMBGAME-26FEB05LINWUALR,Lindenwood at Little Rock,KXNCAAMBGAME-26FEB05LINWUALR-UALR,Little Rock,0.38,0.39,0.385,0.38,0.01,42696,37156,33528,49956.93,1,2026-02-20 01:00:00+00:00,235.75,,,,,,,,,0
Sports,KXNBLGAME-26FEB06CARPER,Cairns Taipans at Perth Wildcats,KXNBLGAME-26FEB06CARPER-CAR,Cairns Taipans,0.08,0.09,0.085,0.09,0.01,2202,2202,1584,49784.51,1,2026-02-20 10:30:00+00:00,245.25,,,,,,,,,0
Sports,KXCS2GAME-26FEB06FURIAAUR,IEM Krakow 2026: FURIA vs. Aurora Gaming,KXCS2GAME-26FEB06FURIAAUR-AUR,Aurora Gaming,0.34,0.37,0.355,0.37,0.03,8590,5207,8196,49098.76,1,2026-02-20 14:45:00+00:00,249.5,,,,,,,,,0
Sports,KXWTAMATCH-26FEB06VALROD,Valentova vs Rodionova,KXWTAMATCH-26FEB06VALROD-VAL,Tereza Valentova,0.93,0.95,0.94,0.94,0.02,910,910,910,49000.71,1,2026-02-20 07:00:00+00:00,241.75,,,,,,,,,0
Sports,KXCS2GAME-26FEB06FURIAAUR,IEM Krakow 2026: FURIA vs. Aurora Gaming,KXCS2GAME-26FEB06FURIAAUR-FURIA,FURIA,0.63,0.65,0.64,0.65,0.02,7118,2631,6022,48518.73,1,2026-02-20 14:45:00+00:00,249.5,,,,,,,,,0
Sports,KXNCAAMBSPREAD-26FEB05OSUMD,Ohio St. at Maryland: Spread,KXNCAAMBSPREAD-26FEB05OSUMD-OSU7,Ohio St. wins by over 7.5 Points,0.74,0.75,0.745,0.74,0.01,165831,165794,123371,48509.05,1,2026-02-20 01:30:00+00:00,236.25,,,,,,,,,0
Sports,KXSCOTTISHPREMGAME-26FEB04DUNMOT,Dundee FC vs Motherwell,KXSCOTTISHPREMGAME-26FEB04DUNMOT-MOT,Motherwell,0.42,0.5,0.46,0.49,0.08,17492,1731,9929,48482.11,1,2026-02-18 19:45:00+00:00,206.5,-0.1875,-0.071429,-0.071429,0.026471,0.1875,0.073478,1.3058,0.211765,16
Sports,KXEFLCHAMPIONSHIPGAME-26FEB06CHAQPR,Charlton vs QPR,KXEFLCHAMPIONSHIPGAME-26FEB06CHAQPR-TIE,Tie,0.3,0.31,0.305,0.31,0.01,131,61,131,48363.3,1,2026-02-20 20:01:00+00:00,254.77,,,,,,,,,0
Sports,KXKBLGAME-26FEB06PHOKNI,Mobis Phoebus at Seoul SK Knights,KXKBLGAME-26FEB06PHOKNI-PHO,Mobis Phoebus,0.31,0.33,0.32,0.33,0.02,71,71,41,48319.75,1,2026-02-20 10:00:00+00:00,244.75,,,,,,,,,0
Sports,KXNCAAMBSPREAD-26FEB05OSUMD,Ohio St. at Maryland: Spread,KXNCAAMBSPREAD-26FEB05OSUMD-OSU16,Ohio St. wins by over 16.5 Points,0.31,0.34,0.325,0.3,0.03,334,334,334,47863.41,1,2026-02-20 01:30:00+00:00,236.25,,,,,,,,,0
Sports,KXNCAAMBGAME-26FEB05WIUTNTC,Western Illinois at Tennessee Tech,KXNCAAMBGAME-26FEB05WIUTNTC-WIU,Western Illinois,0.02,0.03,0.025,0.02,0.01,9670,6283,7820,47635.59,1,2026-02-20 01:30:00+00:00,236.25,,,,,,,,,0
Sports,KXNBLGAME-26FEB06BRITAS,Brisbane Bullets at Tasmania Jackjumpers,KXNBLGAME-26FEB06BRITAS-TAS,Tasmania Jackjumpers,0.82,0.84,0.83,0.82,0.02,307,307,237,47496.63,1,2026-02-20 08:30:00+00:00,243.25,,,,,,,,,0
Sports,KXNCAAMBSPREAD-26FEB05OSUMD,Ohio St. at Maryland: Spread,KXNCAAMBSPREAD-26FEB05OSUMD-OSU22,Ohio St. wins by over 22.5 Points,0.06,0.15,0.105,0.16,0.09,189,189,189,46413.72,1,2026-02-20 01:30:00+00:00,236.25,,,,,,,,,0
Sports,KXNBASPREAD-26FEB05CHAHOU,Charlotte at Houston: Spread,KXNBASPREAD-26FEB05CHAHOU-CHA3,Charlotte wins by over 3.5 Points,0.78,0.79,0.785,0.77,0.01,76839,69377,49801,45560.01,1,2026-02-20 01:00:00+00:00,235.75,,,,,,,,,0
Sports,KXNCAAMBSPREAD-26FEB05OSUMD,Ohio St. at Maryland: Spread,KXNCAAMBSPREAD-26FEB05OSUMD-OSU1,Ohio St. wins by over 1.5 Points,0.87,0.95,0.91,0.92,0.08,11,11,11,45523.76,1,2026-02-20 01:30:00+00:00,236.25,,,,,,,,,0
Sports,KXSERIEATOTAL-26FEB06VERPIS,Pisa at Hellas Verona: Totals,KXSERIEATOTAL-26FEB06VERPIS-2,Over 2.5 goals scored,0.38,0.4,0.39,0.41,0.02,820,638,819,45244.46,1,2026-02-20 19:45:00+00:00,254.5,,,,,,,,,0
Sports,KXEFLCHAMPIONSHIPGAME-26FEB06CHAQPR,Charlton vs QPR,KXEFLCHAMPIONSHIPGAME-26FEB06CHAQPR-QPR,QPR,0.34,0.37,0.355,0.37,0.03,1145,755,1036,44370.9,1,2026-02-20 20:01:00+00:00,254.77,,,,,,,,,0
Sports,KXWTAMATCH-26FEB06RUZSTA,Ruzic vs Starodubtseva,KXWTAMATCH-26FEB06RUZSTA-RUZ,Antonia Ruzic,0.57,0.59,0.58,0.59,0.02,293,293,99,44145.62,1,2026-02-20 08:00:00+00:00,242.75,,,,,,,,,0
Sports,KXATPCHALLENGERMATCH-26FEB05LADEL,La Serna vs Dellien,KXATPCHALLENGERMATCH-26FEB05LADEL-LA,Juan Manuel La Serna,0.15,0.16,0.155,0.14,0.01,19874,13759,12134,42731.31,1,2026-02-19 22:10:00+00:00,232.92,,,,,,,,,0
Sports,KXSERIEATOTAL-26FEB06VERPIS,Pisa at Hellas Verona: Totals,KXSERIEATOTAL-26FEB06VERPIS-1,Over 1.5 goals scored,0.66,0.68,0.67,0.66,0.02,27,1,26,42181.42,1,2026-02-20 19:45:00+00:00,254.5,,,,,,,,,0
Sports,KXNCAAMBSPREAD-26FEB05UCSBUCD,UC Santa Barbara at UC Davis: Spread,KXNCAAMBSPREAD-26FEB05UCSBUCD-UCSB8,UC Santa Barbara wins by over 8.5 Points,0.05,0.36,0.205,0.27,0.31,304,304,304,41953.52,1,2026-02-20 02:00:00+00:00,236.75,,,,,,,,,0
Sports,KXNBASPREAD-26FEB05CHAHOU,Charlotte at Houston: Spread,KXNBASPREAD-26FEB05CHAHOU-CHA12,Charlotte wins by over 12.5 Points,0.34,0.35,0.345,0.32,0.01,28429,27292,12142,41648.31,1,2026-02-20 01:00:00+00:00,235.75,,,,,,,,,0
Sports,KXATPMATCH-26FEB06DAMNAR,Damm Jr vs Nardi,KXATPMATCH-26FEB06DAMNAR-DAM,Martin Damm Jr,0.54,0.55,0.545,0.55,0.01,778,728,778,41277.04,1,2026-02-20 14:40:00+00:00,249.42,,,,,,,,,0
Sports,KXSCOTTISHPREMGAME-26FEB04DUNMOT,Dundee FC vs Motherwell,KXSCOTTISHPREMGAME-26FEB04DUNMOT-TIE,Tie,0.16,0.41,0.285,0.15,0.25,397,42,214,41202.04,1,2026-02-18 19:45:00+00:00,206.5,0.0,0.0,-0.029412,-0.122378,0.029412,0.008455,0.0,0.149626,12
Sports,KXNCAAMBSPREAD-26FEB05NEOMUND,Omaha at North Dakota: Spread,KXNCAAMBSPREAD-26FEB05NEOMUND-UND4,North Dakota wins by over 4.5 Points,0.05,0.15,0.1,0.38,0.1,7323,7323,7323,41088.13,1,2026-02-20 01:00:00+00:00,235.75,,,,,,,,,0
Sports,KXBUNDESLIGATOTAL-26FEB06UNISGE,Frankfurt at Union Berlin: Totals,KXBUNDESLIGATOTAL-26FEB06UNISGE-2,Over 2.5 goals scored,0.46,0.48,0.47,0.48,0.02,2936,1713,1734,40699.11,1,2026-02-20 19:30:00+00:00,254.25,,,,,,,,,0
Sports,KXNCAAMBSPREAD-26FEB05UNCOWEB,Northern Colorado at Weber St.: Spread,KXNCAAMBSPREAD-26FEB05UNCOWEB-WEB5,Weber St. wins by over 5.5 Points,0.04,0.11,0.075,0.27,0.07,500,500,500,40428.31,1,2026-02-20 02:00:00+00:00,236.75,,,,,,,,,0
Sports,KXNCAAMBSPREAD-26FEB05UNCOWEB,Northern Colorado at Weber St.: Spread,KXNCAAMBSPREAD-26FEB05UNCOWEB-WEB2,Weber St. wins by over 2.5 Points,0.09,0.18,0.135,0.34,0.09,227,227,224,40409.48,1,2026-02-20 02:00:00+00:00,236.75,,,,,,,,,0
Sports,KXNCAAMBSPREAD-26FEB05UTAUTU,UT Arlington at Utah Tech: Spread,KXNCAAMBSPREAD-26FEB05UTAUTU-UTA8,UT Arlington wins by over 8.5 Points,0.12,0.2,0.16,0.2,0.08,34,0,34,40281.59,1,2026-02-20 02:00:00+00:00,236.75,,,,,,,,,0
Sports,KXATPMATCH-26FEB06MANGEA,Mannarino vs Gea,KXATPMATCH-26FEB06MANGEA-MAN,Adrian Mannarino,0.41,0.42,0.415,0.42,0.01,8125,8010,7574,39923.55,1,2026-02-20 11:30:00+00:00,246.25,,,,,,,,,0
Sports,KXNCAAMBSPREAD-26FEB05UTAUTU,UT Arlington at Utah Tech: Spread,KXNCAAMBSPREAD-26FEB05UTAUTU-UTA5,UT Arlington wins by over 5.5 Points,0.27,0.31,0.29,0.3,0.04,34,0,34,39854.3,1,2026-02-20 02:00:00+00:00,236.75,,,,,,,,,0
Sports,KXNCAAMBSPREAD-26FEB05UTAUTU,UT Arlington at Utah Tech: Spread,KXNCAAMBSPREAD-26FEB05UTAUTU-UTU1,Utah Tech wins by over 1.5 Points,0.39,0.44,0.415,0.41,0.05,5501,5452,4272,39816.14,1,2026-02-20 02:00:00+00:00,236.75,,,,,,,,,0
Sports,KXNCAAMBSPREAD-26FEB05UTAUTU,UT Arlington at Utah Tech: Spread,KXNCAAMBSPREAD-26FEB05UTAUTU-UTU4,Utah Tech wins by over 4.5 Points,0.26,0.3,0.28,0.33,0.04,878,878,788,39546.12,1,2026-02-20 02:00:00+00:00,236.75,,,,,,,,,0
Sports,KXNBA3PT-26FEB05SASDAL,San Antonio at Dallas: Three Pointers,KXNBA3PT-26FEB05SASDAL-DALCFLAGG32-1,Cooper Flagg: 1+,0.5,0.51,0.505,0.51,0.01,114,114,114,39542.17,1,2026-02-20 01:30:00+00:00,236.25,,,,,,,,,0
Sports,KXNCAAMBSPREAD-26FEB05UNCOWEB,Northern Colorado at Weber St.: Spread,KXNCAAMBSPREAD-26FEB05UNCOWEB-UNCO4,Northern Colorado wins by over 4.5 Points,0.58,0.63,0.605,0.63,0.05,1012,990,585,39468.8,1,2026-02-20 02:00:00+00:00,236.75,,,,,,,,,0
Sports,KXNCAAMBSPREAD-26FEB05UNCOWEB,Northern Colorado at Weber St.: Spread,KXNCAAMBSPREAD-26FEB05UNCOWEB-UNCO1,Northern Colorado wins by over 1.5 Points,0.72,0.79,0.755,0.79,0.07,1449,1449,1235,39460.61,1,2026-02-20 02:00:00+00:00,236.75,,,,,,,,,0
Sports,KXNCAAMBSPREAD-26FEB05UTAUTU,UT Arlington at Utah Tech: Spread,KXNCAAMBSPREAD-26FEB05UTAUTU-UTA2,UT Arlington wins by over 2.5 Points,0.4,0.45,0.425,0.39,0.05,2361,1077,1511,38988.27,1,2026-02-20 02:00:00+00:00,236.75,,,,,,,,,0
Sports,KXNCAAMBSPREAD-26FEB05UNCOWEB,Northern Colorado at Weber St.: Spread,KXNCAAMBSPREAD-26FEB05UNCOWEB-UNCO7,Northern Colorado wins by over 7.5 Points,0.44,0.49,0.465,0.5,0.05,4560,4122,4250,38943.31,1,2026-02-20 02:00:00+00:00,236.75,,,,,,,,,0
Sports,KXEREDIVISIEGAME-26FEB06BREEXC,Breda vs Excelsior,KXEREDIVISIEGAME-26FEB06BREEXC-EXC,Excelsior,0.2,0.23,0.215,0.23,0.03,115,76,114,38362.15,1,2026-02-20 19:00:00+00:00,253.75,,,,,,,,,0
Sports,KXNCAAMBGAME-26FEB05MORESEMO,Morehead St. at Southeast Missouri St.,KXNCAAMBGAME-26FEB05MORESEMO-SEMO,Southeast Missouri St.,0.97,0.98,0.975,0.98,0.01,16890,16300,14079,38178.83,1,2026-02-20 01:30:00+00:00,236.25,,,,,,,,,0
Sports,KXNCAAMBSPREAD-26FEB05MORESEMO,Morehead St. at Southeast Missouri St.: Spread,KXNCAAMBSPREAD-26FEB05MORESEMO-SEMO14,Southeast Missouri St. wins by over 14.5 Points,0.49,0.57,0.53,0.42,0.08,148,148,148,38121.03,1,2026-02-20 01:30:00+00:00,236.25,,,,,,,,,0
Sports,KXWTAMATCH-26FEB06UCHSRA,Uchijima vs Sramkova,KXWTAMATCH-26FEB06UCHSRA-SRA,Rebecca Sramkova,0.57,0.58,0.575,0.61,0.01,8,8,8,37993.23,1,2026-02-20 07:00:00+00:00,241.75,,,,,,,,,0
Sports,KXNCAAMBSPREAD-26FEB05NAUIDST,Northern Arizona at Idaho St.: Spread,KXNCAAMBSPREAD-26FEB05NAUIDST-IDST2,Idaho St. wins by over 2.5 Points,0.38,0.46,0.42,0.38,0.08,154,115,154,37740.96,1,2026-02-20 02:00:00+00:00,236.75,,,,,,,,,0
Sports,KXEFLCHAMPIONSHIPGAME-26FEB06CHAQPR,Charlton vs QPR,KXEFLCHAMPIONSHIPGAME-26FEB06CHAQPR-CHA,Charlton,0.32,0.33,0.325,0.33,0.01,367,187,283,37698.31,1,2026-02-20 20:01:00+00:00,254.77,,,,,,,,,0
Sports,KXLALIGATOTAL-26FEB06RCCOSA,Osasuna at Celta Vigo: Totals,KXLALIGATOTAL-26FEB06RCCOSA-2,Over 2.5 goals scored,0.42,0.44,0.43,0.42,0.02,2950,2860,2828,37469.45,1,2026-02-20 20:00:00+00:00,254.75,,,,,,,,,0
Sports,KXNCAAMBSPREAD-26FEB05JVSTWKU,Jacksonville St. at Western Kentucky: Spread,KXNCAAMBSPREAD-26FEB05JVSTWKU-WKU6,Western Kentucky wins by over 6.5 Points,0.36,0.4,0.38,0.5,0.04,579,566,566,37444.72,1,2026-02-20 02:00:00+00:00,236.75,,,,,,,,,0
Sports,KXNCAAMBSPREAD-26FEB05JVSTWKU,Jacksonville St. at Western Kentucky: Spread,KXNCAAMBSPREAD-26FEB05JVSTWKU-WKU3,Western Kentucky wins by over 3.5 Points,0.49,0.54,0.515,0.6,0.05,3543,3543,3349,37421.83,1,2026-02-20 02:00:00+00:00,236.75,,,,,,,,,0
Sports,KXWTAMATCH-26FEB06ZARBIR,Zarazua vs Birrell,KXWTAMATCH-26FEB06ZARBIR-BIR,Kimberly Birrell,0.56,0.59,0.575,0.57,0.03,206,206,176,37367.8,1,2026-02-20 07:00:00+00:00,241.75,,,,,,,,,0
Sports,KXATPCHALLENGERMATCH-26FEB05SAKSCH,Sakamoto vs Schoolkate,KXATPCHALLENGERMATCH-26FEB05SAKSCH-SAK,Rei Sakamoto,0.6,0.61,0.605,0.61,0.01,1936,1936,1591,37019.34,1,2026-02-20 03:30:00+00:00,238.25,,,,,,,,,0
Sports,KXNCAAMBSPREAD-26FEB05EWUMONT,Eastern Washington at Montana: Spread,KXNCAAMBSPREAD-26FEB05EWUMONT-MONT9,Montana wins by over 9.5 Points,0.27,0.36,0.315,0.42,0.09,1694,1694,1668,36926.44,1,2026-02-20 02:00:00+00:00,236.75,,,,,,,,,0
Sports,KXWTAMATCH-26FEB06MASPAR,Masarova vs Parks,KXWTAMATCH-26FEB06MASPAR-MAS,Rebeka Masarova,0.55,0.57,0.56,0.57,0.02,13,13,13,36681.83,1,2026-02-20 12:00:00+00:00,246.75,,,,,,,,,0
Sports,KXNCAAMBSPREAD-26FEB05EWUMONT,Eastern Washington at Montana: Spread,KXNCAAMBSPREAD-26FEB05EWUMONT-MONT6,Montana wins by over 6.5 Points,0.42,0.5,0.46,0.78,0.08,6627,6624,5779,36660.56,1,2026-02-20 02:00:00+00:00,236.75,,,,,,,,,0
Sports,KXNCAAMBSPREAD-26FEB05EWUMONT,Eastern Washington at Montana: Spread,KXNCAAMBSPREAD-26FEB05EWUMONT-MONT3,Montana wins by over 3.5 Points,0.58,0.66,0.62,0.53,0.08,4036,4036,3675,36533.08,1,2026-02-20 02:00:00+00:00,236.75,,,,,,,,,0
Sports,KXLALIGATOTAL-26FEB06RCCOSA,Osasuna at Celta Vigo: Totals,KXLALIGATOTAL-26FEB06RCCOSA-1,Over 1.5 goals scored,0.69,0.7,0.695,0.7,0.01,232,1,232,36369.88,1,2026-02-20 20:00:00+00:00,254.75,,,,,,,,,0
Sports,KXNCAAMBSPREAD-26FEB05WIUTNTC,Western Illinois at Tennessee Tech: Spread,KXNCAAMBSPREAD-26FEB05WIUTNTC-TNTC14,Tennessee Tech wins by over 14.5 Points,0.78,0.79,0.785,0.76,0.01,107,57,106,36310.92,1,2026-02-20 01:30:00+00:00,236.25,,,,,,,,,0
Sports,KXEPLTOTAL-26FEB06LEENFO,Nottingham at Leeds United: Totals,KXEPLTOTAL-26FEB06LEENFO-2,Over 2.5 goals scored,0.44,0.46,0.45,0.46,0.02,2258,2161,2199,36084.58,1,2026-02-20 20:00:00+00:00,254.75,,,,,,,,,0
Sports,KXNCAAMBSPREAD-26FEB05USIUTM,Southern Indiana at Tennessee-Martin: Spread,KXNCAAMBSPREAD-26FEB05USIUTM-UTM17,Tennessee-Martin wins by over 17.5 Points,0.53,0.68,0.605,0.67,0.15,848,771,769,35933.15,1,2026-02-20 01:30:00+00:00,236.25,,,,,,,,,0
Sports,KXNCAAMBSPREAD-26FEB05USIUTM,Southern Indiana at Tennessee-Martin: Spread,KXNCAAMBSPREAD-26FEB05USIUTM-UTM23,Tennessee-Martin wins by over 23.5 Points,0.25,0.65,0.45,0.5,0.4,56,28,28,35884.78,1,2026-02-20 01:30:00+00:00,236.25,,,,,,,,,0
Sports,KXNCAAMBSPREAD-26FEB05MORESEMO,Morehead St. at Southeast Missouri St.: Spread,KXNCAAMBSPREAD-26FEB05MORESEMO-SEMO2,Southeast Missouri St. wins by over 2.5 Points,0.88,0.97,0.925,0.73,0.09,36,36,36,35783.06,1,2026-02-20 01:30:00+00:00,236.25,,,,,,,,,0
Sports,KXNCAAMBSPREAD-26FEB05WIUTNTC,Western Illinois at Tennessee Tech: Spread,KXNCAAMBSPREAD-26FEB05WIUTNTC-TNTC17,Tennessee Tech wins by over 17.5 Points,0.69,0.7,0.695,0.69,0.01,361,345,232,35728.18,1,2026-02-20 01:30:00+00:00,236.25,,,,,,,,,0
Sports,KXNCAAMBSPREAD-26FEB05USIUTM,Southern Indiana at Tennessee-Martin: Spread,KXNCAAMBSPREAD-26FEB05USIUTM-UTM20,Tennessee-Martin wins by over 20.5 Points,0.34,0.65,0.495,0.5,0.31,38,0,38,35718.01,1,2026-02-20 01:30:00+00:00,236.25,,,,,,,,,0
Sports,KXNCAAMBSPREAD-26FEB05USIUTM,Southern Indiana at Tennessee-Martin: Spread,KXNCAAMBSPREAD-26FEB05USIUTM-UTM11,Tennessee-Martin wins by over 11.5 Points,0.56,0.97,0.765,0.91,0.41,16730,16465,14547,35704.88,1,2026-02-20 01:30:00+00:00,236.25,,,,,,,,,0
Sports,KXNCAAMBSPREAD-26FEB05WIUTNTC,Western Illinois at Tennessee Tech: Spread,KXNCAAMBSPREAD-26FEB05WIUTNTC-TNTC20,Tennessee Tech wins by over 20.5 Points,0.58,0.65,0.615,0.31,0.07,502,502,502,35463.68,1,2026-02-20 01:30:00+00:00,236.25,,,,,,,,,0
Sports,KXNCAAMBGAME-26FEB05USIUTM,Southern Indiana at Tennessee-Martin,KXNCAAMBGAME-26FEB05USIUTM-UTM,Tennessee-Martin,0.98,0.99,0.985,0.99,0.01,61427,59895,59146,35457.53,1,2026-02-20 01:30:00+00:00,236.25,,,,,,,,,0
Sports,KXNCAAMBSPREAD-26FEB05WIUTNTC,Western Illinois at Tennessee Tech: Spread,KXNCAAMBSPREAD-26FEB05WIUTNTC-TNTC23,Tennessee Tech wins by over 23.5 Points,0.44,0.52,0.48,0.17,0.08,5,5,5,35405.72,1,2026-02-20 01:30:00+00:00,236.25,,,,,,,,,0
Sports,KXNCAAMBSPREAD-26FEB05WIUTNTC,Western Illinois at Tennessee Tech: Spread,KXNCAAMBSPREAD-26FEB05WIUTNTC-TNTC8,Tennessee Tech wins by over 8.5 Points,0.9,0.97,0.935,0.79,0.07,3007,3007,2373,35335.36,1,2026-02-20 01:30:00+00:00,236.25,,,,,,,,,0
Sports,KXNCAAMBSPREAD-26FEB05CITSAM,The Citadel at Samford: Spread,KXNCAAMBSPREAD-26FEB05CITSAM-SAM16,Samford wins by over 16.5 Points,0.03,0.65,0.34,0.46,0.62,1032,1032,587,35266.2,1,2026-02-20 01:00:00+00:00,235.75,,,,,,,,,0
Sports,KXNCAAMBSPREAD-26FEB05USIUTM,Southern Indiana at Tennessee-Martin: Spread,KXNCAAMBSPREAD-26FEB05USIUTM-UTM14,Tennessee-Martin wins by over 14.5 Points,0.11,0.78,0.445,0.74,0.67,2275,2252,1851,35230.0,1,2026-02-20 01:30:00+00:00,236.25,,,,,,,,,0
Sports,KXNCAAMBSPREAD-26FEB05ACUVU,Abilene Christian at Utah Valley: Spread,KXNCAAMBSPREAD-26FEB05ACUVU-UVU22,Utah Valley wins by over 22.5 Points,0.28,0.66,0.47,0.65,0.38,655,108,569,34489.3,1,2026-02-20 01:00:00+00:00,235.75,,,,,,,,,0
Sports,KXSCOTTISHPREMGAME-26FEB04DUNMOT,Dundee FC vs Motherwell,KXSCOTTISHPREMGAME-26FEB04DUNMOT-DUN,Dundee FC,0.22,0.43,0.325,0.43,0.21,1367,564,1165,34400.79,1,2026-02-18 19:45:00+00:00,206.5,0.0,0.0,0.0,0.0,0.0,0.0,1.0,0.047619,13
Sports,KXNCAAMBGAME-26FEB05WIUTNTC,Western Illinois at Tennessee Tech,KXNCAAMBGAME-26FEB05WIUTNTC-TNTC,Tennessee Tech,0.97,0.98,0.975,0.98,0.01,8549,6551,6733,34216.42,1,2026-02-20 01:30:00+00:00,236.25,,,,,,,,,0
Sports,KXNCAAMBSPREAD-26FEB05ACUVU,Abilene Christian at Utah Valley: Spread,KXNCAAMBSPREAD-26FEB05ACUVU-UVU25,Utah Valley wins by over 25.5 Points,0.1,0.79,0.445,0.41,0.69,417,0,417,34160.04,1,2026-02-20 01:00:00+00:00,235.75,,,,,,,,,0
Sports,KXNCAAMBSPREAD-26FEB05CITSAM,The Citadel at Samford: Spread,KXNCAAMBSPREAD-26FEB05CITSAM-SAM10,Samford wins by over 10.5 Points,0.35,0.82,0.585,0.6,0.47,7877,6658,4675,34001.03,1,2026-02-20 01:00:00+00:00,235.75,,,,,,,,,0
Sports,KXATPMATCH-26FEB06GRIDRO,Griekspoor vs Droguet,KXATPMATCH-26FEB06GRIDRO-GRI,Tallon Griekspoor,0.62,0.63,0.625,0.62,0.01,5722,5722,5607,33418.29,1,2026-02-20 09:00:00+00:00,243.75,,,,,,,,,0
Sports,KXNBASPREAD-26FEB05CHAHOU,Charlotte at Houston: Spread,KXNBASPREAD-26FEB05CHAHOU-CHA6,Charlotte wins by over 6.5 Points,0.66,0.7,0.68,0.7,0.04,145693,132975,113159,33000.03,1,2026-02-20 01:00:00+00:00,235.75,,,,,,,,,0
Sports,KXWTAMATCH-26FEB06BAPALE,Baptiste vs Alexandrova,KXWTAMATCH-26FEB06BAPALE-BAP,Hailey Baptiste,0.24,0.25,0.245,0.25,0.01,1898,1898,1896,32822.74,1,2026-02-20 14:00:00+00:00,248.75,,,,,,,,,0
Sports,KXEPLTOTAL-26FEB06LEENFO,Nottingham at Leeds United: Totals,KXEPLTOTAL-26FEB06LEENFO-1,Over 1.5 goals scored,0.72,0.73,0.725,0.73,0.01,33,7,32,32267.8,1,2026-02-20 20:00:00+00:00,254.75,,,,,,,,,0
Sports,KXATPCHALLENGERMATCH-26FEB05LADEL,La Serna vs Dellien,KXATPCHALLENGERMATCH-26FEB05LADEL-DEL,Hugo Dellien,0.84,0.85,0.845,0.87,0.01,15644,9398,10389,32092.22,1,2026-02-19 22:10:00+00:00,232.92,,,,,,,,,0
Sports,KXATPCHALLENGERMATCH-26FEB05ELLMCC,Ellis vs McCabe,KXATPCHALLENGERMATCH-26FEB05ELLMCC-ELL,Blake Ellis,0.3,0.32,0.31,0.31,0.02,353,353,351,31475.02,1,2026-02-20 04:40:00+00:00,239.42,,,,,,,,,0
Sports,KXLALIGASPREAD-26FEB06RCCOSA,Osasuna at Celta Vigo: Spreads,KXLALIGASPREAD-26FEB06RCCOSA-RCC1,Celta Vigo wins by over 1.5 goals,0.23,0.24,0.235,0.24,0.01,431,308,431,30733.51,1,2026-02-20 20:00:00+00:00,254.75,,,,,,,,,0
Sports,KXSAUDIPLGAME-26FEB06NEORIY,AL Suqoor vs Al-Riyadh,KXSAUDIPLGAME-26FEB06NEORIY-RIY,Al-Riyadh,0.17,0.19,0.18,0.21,0.02,1117,1117,708,30641.49,1,2026-02-20 14:25:00+00:00,249.17,,,,,,,,,0
Sports,KXWTAMATCH-26FEB06UCHSRA,Uchijima vs Sramkova,KXWTAMATCH-26FEB06UCHSRA-UCH,Moyuka Uchijima,0.41,0.42,0.415,0.38,0.01,90,90,79,29918.02,1,2026-02-20 07:00:00+00:00,241.75,,,,,,,,,0
Sports,KXNBASPREAD-26FEB05CHAHOU,Charlotte at Houston: Spread,KXNBASPREAD-26FEB05CHAHOU-CHA9,Charlotte wins by over 9.5 Points,0.49,0.5,0.495,0.5,0.01,30973,15860,16363,29830.39,1,2026-02-20 01:00:00+00:00,235.75,,,,,,,,,0
Sports,KXLIGUE1TOTAL-26FEB06FCMLIL,Lille at Metz: Totals,KXLIGUE1TOTAL-26FEB06FCMLIL-3,Over 3.5 goals scored,0.3,0.34,0.32,0.34,0.04,337,337,337,29675.28,1,2026-02-20 19:45:00+00:00,254.5,,,,,,,,,0
Sports,KXWTAMATCH-26FEB06RADOLI,Raducanu vs Oliynykova,KXWTAMATCH-26FEB06RADOLI-OLI,Oleksandra Oliynykova,0.15,0.17,0.16,0.17,0.02,3791,3736,3537,29332.34,1,2026-02-20 13:00:00+00:00,247.75,,,,,,,,,0
Sports,KXATPMATCH-26FEB06AUGFIL,Auger-Aliassime vs Fils,KXATPMATCH-26FEB06AUGFIL-AUG,Felix Auger-Aliassime,0.58,0.64,0.61,0.64,0.06,471,331,471,29283.65,1,2026-02-20 17:30:00+00:00,252.25,,,,,,,,,0
Sports,KXNCAAMBTOTAL-26FEB05OSUMD,Ohio St. at Maryland: Total Points,KXNCAAMBTOTAL-26FEB05OSUMD-151,Over 151.5 points scored,0.48,0.49,0.485,0.48,0.01,48459,44552,34244,29244.15,1,2026-02-20 01:30:00+00:00,236.25,,,,,,,,,0
Sports,KXSERIEATOTAL-26FEB06VERPIS,Pisa at Hellas Verona: Totals,KXSERIEATOTAL-26FEB06VERPIS-3,Over 3.5 goals scored,0.18,0.2,0.19,0.18,0.02,2,1,2,29111.53,1,2026-02-20 19:45:00+00:00,254.5,,,,,,,,,0
Sports,KXATPCHALLENGERMATCH-26FEB05SAKSCH,Sakamoto vs Schoolkate,KXATPCHALLENGERMATCH-26FEB05SAKSCH-SCH,Tristan Schoolkate,0.4,0.41,0.405,0.41,0.01,1628,1628,1306,28640.6,1,2026-02-20 03:30:00+00:00,238.25,,,,,,,,,0
Sports,KXWTAMATCH-26FEB06ZAKGRA,Zakharova vs Grabher,KXWTAMATCH-26FEB06ZAKGRA-GRA,Julia Grabher,0.34,0.36,0.35,0.36,0.02,9,9,8,28165.44,1,2026-02-20 08:00:00+00:00,242.75,,,,,,,,,0
Sports,KXBUNDESLIGABTTS-26FEB06UNISGE,Frankfurt at Union Berlin: Both Teams to Score,KXBUNDESLIGABTTS-26FEB06UNISGE,Both Teams To Score,0.54,0.56,0.55,0.56,0.02,885,533,536,28153.88,1,2026-02-20 19:30:00+00:00,254.25,,,,,,,,,0
Sports,KXATPMATCH-26FEB06AUGFIL,Auger-Aliassime vs Fils,KXATPMATCH-26FEB06AUGFIL-FIL,Arthur Fils,0.33,0.38,0.355,0.38,0.05,371,371,369,28025.61,1,2026-02-20 17:30:00+00:00,252.25,,,,,,,,,0
Sports,KXWTAMATCH-26FEB06CIRSNI,Cirstea vs Snigur,KXWTAMATCH-26FEB06CIRSNI-SNI,Daria Snigur,0.28,0.29,0.285,0.28,0.01,74,74,74,27905.59,1,2026-02-20 16:10:00+00:00,250.92,,,,,,,,,0
Sports,KXLALIGATOTAL-26FEB06RCCOSA,Osasuna at Celta Vigo: Totals,KXLALIGATOTAL-26FEB06RCCOSA-3,Over 3.5 goals scored,0.2,0.22,0.21,0.22,0.02,1,1,1,27829.91,1,2026-02-20 20:00:00+00:00,254.75,,,,,,,,,0
Sports,KXNBASPREAD-26FEB05CHITOR,Chicago at Toronto: Spread,KXNBASPREAD-26FEB05CHITOR-TOR17,Toronto wins by over 17.5 Points,0.11,0.22,0.165,0.15,0.11,20182,19395,7488,27643.39,1,2026-02-20 00:30:00+00:00,235.25,,,,,,,,,0
Sports,KXLIGUE1TOTAL-26FEB06FCMLIL,Lille at Metz: Totals,KXLIGUE1TOTAL-26FEB06FCMLIL-2,Over 2.5 goals scored,0.53,0.55,0.54,0.55,0.02,96,96,96,27639.05,1,2026-02-20 19:45:00+00:00,254.5,,,,,,,,,0
Sports,KXNBAALLSTARS-26,Pro Basketball All Stars?,KXNBAALLSTARS-26-RWES,Russell Westbrook,0.01,0.03,0.02,0.04,0.02,36777,0,35790,27038.15,1,2026-02-17 15:00:00+00:00,177.75,0.0,3.0,3.0,0.335664,0.0,0.862439,1.2964,1.5,12
Sports,KXATPMATCH-26FEB06DAMNAR,Damm Jr vs Nardi,KXATPMATCH-26FEB06DAMNAR-NAR,Luca Nardi,0.45,0.47,0.46,0.45,0.02,973,951,924,26935.6,1,2026-02-20 14:40:00+00:00,249.42,,,,,,,,,0
Sports,KXATPMATCH-26FEB06GRIDRO,Griekspoor vs Droguet,KXATPMATCH-26FEB06GRIDRO-DRO,Titouan Droguet,0.38,0.39,0.385,0.39,0.01,2864,2864,2858,26623.02,1,2026-02-20 09:00:00+00:00,243.75,,,,,,,,,0
Sports,KXATPCHALLENGERMATCH-26FEB05UGODIA,Ugo Carabelli vs Diaz Acosta,KXATPCHALLENGERMATCH-26FEB05UGODIA-DIA,Facundo Diaz Acosta,0.73,0.78,0.755,0.78,0.05,74720,61976,43233,26561.41,1,2026-02-19 22:40:00+00:00,233.42,,,,,,,,,0
Sports,KXNCAAMBTOTAL-26FEB05OSUMD,Ohio St. at Maryland: Total Points,KXNCAAMBTOTAL-26FEB05OSUMD-154,Over 154.5 points scored,0.35,0.4,0.375,0.4,0.05,5983,5890,3741,25982.63,1,2026-02-20 01:30:00+00:00,236.25,,,,,,,,,0
Sports,KXSAUDIPLGAME-26FEB06NEORIY,AL Suqoor vs Al-Riyadh,KXSAUDIPLGAME-26FEB06NEORIY-NEO,AL Suqoor,0.6,0.62,0.61,0.62,0.02,2499,2414,1974,25966.43,1,2026-02-20 14:25:00+00:00,249.17,,,,,,,,,0
Sports,KXWTAMATCH-26FEB06SASGRA,Sasnovich vs Gracheva,KXWTAMATCH-26FEB06SASGRA-GRA,Varvara Gracheva,0.33,0.36,0.345,0.35,0.03,8,8,8,25954.13,1,2026-02-20 08:00:00+00:00,242.75,,,,,,,,,0
Sports,KXSERIEASPREAD-26FEB06VERPIS,Pisa at Hellas Verona: Spreads,KXSERIEASPREAD-26FEB06VERPIS-VER1,Hellas Verona wins by over 1.5 goals,0.17,0.18,0.175,0.18,0.01,1246,1137,1246,25747.68,1,2026-02-20 19:45:00+00:00,254.5,,,,,,,,,0
Sports,KXLOLGAME-26FEB06BLGAL,LPL 2026: Bilibili Gaming vs. Anyone's Legend,KXLOLGAME-26FEB06BLGAL-AL,Anyone's Legend,0.48,0.49,0.485,0.49,0.01,2503,1032,2502,25744.51,1,2026-02-20 09:00:00+00:00,243.75,,,,,,,,,0
Sports,KXWTAMATCH-26FEB06ZARBIR,Zarazua vs Birrell,KXWTAMATCH-26FEB06ZARBIR-ZAR,Renata Zarazua,0.41,0.42,0.415,0.42,0.01,1080,1080,146,25697.13,1,2026-02-20 07:00:00+00:00,241.75,,,,,,,,,0
Sports,KXLIGUE1SPREAD-26FEB06FCMLIL,Lille at Metz: Spreads,KXLIGUE1SPREAD-26FEB06FCMLIL-LIL1,Lille wins by over 1.5 goals,0.33,0.35,0.34,0.35,0.02,5218,5134,5218,25626.33,1,2026-02-20 19:45:00+00:00,254.5,,,,,,,,,0
Sports,KXWTAMATCH-26FEB06RUZSTA,Ruzic vs Starodubtseva,KXWTAMATCH-26FEB06RUZSTA-STA,Yuliia Starodubtseva,0.41,0.42,0.415,0.44,0.01,77,77,74,25397.07,1,2026-02-20 08:00:00+00:00,242.75,,,,,,,,,0
Sports,KXALEAGUEGAME-26FEB06WPHVIC,Wellington vs Melbourne Victory,KXALEAGUEGAME-26FEB06WPHVIC-VIC,Melbourne Victory,0.51,0.52,0.515,0.52,0.01,13747,12920,11378,25139.84,1,2026-02-20 06:00:00+00:00,240.75,,,,,,,,,0
Sports,KXEREDIVISIEGAME-26FEB06BREEXC,Breda vs Excelsior,KXEREDIVISIEGAME-26FEB06BREEXC-TIE,Tie,0.23,0.25,0.24,0.25,0.02,1,1,1,24721.0,1,2026-02-20 19:00:00+00:00,253.75,,,,,,,,,0
Sports,KXWTAMATCH-26FEB06FRECEN,Frech vs Cengiz,KXWTAMATCH-26FEB06FRECEN-CEN,Berfu Cengiz,0.08,0.1,0.09,0.09,0.02,511,511,509,24604.62,1,2026-02-20 07:00:00+00:00,241.75,,,,,,,,,0
Sports,KXWTAMATCH-26FEB06MASPAR,Masarova vs Parks,KXWTAMATCH-26FEB06MASPAR-PAR,Alycia Parks,0.46,0.47,0.465,0.46,0.01,162,162,160,24591.2,1,2026-02-20 12:00:00+00:00,246.75,,,,,,,,,0
Sports,KXNCAAMBGAME-26FEB05ELONHAMP,Elon at Hampton,KXNCAAMBGAME-26FEB05ELONHAMP-ELON,Elon,0.0,0.01,0.01,0.01,,632623,628213,365514,24140.48,1,2026-02-20 00:00:00+00:00,234.75,,,,,,,,,0
Sports,KXWTAMATCH-26FEB06KAWSEI,Kawa vs Seidel,KXWTAMATCH-26FEB06KAWSEI-KAW,Katarzyna Kawa,0.19,0.22,0.205,0.22,0.03,190,190,184,24132.06,1,2026-02-20 07:00:00+00:00,241.75,,,,,,,,,0
Sports,KXSERIEATOTAL-26FEB06VERPIS,Pisa at Hellas Verona: Totals,KXSERIEATOTAL-26FEB06VERPIS-4,Over 4.5 goals scored,0.07,0.08,0.075,0.08,0.01,219,219,219,24092.27,1,2026-02-20 19:45:00+00:00,254.5,,,,,,,,,0
Sports,KXSERIEABTTS-26FEB06VERPIS,Pisa at Hellas Verona: Both Teams to Score,KXSERIEABTTS-26FEB06VERPIS,Both Teams To Score,0.43,0.51,0.47,0.51,0.08,240,224,240,23996.07,1,2026-02-20 19:45:00+00:00,254.5,,,,,,,,,0
Sports,KXNHLGAME-26FEB05NSHWSH,Nashville at Washington,KXNHLGAME-26FEB05NSHWSH-NSH,NSH Predators,0.01,0.02,0.015,0.05,0.01,289221,283635,204605,23807.13,1,2026-02-20 00:00:00+00:00,234.75,,,,,,,,,0
Sports,KXALEAGUEGAME-26FEB06MACPER,Macarthur vs Perth,KXALEAGUEGAME-26FEB06MACPER-TIE,Tie,0.24,0.26,0.25,0.26,0.02,762,462,737,23798.54,1,2026-02-20 08:35:00+00:00,243.34,,,,,,,,,0
Sports,KXEPLTOTAL-26FEB06LEENFO,Nottingham at Leeds United: Totals,KXEPLTOTAL-26FEB06LEENFO-3,Over 3.5 goals scored,0.24,0.25,0.245,0.25,0.01,38,7,38,23696.22,1,2026-02-20 20:00:00+00:00,254.75,,,,,,,,,0
Sports,KXSAUDIPLGAME-26FEB06ALNITJ,Al Nassr vs Al-Ittihad,KXSAUDIPLGAME-26FEB06ALNITJ-ITJ,Al-Ittihad,0.18,0.21,0.195,0.21,0.03,3296,2201,2818,23240.9,1,2026-02-20 17:30:00+00:00,252.25,,,,,,,,,0
Sports,KXWTAMATCH-26FEB06VOLBOU,Volynets vs Boulter,KXWTAMATCH-26FEB06VOLBOU-BOU,Katie Boulter,0.64,0.65,0.645,0.65,0.01,1851,1851,1530,23015.59,1,2026-02-20 15:00:00+00:00,249.75,,,,,,,,,0
Sports,KXLALIGABTTS-26FEB06RCCOSA,Osasuna at Celta Vigo: Both Teams to Score,KXLALIGABTTS-26FEB06RCCOSA,Both Teams To Score,0.48,0.5,0.49,0.5,0.02,706,636,570,22570.54,1,2026-02-20 20:00:00+00:00,254.75,,,,,,,,,0
Sports,KXNBLGAME-26FEB06CARPER,Cairns Taipans at Perth Wildcats,KXNBLGAME-26FEB06CARPER-PER,Perth Wildcats,0.91,0.92,0.915,0.92,0.01,857,30,857,22470.3,1,2026-02-20 10:30:00+00:00,245.25,,,,,,,,,0
Sports,KXALEAGUEGAME-26FEB06WPHVIC,Wellington vs Melbourne Victory,KXALEAGUEGAME-26FEB06WPHVIC-WPH,Wellington,0.25,0.26,0.255,0.26,0.01,4252,3850,4030,22452.64,1,2026-02-20 06:00:00+00:00,240.75,,,,,,,,,0
Sports,KXWTAMATCH-26FEB06KARWAL,Kartal vs Waltert,KXWTAMATCH-26FEB06KARWAL-WAL,Simona Waltert,0.21,0.22,0.215,0.22,0.01,1454,1454,1255,22445.99,1,2026-02-20 07:00:00+00:00,241.75,,,,,,,,,0
Sports,KXALEAGUEGAME-26FEB06WPHVIC,Wellington vs Melbourne Victory,KXALEAGUEGAME-26FEB06WPHVIC-TIE,Tie,0.23,0.24,0.235,0.24,0.01,839,239,837,22267.84,1,2026-02-20 06:00:00+00:00,240.75,,,,,,,,,0
Sports,KXSERIEASPREAD-26FEB06VERPIS,Pisa at Hellas Verona: Spreads,KXSERIEASPREAD-26FEB06VERPIS-VER2,Hellas Verona wins by over 2.5 goals,0.05,0.06,0.055,0.05,0.01,338,338,338,22194.56,1,2026-02-20 19:45:00+00:00,254.5,,,,,,,,,0
Sports,KXNBAPTS-26FEB05SASDAL,San Antonio at Dallas: Points,KXNBAPTS-26FEB05SASDAL-DALCFLAGG32-20,Cooper Flagg: 20+,0.56,0.72,0.64,0.73,0.16,7544,7425,7513,22117.07,1,2026-02-20 01:30:00+00:00,236.25,,,,,,,,,0
Sports,KXEPLBTTS-26FEB06LEENFO,Nottingham at Leeds United: Both Teams to Score,KXEPLBTTS-26FEB06LEENFO,Both Teams To Score,0.5,0.53,0.515,0.53,0.03,659,594,657,21743.88,1,2026-02-20 20:00:00+00:00,254.75,,,,,,,,,0
Sports,KXWTAMATCH-26FEB06HONOSO,Hon vs Osorio,KXWTAMATCH-26FEB06HONOSO-HON,Priscilla Hon,0.26,0.28,0.27,0.26,0.02,4,4,4,21729.46,1,2026-02-20 07:00:00+00:00,241.75,,,,,,,,,0
Sports,KXWTAMATCH-26FEB06COCGOR,Cocciaretto vs Gorgodze,KXWTAMATCH-26FEB06COCGOR-GOR,Ekaterine Gorgodze,0.15,0.16,0.155,0.15,0.01,327,327,327,21350.36,1,2026-02-20 07:00:00+00:00,241.75,,,,,,,,,0
Sports,KXWTAMATCH-26FEB06HONOSO,Hon vs Osorio,KXWTAMATCH-26FEB06HONOSO-OSO,Camila Osorio,0.72,0.74,0.73,0.74,0.02,38,38,38,21341.05,1,2026-02-20 07:00:00+00:00,241.75,,,,,,,,,0
Sports,KXNCAAMBSPREAD-26FEB05NEOMUND,Omaha at North Dakota: Spread,KXNCAAMBSPREAD-26FEB05NEOMUND-NEOM11,Omaha wins by over 11.5 Points,0.03,0.12,0.075,0.39,0.09,2272,2272,2272,21236.66,1,2026-02-20 01:00:00+00:00,235.75,,,,,,,,,0
Sports,KXWTAMATCH-26FEB06PARKOR,Parry vs Korpatsch,KXWTAMATCH-26FEB06PARKOR-PAR,Diane Parry,0.6,0.62,0.61,0.63,0.02,3490,3490,1290,21207.55,1,2026-02-20 17:00:00+00:00,251.75,,,,,,,,,0
Sports,KXNBAPTS-26FEB05SASDAL,San Antonio at Dallas: Points,KXNBAPTS-26FEB05SASDAL-DALCFLAGG32-25,Cooper Flagg: 25+,0.0,0.43,0.43,0.43,,24268,23774,23737,20888.22,1,2026-02-20 01:30:00+00:00,236.25,,,,,,,,,0
Sports,KXNCAAMBSPREAD-26FEB05NEOMUND,Omaha at North Dakota: Spread,KXNCAAMBSPREAD-26FEB05NEOMUND-UND7,North Dakota wins by over 7.5 Points,0.01,0.07,0.04,0.06,0.06,1816,1816,1782,20813.0,1,2026-02-20 01:00:00+00:00,235.75,,,,,,,,,0
Sports,KXNBAPTS-26FEB05SASDAL,San Antonio at Dallas: Points,KXNBAPTS-26FEB05SASDAL-SASDFOX4-15,De'Aaron Fox: 15+,0.24,0.33,0.285,0.45,0.09,1882,1882,1824,20812.39,1,2026-02-20 01:30:00+00:00,236.25,,,,,,,,,0
Sports,KXNBAPTS-26FEB05SASDAL,San Antonio at Dallas: Points,KXNBAPTS-26FEB05SASDAL-SASVWEMBANYAMA1-25,Victor Wembanyama: 25+,0.6,0.95,0.775,0.82,0.35,10705,10705,9599,20741.44,1,2026-02-20 01:30:00+00:00,236.25,,,,,,,,,0
Sports,KXNBA3PT-26FEB05SASDAL,San Antonio at Dallas: Three Pointers,KXNBA3PT-26FEB05SASDAL-DALCFLAGG32-2,Cooper Flagg: 2+,0.1,0.16,0.13,0.16,0.06,1068,1015,1068,20707.45,1,2026-02-20 01:30:00+00:00,236.25,,,,,,,,,0
Sports,KXNCAAMBTOTAL-26FEB05OSUMD,Ohio St. at Maryland: Total Points,KXNCAAMBTOTAL-26FEB05OSUMD-148,Over 148.5 points scored,0.54,0.58,0.56,0.54,0.04,9393,5984,7591,20700.96,1,2026-02-20 01:30:00+00:00,236.25,,,,,,,,,0
Sports,KXNBAPTS-26FEB05SASDAL,San Antonio at Dallas: Points,KXNBAPTS-26FEB05SASDAL-SASSCASTLE5-15,Stephon Castle: 15+,0.0,0.57,0.53,0.53,,3021,3021,2251,20692.24,1,2026-02-20 01:30:00+00:00,236.25,,,,,,,,,0
Sports,KXNBAPTS-26FEB05SASDAL,San Antonio at Dallas: Points,KXNBAPTS-26FEB05SASDAL-SASVWEMBANYAMA1-35,Victor Wembanyama: 35+,0.0,0.37,0.36,0.36,,2533,2113,1828,20655.11,1,2026-02-20 01:30:00+00:00,236.25,,,,,,,,,0
Sports,KXATPCHALLENGERMATCH-26FEB05UGODIA,Ugo Carabelli vs Diaz Acosta,KXATPCHALLENGERMATCH-26FEB05UGODIA-UGO,Camilo Ugo Carabelli,0.19,0.26,0.225,0.26,0.07,255019,231148,153405,20640.67,1,2026-02-19 22:40:00+00:00,233.42,,,,,,,,,0
Sports,KXNBAPTS-26FEB05SASDAL,San Antonio at Dallas: Points,KXNBAPTS-26FEB05SASDAL-SASSCASTLE5-25,Stephon Castle: 25+,0.06,0.18,0.12,0.06,0.12,161,161,161,20512.71,1,2026-02-20 01:30:00+00:00,236.25,,,,,,,,,0
Sports,KXNBAPTS-26FEB05SASDAL,San Antonio at Dallas: Points,KXNBAPTS-26FEB05SASDAL-SASSCASTLE5-20,Stephon Castle: 20+,0.0,0.28,0.3,0.3,,204,204,204,20470.12,1,2026-02-20 01:30:00+00:00,236.25,,,,,,,,,0
Sports,KXNBAPTS-26FEB05SASDAL,San Antonio at Dallas: Points,KXNBAPTS-26FEB05SASDAL-DALCFLAGG32-30,Cooper Flagg: 30+,0.0,0.2,0.19,0.19,,7412,7412,7402,20437.69,1,2026-02-20 01:30:00+00:00,236.25,,,,,,,,,0
Sports,KXNBAPTS-26FEB05CHAHOU,Charlotte at Houston: Points,KXNBAPTS-26FEB05CHAHOU-CHAMBRIDGES0-20,Miles Bridges: 20+,0.0,0.51,0.68,0.68,,149,149,132,20344.56,1,2026-02-20 01:00:00+00:00,235.75,,,,,,,,,0
Sports,KXNBAPTS-26FEB05CHAHOU,Charlotte at Houston: Points,KXNBAPTS-26FEB05CHAHOU-HOUASENGUN28-15,Alperen Sengun: 15+,0.0,0.21,0.26,0.26,,1629,1628,1629,20209.57,1,2026-02-20 01:00:00+00:00,235.75,,,,,,,,,0
Sports,KXWTAMATCH-26FEB06ZVOZHA,Zvonareva vs Zhang,KXWTAMATCH-26FEB06ZVOZHA-ZVO,Vera Zvonareva,0.25,0.26,0.255,0.25,0.01,24,24,24,20154.04,1,2026-02-20 07:00:00+00:00,241.75,,,,,,,,,0
Sports,KXNBAPTS-26FEB05CHAHOU,Charlotte at Houston: Points,KXNBAPTS-26FEB05CHAHOU-CHAKKNUEPPEL7-30,Kon Knueppel: 30+,0.0,0.38,0.08,0.08,,751,751,751,20126.57,1,2026-02-20 01:00:00+00:00,235.75,,,,,,,,,0
Sports,KXSAUDIPLGAME-26FEB06ALNITJ,Al Nassr vs Al-Ittihad,KXSAUDIPLGAME-26FEB06ALNITJ-TIE,Tie,0.21,0.24,0.225,0.23,0.03,649,475,446,20041.88,1,2026-02-20 17:30:00+00:00,252.25,,,,,,,,,0
Sports,KXSERIEASPREAD-26FEB06VERPIS,Pisa at Hellas Verona: Spreads,KXSERIEASPREAD-26FEB06VERPIS-PIS2,Pisa wins by over 2.5 goals,0.02,0.03,0.025,0.02,0.01,264,252,264,19984.65,1,2026-02-20 19:45:00+00:00,254.5,,,,,,,,,0
Sports,KXALEAGUEGAME-26FEB06MACPER,Macarthur vs Perth,KXALEAGUEGAME-26FEB06MACPER-MAC,Macarthur,0.47,0.48,0.475,0.48,0.01,3131,2578,3102,19894.63,1,2026-02-20 08:35:00+00:00,243.34,,,,,,,,,0
Sports,KXBUNDESLIGASPREAD-26FEB06UNISGE,Frankfurt at Union Berlin: Spreads,KXBUNDESLIGASPREAD-26FEB06UNISGE-UNI1,Union Berlin wins by over 1.5 goals,0.21,0.22,0.215,0.22,0.01,132,132,132,19621.65,1,2026-02-20 19:30:00+00:00,254.25,,,,,,,,,0
Sports,KXALEAGUEGAME-26FEB06MACPER,Macarthur vs Perth,KXALEAGUEGAME-26FEB06MACPER-PER,Perth,0.28,0.3,0.29,0.3,0.02,328,328,315,19265.29,1,2026-02-20 08:35:00+00:00,243.34,,,,,,,,,0
Sports,KXSAUDIPLGAME-26FEB06NEORIY,AL Suqoor vs Al-Riyadh,KXSAUDIPLGAME-26FEB06NEORIY-TIE,Tie,0.2,0.21,0.205,0.21,0.01,841,841,395,19216.53,1,2026-02-20 14:25:00+00:00,249.17,,,,,,,,,0
Sports,KXATPCHALLENGERMATCH-26FEB06BARTRA,Barranco Cosano vs Travaglia,KXATPCHALLENGERMATCH-26FEB06BARTRA-BAR,Javier Barranco Cosano,0.25,0.28,0.265,0.25,0.03,57,57,57,19181.64,1,2026-02-20 11:00:00+00:00,245.75,,,,,,,,,0
Sports,KXBELGIANPLGAME-26FEB06WESSTT,Westerlo vs St. Truidense,KXBELGIANPLGAME-26FEB06WESSTT-TIE,Tie,0.26,0.29,0.275,0.24,0.03,4,0,0,19125.2,1,2026-02-20 19:45:00+00:00,254.5,,,,,,,,,0
Sports,KXATPCHALLENGERMATCH-26FEB05HEWSWE,Hewitt vs Sweeny,KXATPCHALLENGERMATCH-26FEB05HEWSWE-SWE,Dane Sweeny,0.82,0.83,0.825,0.84,0.01,3215,2624,2842,19099.81,1,2026-02-20 02:10:00+00:00,236.92,,,,,,,,,0
Sports,KXNCAAWBGAME-26FEB05UCSDLBSU,UC San Diego at Long Beach St.,KXNCAAWBGAME-26FEB05UCSDLBSU-LBSU,Long Beach St.,0.03,0.19,0.11,0.19,0.16,6135,5060,6035,19056.8,1,2026-02-20 02:00:00+00:00,236.75,,,,,,,,,0
Sports,KXWTACHALLENGERMATCH-26FEB06TAGSEM,Tagger vs Semenistaja,KXWTACHALLENGERMATCH-26FEB06TAGSEM-TAG,Lilli Tagger,0.59,0.61,0.6,0.62,0.02,45,45,45,18928.9,1,2026-02-20 10:40:00+00:00,245.42,,,,,,,,,0
Sports,KXWTAMATCH-26FEB06VALROD,Valentova vs Rodionova,KXWTAMATCH-26FEB06VALROD-ROD,Arina Rodionova,0.06,0.07,0.065,0.06,0.01,1546,1546,1545,18911.62,1,2026-02-20 07:00:00+00:00,241.75,,,,,,,,,0
Sports,KXSAUDIPLGAME-26FEB06ITTDAM,Al-Ittifaq vs Damac,KXSAUDIPLGAME-26FEB06ITTDAM-ITT,Al-Ittifaq,0.57,0.58,0.575,0.59,0.01,9310,8466,9222,18695.22,1,2026-02-20 15:00:00+00:00,249.75,,,,,,,,,0
Sports,KXSAUDIPLGAME-26FEB06ALNITJ,Al Nassr vs Al-Ittihad,KXSAUDIPLGAME-26FEB06ALNITJ-ALN,Al Nassr,0.58,0.59,0.585,0.59,0.01,7687,6500,7260,18630.75,1,2026-02-20 17:30:00+00:00,252.25,,,,,,,,,0
Sports,KXLIGUE1BTTS-26FEB06FCMLIL,Lille at Metz: Both Teams to Score,KXLIGUE1BTTS-26FEB06FCMLIL,Both Teams To Score,0.53,0.58,0.555,0.55,0.05,45,45,45,18474.93,1,2026-02-20 19:45:00+00:00,254.5,,,,,,,,,0
Sports,KXBELGIANPLGAME-26FEB06WESSTT,Westerlo vs St. Truidense,KXBELGIANPLGAME-26FEB06WESSTT-WES,Westerlo,0.38,0.39,0.385,0.38,0.01,80,80,80,18473.32,1,2026-02-20 19:45:00+00:00,254.5,,,,,,,,,0
Sports,KXATPCHALLENGERMATCH-26FEB05HEWSWE,Hewitt vs Sweeny,KXATPCHALLENGERMATCH-26FEB05HEWSWE-HEW,Cruz Hewitt,0.16,0.18,0.17,0.18,0.02,11754,11549,11629,18471.35,1,2026-02-20 02:10:00+00:00,236.92,,,,,,,,,0
Sports,KXWTAMATCH-26FEB06VOLBOU,Volynets vs Boulter,KXWTAMATCH-26FEB06VOLBOU-VOL,Katie Volynets,0.36,0.37,0.365,0.37,0.01,174,174,154,18241.75,1,2026-02-20 15:00:00+00:00,249.75,,,,,,,,,0
Sports,KXDENSUPERLIGAGAME-26FEB06AGFOBK,Aarhus vs Odense,KXDENSUPERLIGAGAME-26FEB06AGFOBK-OBK,Odense,0.13,0.2,0.165,0.2,0.07,8,4,8,18094.92,1,2026-02-20 18:00:00+00:00,252.75,0.0,-0.947368,-0.974359,-1.888235,0.979167,0.40045,1.4833,2.942149,16
Sports,KXNBASPREAD-26FEB05CHAHOU,Charlotte at Houston: Spread,KXNBASPREAD-26FEB05CHAHOU-HOU3,Houston wins by over 3.5 Points,0.07,0.12,0.095,0.08,0.05,337115,331127,196081,18074.96,1,2026-02-20 01:00:00+00:00,235.75,,,,,,,,,0
Sports,KXNCAAMBSPREAD-26FEB05ACUVU,Abilene Christian at Utah Valley: Spread,KXNCAAMBSPREAD-26FEB05ACUVU-UVU16,Utah Valley wins by over 16.5 Points,0.57,0.97,0.77,0.79,0.4,3950,3849,3523,17990.2,1,2026-02-20 01:00:00+00:00,235.75,,,,,,,,,0
Sports,KXNCAAMBSPREAD-26FEB05OSUMD,Ohio St. at Maryland: Spread,KXNCAAMBSPREAD-26FEB05OSUMD-MD2,Maryland wins by over 2.5 Points,0.03,0.05,0.04,0.11,0.02,979,979,979,17928.19,1,2026-02-20 01:30:00+00:00,236.25,,,,,,,,,0
Sports,KXNCAAMBSPREAD-26FEB05ACUVU,Abilene Christian at Utah Valley: Spread,KXNCAAMBSPREAD-26FEB05ACUVU-UVU13,Utah Valley wins by over 13.5 Points,0.56,0.97,0.765,0.79,0.41,19832,19832,13905,17895.1,1,2026-02-20 01:00:00+00:00,235.75,,,,,,,,,0
Sports,KXEPLSPREAD-26FEB06LEENFO,Nottingham at Leeds United: Spreads,KXEPLSPREAD-26FEB06LEENFO-LEE1,Leeds United wins by over 1.5 goals,0.2,0.21,0.205,0.21,0.01,219,181,219,17843.43,1,2026-02-20 20:00:00+00:00,254.75,,,,,,,,,0
Sports,KXSAUDIPLGAME-26FEB06ITTDAM,Al-Ittifaq vs Damac,KXSAUDIPLGAME-26FEB06ITTDAM-TIE,Tie,0.23,0.28,0.255,0.28,0.05,780,780,780,17784.99,1,2026-02-20 15:00:00+00:00,249.75,,,,,,,,,0
Sports,KXHOLEINONE-26-WM,Will there be a hole-in-one on Hole 16 at the WM Phoenix Open?,KXHOLEINONE-26-WM-1,1+ hole-in-ones on Hole 16,0.24,0.26,0.25,0.26,0.02,34503,21359,28814,17528.55,1,2026-02-19 11:00:00+00:00,221.75,,,,,,,,,0
Sports,KXNCAAMBSPREAD-26FEB05WIUTNTC,Western Illinois at Tennessee Tech: Spread,KXNCAAMBSPREAD-26FEB05WIUTNTC-TNTC2,Tennessee Tech wins by over 2.5 Points,0.93,0.97,0.95,0.94,0.04,536,470,536,17516.54,1,2026-02-20 01:30:00+00:00,236.25,,,,,,,,,0
Sports,KXWTAMATCH-26FEB06PARKOR,Parry vs Korpatsch,KXWTAMATCH-26FEB06PARKOR-KOR,Tamara Korpatsch,0.38,0.4,0.39,0.4,0.02,297,297,296,17472.39,1,2026-02-20 17:00:00+00:00,251.75,,,,,,,,,0
Sports,KXNCAAMBSPREAD-26FEB05DENNDSU,Denver at North Dakota St.: Spread,KXNCAAMBSPREAD-26FEB05DENNDSU-NDSU5,North Dakota St. wins by over 5.5 Points,0.01,0.04,0.025,0.03,0.03,2034,1764,1495,17456.54,1,2026-02-20 01:00:00+00:00,235.75,,,,,,,,,0
Sports,KXNBATOTAL-26FEB05CHAHOU,Charlotte at Houston: Total Points,KXNBATOTAL-26FEB05CHAHOU-232,Over 232.5 points scored,0.19,0.2,0.195,0.34,0.01,15312,10573,12064,17449.14,1,2026-02-20 01:00:00+00:00,235.75,,,,,,,,,0
Sports,KXNCAAMBSPREAD-26FEB05USIUTM,Southern Indiana at Tennessee-Martin: Spread,KXNCAAMBSPREAD-26FEB05USIUTM-UTM5,Tennessee-Martin wins by over 5.5 Points,0.21,0.97,0.59,0.66,0.76,837,837,825,17437.47,1,2026-02-20 01:30:00+00:00,236.25,,,,,,,,,0
Sports,KXNCAAMBSPREAD-26FEB05USIUTM,Southern Indiana at Tennessee-Martin: Spread,KXNCAAMBSPREAD-26FEB05USIUTM-UTM8,Tennessee-Martin wins by over 8.5 Points,0.5,0.97,0.735,0.84,0.47,579,553,579,17422.22,1,2026-02-20 01:30:00+00:00,236.25,,,,,,,,,0
Sports,KXNCAAMBSPREAD-26FEB05ACUVU,Abilene Christian at Utah Valley: Spread,KXNCAAMBSPREAD-26FEB05ACUVU-UVU7,Utah Valley wins by over 7.5 Points,0.97,0.99,0.98,0.97,0.02,287,237,284,17421.64,1,2026-02-20 01:00:00+00:00,235.75,,,,,,,,,0
Sports,KXEPLSPREAD-26FEB06LEENFO,Nottingham at Leeds United: Spreads,KXEPLSPREAD-26FEB06LEENFO-LEE2,Leeds United wins by over 2.5 goals,0.07,0.08,0.075,0.08,0.01,234,234,234,17414.77,1,2026-02-20 20:00:00+00:00,254.75,,,,,,,,,0
Sports,KXNCAAMBSPREAD-26FEB05USIUTM,Southern Indiana at Tennessee-Martin: Spread,KXNCAAMBSPREAD-26FEB05USIUTM-UTM2,Tennessee-Martin wins by over 2.5 Points,0.23,0.99,0.61,0.98,0.76,1517,1517,1517,17313.95,1,2026-02-20 01:30:00+00:00,236.25,,,,,,,,,0
Sports,KXNCAAMBSPREAD-26FEB05MORESEMO,Morehead St. at Southeast Missouri St.: Spread,KXNCAAMBSPREAD-26FEB05MORESEMO-MORE1,Morehead St. wins by over 1.5 Points,0.02,0.07,0.045,0.03,0.05,50,50,50,17257.99,1,2026-02-20 01:30:00+00:00,236.25,,,,,,,,,0
Sports,KXWTACHALLENGERMATCH-26FEB06SAWPRO,Sawangkaew vs Prozorova,KXWTACHALLENGERMATCH-26FEB06SAWPRO-SAW,Mananchaya Sawangkaew,0.39,0.41,0.4,0.4,0.02,1,1,1,17131.77,1,2026-02-20 09:30:00+00:00,244.25,,,,,,,,,0
Sports,KXNCAAMBSPREAD-26FEB05NEOMUND,Omaha at North Dakota: Spread,KXNCAAMBSPREAD-26FEB05NEOMUND-UND10,North Dakota wins by over 10.5 Points,0.01,0.05,0.03,0.03,0.04,172,172,172,17123.32,1,2026-02-20 01:00:00+00:00,235.75,,,,,,,,,0
Sports,KXNCAAMBSPREAD-26FEB05MORESEMO,Morehead St. at Southeast Missouri St.: Spread,KXNCAAMBSPREAD-26FEB05MORESEMO-MORE4,Morehead St. wins by over 4.5 Points,0.02,0.06,0.04,0.02,0.04,75,75,75,17110.58,1,2026-02-20 01:30:00+00:00,236.25,,,,,,,,,0
Sports,KXNCAAMBSPREAD-26FEB05WIUTNTC,Western Illinois at Tennessee Tech: Spread,KXNCAAMBSPREAD-26FEB05WIUTNTC-WIU7,Western Illinois wins by over 7.5 Points,0.03,0.06,0.045,0.03,0.03,30,0,30,17017.48,1,2026-02-20 01:30:00+00:00,236.25,,,,,,,,,0
Sports,KXNCAAMBSPREAD-26FEB05CITSAM,The Citadel at Samford: Spread,KXNCAAMBSPREAD-26FEB05CITSAM-SAM4,Samford wins by over 4.5 Points,0.21,0.97,0.59,0.52,0.76,549,549,339,17003.38,1,2026-02-20 01:00:00+00:00,235.75,,,,,,,,,0
Sports,KXEPLSPREAD-26FEB06LEENFO,Nottingham at Leeds United: Spreads,KXEPLSPREAD-26FEB06LEENFO-NFO1,Nottingham wins by over 1.5 goals,0.09,0.1,0.095,0.1,0.01,216,216,216,17002.98,1,2026-02-20 20:00:00+00:00,254.75,,,,,,,,,0
Sports,KXNBAPTS-26FEB05PHILAL,Philadelphia at Los Angeles L: Points,KXNBAPTS-26FEB05PHILAL-PHIVEDGECOMBE77-15,VJ Edgecombe: 15+,0.43,0.48,0.455,0.48,0.05,6061,5941,5977,16814.27,1,2026-02-20 03:00:00+00:00,237.75,,,,,,,,,0
Sports,KXWTACHALLENGERMATCH-26FEB06JEATAR,Jeanjean vs Tararudee,KXWTACHALLENGERMATCH-26FEB06JEATAR-JEA,Leolia Jeanjean,0.39,0.42,0.405,0.4,0.03,1,1,1,16705.68,1,2026-02-20 09:30:00+00:00,244.25,,,,,,,,,0
Sports,KXATPCHALLENGERMATCH-26FEB06MORMER,Moro Canas vs Merida,KXATPCHALLENGERMATCH-26FEB06MORMER-MER,Daniel Merida,0.56,0.59,0.575,0.55,0.03,3,3,3,16685.08,1,2026-02-20 12:10:00+00:00,246.92,,,,,,,,,0
Sports,KXNBAPTS-26FEB05PHILAL,Philadelphia at Los Angeles L: Points,KXNBAPTS-26FEB05PHILAL-LALAREAVES15-15,Austin Reaves: 15+,0.57,0.58,0.575,0.58,0.01,7279,6853,4584,16646.23,1,2026-02-20 03:00:00+00:00,237.75,,,,,,,,,0
Sports,KXNBAALLSTARS-26,Pro Basketball All Stars?,KXNBAALLSTARS-26-FWAG,Franz Wagner,0.0,0.38,0.01,0.01,,5059,0,4529,16521.28,1,2026-02-17 15:00:00+00:00,177.75,0.0,0.0,0.0,0.0,0.0,0.0,1.0,0.0,10
Sports,KXSAUDIPLGAME-26FEB06ITTDAM,Al-Ittifaq vs Damac,KXSAUDIPLGAME-26FEB06ITTDAM-DAM,Damac,0.14,0.18,0.16,0.17,0.04,1683,1683,1640,16504.62,1,2026-02-20 15:00:00+00:00,249.75,,,,,,,,,0
Sports,KXNBAALLSTARS-26,Pro Basketball All Stars?,KXNBAALLSTARS-26-BING,Brandon Ingram,0.01,0.43,0.22,0.01,0.42,11393,56,6267,16398.74,1,2026-02-17 15:00:00+00:00,177.75,0.0,0.0,0.0,0.0,0.0,0.0,1.0,0.0,6
Sports,KXEKSTRAKLASAGAME-26FEB06KORZAG,Korona Kielce vs Zaglebie Lubin,KXEKSTRAKLASAGAME-26FEB06KORZAG-ZAG,Zaglebie Lubin,0.18,0.23,0.205,0.23,0.05,44,41,44,16383.44,1,2026-02-20 17:00:00+00:00,251.75,,,,,,,,,0
Sports,KXLOLGAME-26FEB06MVKTSW,LCP 2026: MVK Esports vs. Team Secret Whales,KXLOLGAME-26FEB06MVKTSW-MVK,MVK Esports,0.32,0.35,0.335,0.35,0.03,1668,1642,1647,16343.21,1,2026-02-20 06:00:00+00:00,240.75,,,,,,,,,0
Sports,KXNBAALLSTARS-26,Pro Basketball All Stars?,KXNBAALLSTARS-26-BADE,Bam Adebayo,0.0,0.43,0.1,0.1,,12180,0,3912,16271.49,1,2026-02-17 15:00:00+00:00,177.75,0.0,0.0,0.0,-0.0,0.0,0.0,1.0,0.0,5
Sports,KXNBAALLSTARS-26,Pro Basketball All Stars?,KXNBAALLSTARS-26-ASEN,Alperen Sengun,0.78,0.93,0.855,0.79,0.15,21793,71,17151,16249.98,1,2026-02-17 15:00:00+00:00,177.75,,,,,,,,,0
Sports,KXVALORANTGAME-26FEB06EGNV,VCT Americas Kickoff 2026: Evil Geniuses vs. Team Envy,KXVALORANTGAME-26FEB06EGNV-NV,Team Envy,0.53,0.58,0.555,0.6,0.05,6971,2906,4838,16051.45,1,2026-02-20 22:00:00+00:00,256.75,,,,,,,,,0
Sports,KXWTACHALLENGERMATCH-26FEB06SAWPRO,Sawangkaew vs Prozorova,KXWTACHALLENGERMATCH-26FEB06SAWPRO-PRO,Tatiana Prozorova,0.59,0.6,0.595,0.6,0.01,41,41,41,16029.83,1,2026-02-20 09:30:00+00:00,244.25,,,,,,,,,0
Sports,KXNBAALLSTARS-26,Pro Basketball All Stars?,KXNBAALLSTARS-26-KKNU,Kon Knueppel,0.0,0.15,0.24,0.24,,1727,0,1691,15955.05,1,2026-02-17 15:00:00+00:00,177.75,0.0,0.0,0.0,0.0,0.0,0.0,1.0,0.0,10
Sports,KXWTACHALLENGERMATCH-26FEB06YAMTIA,Yamaguchi vs Tian,KXWTACHALLENGERMATCH-26FEB06YAMTIA-TIA,Fangran Tian,0.63,0.66,0.645,0.67,0.03,47,47,47,15905.85,1,2026-02-20 10:40:00+00:00,245.42,,,,,,,,,0
Sports,KXNBAALLSTARS-26,Pro Basketball All Stars?,KXNBAALLSTARS-26-SCAS,Stephon Castle,0.0,0.1,0.1,0.1,,3519,0,3326,15831.25,1,2026-02-17 15:00:00+00:00,177.75,0.090909,0.2,0.2,0.127273,0.0,0.038236,1.1788,0.19469,11
Sports,KXNBAALLSTARS-26,Pro Basketball All Stars?,KXNBAALLSTARS-26-SSHA,Shaedon Sharpe,0.0,0.12,0.17,0.17,,719,0,719,15828.5,1,2026-02-17 15:00:00+00:00,177.75,0.0,0.0,0.0,-0.0,0.0,0.0,1.0,0.0,5
Sports,KXNBAALLSTARS-26,Pro Basketball All Stars?,KXNBAALLSTARS-26-TYOU,Trae Young,0.0,0.03,0.03,0.03,,1659,0,1425,15700.48,1,2026-02-17 15:00:00+00:00,177.75,0.0,0.0,0.0,0.0,0.0,0.0,1.0,0.0,11
Sports,KXWTACHALLENGERMATCH-26FEB06YAMTIA,Yamaguchi vs Tian,KXWTACHALLENGERMATCH-26FEB06YAMTIA-YAM,Mei Yamaguchi,0.34,0.36,0.35,0.37,0.02,1001,1,1000,15670.37,1,2026-02-20 10:40:00+00:00,245.42,,,,,,,,,0
Sports,KXNBAALLSTARS-26SDC,Pro Basketball Slam Dunk Contest Participants?,KXNBAALLSTARS-26SDC-MMCC,Mac McClung,0.0,0.18,0.18,0.18,,5236,5074,5236,15618.97,1,2026-02-16 03:00:00+00:00,141.75,0.0,-0.083333,-0.153846,-0.132867,0.153846,0.030935,1.0039,0.169014,12
Sports,KXHNLGAME-26FEB06LOKGOR,Lokomotiva vs Gorica,KXHNLGAME-26FEB06LOKGOR-GOR,Gorica,0.21,0.29,0.25,0.29,0.08,32,32,32,15560.64,1,2026-02-20 17:00:00+00:00,251.75,,,,,,,,,0
Sports,KXNBASPREAD-26FEB05CHAHOU,Charlotte at Houston: Spread,KXNBASPREAD-26FEB05CHAHOU-HOU6,Houston wins by over 6.5 Points,0.04,0.05,0.045,0.06,0.01,60853,60453,43613,15535.94,1,2026-02-20 01:00:00+00:00,235.75,,,,,,,,,0
Sports,KXBELGIANPLGAME-26FEB06WESSTT,Westerlo vs St. Truidense,KXBELGIANPLGAME-26FEB06WESSTT-STT,St. Truidense,0.33,0.36,0.345,0.31,0.03,14,12,11,15524.98,1,2026-02-20 19:45:00+00:00,254.5,,,,,,,,,0
Sports,KXHNLGAME-26FEB06LOKGOR,Lokomotiva vs Gorica,KXHNLGAME-26FEB06LOKGOR-TIE,Tie,0.25,0.33,0.29,0.33,0.08,57,57,57,15507.68,1,2026-02-20 17:00:00+00:00,251.75,,,,,,,,,0
Sports,KXATPCHALLENGERMATCH-26FEB06MORMER,Moro Canas vs Merida,KXATPCHALLENGERMATCH-26FEB06MORMER-MOR,Alejandro Moro Canas,0.4,0.44,0.42,0.44,0.04,3,3,3,15378.67,1,2026-02-20 12:10:00+00:00,246.92,,,,,,,,,0
Sports,KXLOLGAME-26FEB06DNFKT,LCK Cup 2026: DN SOOPers vs. KT Rolster,KXLOLGAME-26FEB06DNFKT-KT,KT Rolster,0.74,0.76,0.75,0.76,0.02,3063,1760,3063,15286.86,1,2026-02-20 10:00:00+00:00,244.75,,,,,,,,,0
Sports,KXEFLCHAMPIONSHIPGAME-26FEB03PORIPS,Portsmouth vs Ipswich,KXEFLCHAMPIONSHIPGAME-26FEB03PORIPS-IPS,Ipswich,0.51,0.53,0.52,0.51,0.02,16652,1005,5919,15024.95,1,2026-02-17 19:45:00+00:00,182.5,0.0,0.0,0.0,0.0,0.0,0.0,1.0,0.125,15
Sports,KXLOLGAME-26FEB06GZCFO,LCP 2026: Ground Zero Gaming vs. CTBC Flying Oyster,KXLOLGAME-26FEB06GZCFO-CFO,CTBC Flying Oyster,0.76,0.83,0.795,0.84,0.07,447,329,446,15008.39,1,2026-02-20 08:30:00+00:00,243.25,,,,,,,,,0
Sports,KXWTACHALLENGERMATCH-26FEB06JEATAR,Jeanjean vs Tararudee,KXWTACHALLENGERMATCH-26FEB06JEATAR-TAR,Lanlana Tararudee,0.58,0.61,0.595,0.6,0.03,506,6,506,14871.23,1,2026-02-20 09:30:00+00:00,244.25,,,,,,,,,0
Sports,KXVALORANTGAME-26FEB06T1PR,VCT Pacific Kickoff 2026: T1 vs. Paper Rex,KXVALORANTGAME-26FEB06T1PR-PR,Paper Rex,0.53,0.54,0.535,0.57,0.01,631,311,631,14655.84,1,2026-02-20 11:00:00+00:00,245.75,,,,,,,,,0
Sports,KXNCAAMBTOTAL-26FEB05OSUMD,Ohio St. at Maryland: Total Points,KXNCAAMBTOTAL-26FEB05OSUMD-139,Over 139.5 points scored,0.75,0.86,0.805,0.83,0.11,24,24,24,14599.02,1,2026-02-20 01:30:00+00:00,236.25,,,,,,,,,0
Sports,KXVALORANTGAME-26FEB06BLGDRG,VCT China Kickoff 2026: Bilibili Gaming vs. Dragon Ranger Gaming,KXVALORANTGAME-26FEB06BLGDRG-BLG,Bilibili Gaming,0.54,0.58,0.56,0.58,0.04,247,247,247,14519.18,1,2026-02-20 09:00:00+00:00,243.75,,,,,,,,,0
Sports,KXNBASPREAD-26FEB05CHITOR,Chicago at Toronto: Spread,KXNBASPREAD-26FEB05CHITOR-TOR11,Toronto wins by over 11.5 Points,0.72,0.83,0.775,0.84,0.11,115472,108556,56986,14405.38,1,2026-02-20 00:30:00+00:00,235.25,,,,,,,,,0
Sports,KXNBAALLSTARS-26,Pro Basketball All Stars?,KXNBAALLSTARS-26-DBRO,Dillon Brooks,0.05,0.2,0.125,0.24,0.15,4590,0,4406,14269.71,1,2026-02-17 15:00:00+00:00,177.75,0.0,0.0,0.0,0.0,0.0,0.0,1.0,0.0,10
Sports,KXNCAAWBGAME-26FEB05MTSTIDHO,Montana St. at Idaho,KXNCAAWBGAME-26FEB05MTSTIDHO-IDHO,Idaho,0.32,0.79,0.555,0.68,0.47,62,61,62,14223.33,1,2026-02-20 02:00:00+00:00,236.75,,,,,,,,,0
Sports,KXNCAAMBTOTAL-26FEB05OSUMD,Ohio St. at Maryland: Total Points,KXNCAAMBTOTAL-26FEB05OSUMD-136,Over 136.5 points scored,0.81,0.91,0.86,0.91,0.1,912,910,860,14147.09,1,2026-02-20 01:30:00+00:00,236.25,,,,,,,,,0
Sports,KXNBASPREAD-26FEB05CHITOR,Chicago at Toronto: Spread,KXNBASPREAD-26FEB05CHITOR-TOR14,Toronto wins by over 14.5 Points,0.52,0.56,0.54,0.52,0.04,77266,71324,36315,14123.68,1,2026-02-20 00:30:00+00:00,235.25,,,,,,,,,0
Sports,KXVALORANTGAME-26FEB06T1PR,VCT Pacific Kickoff 2026: T1 vs. Paper Rex,KXVALORANTGAME-26FEB06T1PR-T1,T1,0.43,0.47,0.45,0.47,0.04,283,87,258,14054.62,1,2026-02-20 11:00:00+00:00,245.75,,,,,,,,,0
Sports,KXNCAAMBTOTAL-26FEB05OSUMD,Ohio St. at Maryland: Total Points,KXNCAAMBTOTAL-26FEB05OSUMD-142,Over 142.5 points scored,0.72,0.78,0.75,0.78,0.06,4688,3017,4422,14033.09,1,2026-02-20 01:30:00+00:00,236.25,,,,,,,,,0
Sports,KXNCAAWBGAME-26FEB05WSUUSD,Washington St. at San Diego,KXNCAAWBGAME-26FEB05WSUUSD-USD,San Diego,0.28,0.31,0.295,0.02,0.03,4241,2776,2883,13878.7,1,2026-02-20 02:00:00+00:00,236.75,,,,,,,,,0
Sports,KXNCAAWBGAME-26FEB05SCUPAC,Santa Clara at Pacific,KXNCAAWBGAME-26FEB05SCUPAC-SCU,Santa Clara,0.8,0.81,0.805,0.8,0.01,4355,4263,4137,13778.74,1,2026-02-20 02:00:00+00:00,236.75,,,,,,,,,0
Sports,KXCS2TOTALMAPS-26FEB06MOUZG2,IEM Krakow 2026: MOUZ vs. G2 Total Maps,KXCS2TOTALMAPS-26FEB06MOUZG2-3,Over 2.5 maps,0.48,0.51,0.495,0.51,0.03,511,387,420,13712.96,1,2026-02-20 18:00:00+00:00,252.75,,,,,,,,,0
Sports,KXNBAALLSTARS-26,Pro Basketball All Stars?,KXNBAALLSTARS-26-JEMB,Joel Embiid,0.16,0.89,0.525,0.25,0.73,27106,184,14059,13692.04,1,2026-02-17 15:00:00+00:00,177.75,1.2,-0.78,0.0,2.567647,0.945652,1.371595,0.5016,3.445545,16
Sports,KXNCAAMBTOTAL-26FEB05OSUMD,Ohio St. at Maryland: Total Points,KXNCAAMBTOTAL-26FEB05OSUMD-163,Over 163.5 points scored,0.1,0.18,0.14,0.09,0.08,740,702,725,13666.75,1,2026-02-20 01:30:00+00:00,236.25,,,,,,,,,0
Sports,KXDENSUPERLIGAGAME-26FEB06AGFOBK,Aarhus vs Odense,KXDENSUPERLIGAGAME-26FEB06AGFOBK-AGF,Aarhus,0.56,0.63,0.595,0.64,0.07,3,3,3,13662.02,1,2026-02-20 18:00:00+00:00,252.75,0.042105,0.98,0.302632,-0.426471,0.618421,0.592883,1.5404,1.395093,17
Sports,KXLOLGAME-26FEB06DNFKT,LCK Cup 2026: DN SOOPers vs. KT Rolster,KXLOLGAME-26FEB06DNFKT-DNF,DN SOOPers,0.25,0.27,0.26,0.27,0.02,574,7,347,13637.28,1,2026-02-20 10:00:00+00:00,244.75,,,,,,,,,0
Sports,KXVALORANTGAME-26FEB06GXTL,VCT EMEA Kickoff 2026: GIANTX vs. Team Liquid,KXVALORANTGAME-26FEB06GXTL-GX,GIANTX,0.45,0.49,0.47,0.49,0.04,19,19,19,13432.11,1,2026-02-20 19:00:00+00:00,253.75,,,,,,,,,0
Sports,KXJLEAGUEGAME-26FEB06KYOVIK,Kyoto Sanga vs Kobe,KXJLEAGUEGAME-26FEB06KYOVIK-TIE,Tie,0.26,0.35,0.305,0.34,0.09,2,2,2,13390.54,1,2026-02-20 10:00:00+00:00,244.75,,,,,,,,,0
Sports,KXNBAPTS-26FEB05PHILAL,Philadelphia at Los Angeles L: Points,KXNBAPTS-26FEB05PHILAL-PHITMAXEY0-25,Tyrese Maxey: 25+,0.64,0.65,0.645,0.65,0.01,3770,3666,3254,13341.46,1,2026-02-20 03:00:00+00:00,237.75,,,,,,,,,0
Sports,KXEKSTRAKLASAGAME-26FEB06KORZAG,Korona Kielce vs Zaglebie Lubin,KXEKSTRAKLASAGAME-26FEB06KORZAG-KOR,Korona Kielce,0.47,0.54,0.505,0.54,0.07,1,1,1,13299.93,1,2026-02-20 17:00:00+00:00,251.75,,,,,,,,,0
Sports,KXWTACHALLENGERMATCH-26FEB06TAGSEM,Tagger vs Semenistaja,KXWTACHALLENGERMATCH-26FEB06TAGSEM-SEM,Darja Semenistaja,0.39,0.41,0.4,0.38,0.02,1,1,1,13141.91,1,2026-02-20 10:40:00+00:00,245.42,,,,,,,,,0
Sports,KXNCAAMBGAME-26FEB05ACUVU,Abilene Christian at Utah Valley,KXNCAAMBGAME-26FEB05ACUVU-UVU,Utah Valley,0.99,1.0,0.995,0.99,0.01,48868,48596,44609,13135.21,1,2026-02-20 01:00:00+00:00,235.75,,,,,,,,,0
Sports,KXNCAAWBGAME-26FEB05WSUUSD,Washington St. at San Diego,KXNCAAWBGAME-26FEB05WSUUSD-WSU,Washington St.,0.67,0.71,0.69,0.7,0.04,1835,1822,1822,13074.7,1,2026-02-20 02:00:00+00:00,236.75,,,,,,,,,0
Sports,KXATPCHALLENGERMATCH-26FEB06UCHSCH,Uchida vs Schoenhaus,KXATPCHALLENGERMATCH-26FEB06UCHSCH-UCH,Kaichi Uchida,0.48,0.51,0.495,0.51,0.03,127,127,127,13064.19,1,2026-02-20 11:00:00+00:00,245.75,,,,,,,,,0
Sports,KXNCAAMBTOTAL-26FEB05MEMUAB,Memphis at UAB: Total Points,KXNCAAMBTOTAL-26FEB05MEMUAB-154,Over 154.5 points scored,0.63,0.68,0.655,0.67,0.05,17772,17750,14303,12967.47,1,2026-02-20 02:00:00+00:00,236.75,,,,,,,,,0
Sports,KXNCAAMBTOTAL-26FEB05OSUMD,Ohio St. at Maryland: Total Points,KXNCAAMBTOTAL-26FEB05OSUMD-160,Over 160.5 points scored,0.16,0.24,0.2,0.16,0.08,1463,1403,1093,12943.35,1,2026-02-20 01:30:00+00:00,236.25,,,,,,,,,0
Sports,KXATPCHALLENGERMATCH-26FEB06KOTREH,Kotov vs Rehberg,KXATPCHALLENGERMATCH-26FEB06KOTREH-KOT,Pavel Kotov,0.54,0.57,0.555,0.57,0.03,71,71,71,12937.46,1,2026-02-20 12:10:00+00:00,246.92,,,,,,,,,0
Sports,KXR6GAME-26FEB06G2FAZE,Six Invitational 2026: G2 Esports vs. FaZe Clan,KXR6GAME-26FEB06G2FAZE-G2,G2 Esports,0.39,0.43,0.41,0.46,0.04,273,240,271,12912.83,1,2026-02-20 20:30:00+00:00,255.25,,,,,,,,,0
Sports,KXNCAAWBGAME-26FEB05UCDUCSB,UC Davis at UC Santa Barbara,KXNCAAWBGAME-26FEB05UCDUCSB-UCD,UC Davis,0.57,0.78,0.675,0.77,0.21,1,1,1,12662.9,1,2026-02-20 02:00:00+00:00,236.75,,,,,,,,,0
Sports,KXNCAAMBTOTAL-26FEB05OSUMD,Ohio St. at Maryland: Total Points,KXNCAAMBTOTAL-26FEB05OSUMD-157,Over 157.5 points scored,0.25,0.31,0.28,0.32,0.06,4737,4737,3460,12575.35,1,2026-02-20 01:30:00+00:00,236.25,,,,,,,,,0
Sports,KXEFLCHAMPIONSHIPGAME-26FEB03PORIPS,Portsmouth vs Ipswich,KXEFLCHAMPIONSHIPGAME-26FEB03PORIPS-POR,Portsmouth,0.2,0.26,0.23,0.2,0.06,2113,290,947,12575.3,1,2026-02-17 19:45:00+00:00,182.5,0.052632,-0.2,0.0,0.250549,0.24,0.0971,0.9817,0.276316,14
Sports,KXCS2MAP-26FEB06MOUZG2-2,IEM Krakow 2026: MOUZ vs. G2 Map 2,KXCS2MAP-26FEB06MOUZG2-2-MOUZ,MOUZ,0.51,0.55,0.53,0.54,0.04,416,1,416,12567.8,1,2026-02-20 18:00:00+00:00,252.75,,,,,,,,,0
Sports,KXNCAAMBGAME-26FEB05ACUVU,Abilene Christian at Utah Valley,KXNCAAMBGAME-26FEB05ACUVU-AC,Abilene Christian,0.0,0.01,0.01,0.01,,209648,209230,153294,12556.52,1,2026-02-20 01:00:00+00:00,235.75,,,,,,,,,0
Sports,KXNCAAMBTOTAL-26FEB05OSUMD,Ohio St. at Maryland: Total Points,KXNCAAMBTOTAL-26FEB05OSUMD-166,Over 166.5 points scored,0.04,0.14,0.09,0.13,0.1,100,100,100,12460.16,1,2026-02-20 01:30:00+00:00,236.25,,,,,,,,,0
Sports,KXNCAAMBSPREAD-26FEB05OSUMD,Ohio St. at Maryland: Spread,KXNCAAMBSPREAD-26FEB05OSUMD-OSU4,Ohio St. wins by over 4.5 Points,0.78,0.9,0.84,0.85,0.12,27328,27328,26285,12435.65,1,2026-02-20 01:30:00+00:00,236.25,,,,,,,,,0
Sports,KXLOLGAME-26FEB06MVKTSW,LCP 2026: MVK Esports vs. Team Secret Whales,KXLOLGAME-26FEB06MVKTSW-TSW,Team Secret Whales,0.67,0.68,0.675,0.68,0.01,2844,2037,2717,12430.67,1,2026-02-20 06:00:00+00:00,240.75,,,,,,,,,0
Sports,KXLOLMAP-26FEB06BRODRX-1,LCK Cup 2026: OKSavingsBank BRION vs. DRX Map 1,KXLOLMAP-26FEB06BRODRX-1-DRX,DRX,0.53,0.57,0.55,0.57,0.04,22,5,22,12429.72,1,2026-02-20 08:00:00+00:00,242.75,,,,,,,,,0
Sports,KXEFLCHAMPIONSHIPGAME-26FEB03PORIPS,Portsmouth vs Ipswich,KXEFLCHAMPIONSHIPGAME-26FEB03PORIPS-TIE,Tie,0.25,0.27,0.26,0.25,0.02,2916,26,2303,12426.83,1,2026-02-17 19:45:00+00:00,182.5,0.173913,0.227273,0.227273,0.146429,0.0,0.045414,1.4011,0.223214,15
Sports,KXNBAPTS-26FEB05PHILAL,Philadelphia at Los Angeles L: Points,KXNBAPTS-26FEB05PHILAL-LALAREAVES15-10,Austin Reaves: 10+,0.79,0.84,0.815,0.84,0.05,479,436,478,12402.32,1,2026-02-20 03:00:00+00:00,237.75,,,,,,,,,0
Sports,KXNCAAMBTOTAL-26FEB05OSUMD,Ohio St. at Maryland: Total Points,KXNCAAMBTOTAL-26FEB05OSUMD-145,Over 145.5 points scored,0.62,0.67,0.645,0.67,0.05,2892,2878,2694,12354.89,1,2026-02-20 01:30:00+00:00,236.25,,,,,,,,,0
Sports,KXNCAAWBGAME-26FEB05CSFUCRV,Cal State Fullerton at UC Riverside,KXNCAAWBGAME-26FEB05CSFUCRV-CSF,Cal State Fullerton,0.35,0.81,0.58,0.75,0.46,1265,982,1113,12342.61,1,2026-02-20 02:00:00+00:00,236.75,,,,,,,,,0
Sports,KXVALORANTGAME-26FEB06EDGTYLOO,VCT China Kickoff 2026: EDward Gaming vs. TYLOO,KXVALORANTGAME-26FEB06EDGTYLOO-EDG,EDward Gaming,0.59,0.63,0.61,0.63,0.04,58,58,58,12333.11,1,2026-02-20 11:00:00+00:00,245.75,,,,,,,,,0
Sports,KXNBA2D-26FEB05PHILAL,Philadelphia at Los Angeles L: Double Doubles,KXNBA2D-26FEB05PHILAL-LALLDONCIC77,Luka Dončić,0.58,0.59,0.585,0.59,0.01,2350,2107,2329,12256.39,1,2026-02-20 03:00:00+00:00,237.75,,,,,,,,,0
Sports,KXATPCHALLENGERMATCH-26FEB06ROMDAL,Romano vs Dalla Valle,KXATPCHALLENGERMATCH-26FEB06ROMDAL-ROM,Filippo Romano,0.42,0.44,0.43,0.44,0.02,40,40,40,12238.18,1,2026-02-20 12:00:00+00:00,246.75,,,,,,,,,0
Sports,KXVALORANTGAME-26FEB06NAVITH,VCT EMEA Kickoff 2026: Natus Vincere vs. Team Heretics,KXVALORANTGAME-26FEB06NAVITH-NAVI,Natus Vincere,0.45,0.47,0.46,0.47,0.02,260,240,260,12238.0,1,2026-02-20 16:00:00+00:00,250.75,,,,,,,,,0
Sports,KXWTAMATCH-26FEB06BAPHUN,Baptiste vs Hunter,KXWTAMATCH-26FEB06BAPHUN-BAP,Hailey Baptiste,0.08,0.81,0.445,0.81,0.73,5,5,5,12221.26,1,2026-02-20 07:00:00+00:00,241.75,,,,,,,,,0
Sports,KXNBAALLSTARS-26,Pro Basketball All Stars?,KXNBAALLSTARS-26-ADAV,Anthony Davis,0.0,0.02,0.05,0.05,,6676,0,3464,12203.93,1,2026-02-17 15:00:00+00:00,177.75,0.0,0.0,0.0,0.0,0.0,0.0,1.0,0.0,11
Sports,KXWTAMATCH-26FEB06BAPHUN,Baptiste vs Hunter,KXWTAMATCH-26FEB06BAPHUN-HUN,Storm Hunter,0.08,0.81,0.445,0.08,0.73,1,1,1,12159.48,1,2026-02-20 07:00:00+00:00,241.75,,,,,,,,,0
Sports,KXCS2MAP-26FEB06MOUZG2-1,IEM Krakow 2026: MOUZ vs. G2 Map 1,KXCS2MAP-26FEB06MOUZG2-1-MOUZ,MOUZ,0.6,0.62,0.61,0.6,0.02,82,62,82,12156.32,1,2026-02-20 18:00:00+00:00,252.75,,,,,,,,,0
Sports,KXNHLTOTAL-26FEB05FLATB,Florida at Tampa Bay: Total Points,KXNHLTOTAL-26FEB05FLATB-5,Over 5.5 goals scored,0.33,0.72,0.525,0.41,0.39,70859,68214,62111,12067.99,1,2026-02-20 00:30:00+00:00,235.25,,,,,,,,,0
Sports,KXNBAPTS-26FEB05PHILAL,Philadelphia at Los Angeles L: Points,KXNBAPTS-26FEB05PHILAL-LALLDONCIC77-25,Luka Dončić: 25+,0.79,0.83,0.81,0.8,0.04,3757,3757,3757,12043.21,1,2026-02-20 03:00:00+00:00,237.75,,,,,,,,,0
Sports,KXNHLGAME-26FEB05NSHWSH,Nashville at Washington,KXNHLGAME-26FEB05NSHWSH-WSH,WSH Capitals,0.98,0.99,0.985,0.98,0.01,249598,238465,186110,12017.44,1,2026-02-20 00:00:00+00:00,234.75,,,,,,,,,0
Sports,KXVALORANTGAME-26FEB06DFMFS,VCT Pacific Kickoff 2026: DetonatioN FocusMe vs. FULL SENSE,KXVALORANTGAME-26FEB06DFMFS-FS,FULL SENSE,0.63,0.66,0.645,0.66,0.03,175,61,175,11986.82,1,2026-02-20 08:00:00+00:00,242.75,,,,,,,,,0
Sports,KXNBATOTAL-26FEB05CHAHOU,Charlotte at Houston: Total Points,KXNBATOTAL-26FEB05CHAHOU-223,Over 223.5 points scored,0.48,0.52,0.5,0.48,0.04,59799,57196,34832,11888.62,1,2026-02-20 01:00:00+00:00,235.75,,,,,,,,,0
Sports,KXNCAAWBGAME-26FEB05MONTEWU,Montana at Eastern Washington,KXNCAAWBGAME-26FEB05MONTEWU-MONT,Montana,0.28,0.36,0.32,0.28,0.08,34,34,34,11717.03,1,2026-02-20 02:00:00+00:00,236.75,,,,,,,,,0
Sports,KXR6GAME-26FEB06FLUSSG,Six Invitational 2026: Fluxo W7M vs. Spacestation Gaming,KXR6GAME-26FEB06FLUSSG-FLU,Fluxo W7M,0.48,0.52,0.5,0.51,0.04,31,21,31,11671.85,1,2026-02-20 17:00:00+00:00,251.75,,,,,,,,,0
Sports,KXVALORANTGAME-26FEB06DFMFS,VCT Pacific Kickoff 2026: DetonatioN FocusMe vs. FULL SENSE,KXVALORANTGAME-26FEB06DFMFS-DFM,DetonatioN FocusMe,0.35,0.38,0.365,0.37,0.03,1283,889,1274,11614.42,1,2026-02-20 08:00:00+00:00,242.75,,,,,,,,,0
Sports,KXCS2TOTALMAPS-26FEB06FURIAAUR,IEM Krakow 2026: FURIA vs. Aurora Gaming Total Maps,KXCS2TOTALMAPS-26FEB06FURIAAUR-3,Over 2.5 maps,0.49,0.5,0.495,0.5,0.01,687,621,680,11424.21,1,2026-02-20 14:45:00+00:00,249.5,,,,,,,,,0
Sports,KXJLEAGUEGAME-26FEB06MARMAC,Marinos vs Machida Z,KXJLEAGUEGAME-26FEB06MARMAC-TIE,Tie,0.24,0.33,0.285,0.33,0.09,1,1,1,11377.72,1,2026-02-20 10:00:00+00:00,244.75,,,,,,,,,0
Sports,KXNCAAWBGAME-26FEB05CPCSN,Cal Poly at Cal State Northridge,KXNCAAWBGAME-26FEB05CPCSN-CP,Cal Poly,0.22,0.8,0.51,0.67,0.58,122,73,122,11338.31,1,2026-02-20 02:00:00+00:00,236.75,,,,,,,,,0
Sports,KXNBAAST-26FEB05PHILAL,Philadelphia at Los Angeles L: Assists,KXNBAAST-26FEB05PHILAL-PHIVEDGECOMBE77-4,VJ Edgecombe: 4+,0.57,0.62,0.595,0.65,0.05,178,178,178,11253.12,1,2026-02-20 03:00:00+00:00,237.75,,,,,,,,,0
Sports,KXNHLGAME-26FEB05PITBUF,Pittsburgh at Buffalo,KXNHLGAME-26FEB05PITBUF-BUF,BUF Sabres,0.0,0.02,0.03,0.03,,584062,548290,447764,11198.38,1,2026-02-20 00:00:00+00:00,234.75,,,,,,,,,0
Sports,KXJLEAGUEGAME-26FEB06VVNSAN,V-Varen vs Hiroshima,KXJLEAGUEGAME-26FEB06VVNSAN-VVN,V-Varen,0.21,0.3,0.255,0.3,0.09,22,22,22,11191.88,1,2026-02-20 10:00:00+00:00,244.75,,,,,,,,,0
Sports,KXNCAAWBGAME-26FEB05LTUTEP,Louisiana Tech at UTEP,KXNCAAWBGAME-26FEB05LTUTEP-UTEP,UTEP,0.03,0.58,0.305,0.02,0.55,3304,2809,3279,11186.02,1,2026-02-20 02:00:00+00:00,236.75,,,,,,,,,0
Sports,KXLOLTOTALMAPS-26FEB06WBIG,LPL 2026: Weibo Gaming vs. Invictus Gaming Total Maps,KXLOLTOTALMAPS-26FEB06WBIG-3,Over 2.5 maps,0.44,0.51,0.475,0.51,0.07,81,30,47,11138.72,1,2026-02-20 07:00:00+00:00,241.75,,,,,,,,,0
Sports,KXNCAAWBGAME-26FEB05SCUPAC,Santa Clara at Pacific,KXNCAAWBGAME-26FEB05SCUPAC-PAC,Pacific,0.19,0.22,0.205,0.22,0.03,5710,5626,5709,11089.31,1,2026-02-20 02:00:00+00:00,236.75,,,,,,,,,0
Sports,KXNHLGAME-26FEB05FLATB,Florida at Tampa Bay,KXNHLGAME-26FEB05FLATB-FLA,FLA Panthers,0.0,0.01,0.01,0.01,,281055,274162,233745,11058.94,1,2026-02-20 00:30:00+00:00,235.25,,,,,,,,,0
Sports,KXNCAAMBGAME-26FEB05ELONHAMP,Elon at Hampton,KXNCAAMBGAME-26FEB05ELONHAMP-HAMP,Hampton,0.99,1.0,0.995,0.99,0.01,400196,396129,165812,10959.52,1,2026-02-20 00:00:00+00:00,234.75,,,,,,,,,0
Sports,KXJOINMESSI-26,Will Messi join Galatasaray?,KXJOINMESSI-26-GALA,Galatasaray S.K.,0.01,0.07,0.04,0.05,0.06,4317,18,2507,10928.75,1,2026-02-18 15:00:00+00:00,201.75,0.0,0.0,0.0,0.0,0.0,0.0,1.0,0.0,13
Sports,KXVALORANTGAME-26FEB06NAVITH,VCT EMEA Kickoff 2026: Natus Vincere vs. Team Heretics,KXVALORANTGAME-26FEB06NAVITH-TH,Team Heretics,0.53,0.56,0.545,0.57,0.03,42,42,42,10773.97,1,2026-02-20 16:00:00+00:00,250.75,,,,,,,,,0
Sports,KXNCAAWBGAME-26FEB05UCSDLBSU,UC San Diego at Long Beach St.,KXNCAAWBGAME-26FEB05UCSDLBSU-UCSD,UC San Diego,0.77,0.97,0.87,0.56,0.2,1709,1708,1693,10754.78,1,2026-02-20 02:00:00+00:00,236.75,,,,,,,,,0
Sports,KXJLEAGUEGAME-26FEB06KYOVIK,Kyoto Sanga vs Kobe,KXJLEAGUEGAME-26FEB06KYOVIK-KYO,Kyoto Sanga,0.27,0.32,0.295,0.58,0.05,762,762,762,10709.14,1,2026-02-20 10:00:00+00:00,244.75,,,,,,,,,0
Sports,KXNCAAMBTOTAL-26FEB05MEMUAB,Memphis at UAB: Total Points,KXNCAAMBTOTAL-26FEB05MEMUAB-157,Over 157.5 points scored,0.57,0.6,0.585,0.79,0.03,5000,5000,2258,10708.26,1,2026-02-20 02:00:00+00:00,236.75,,,,,,,,,0
Sports,KXNBAALLSTARS-26,Pro Basketball All Stars?,KXNBAALLSTARS-26-JWIL,Jalen Williams,0.0,0.04,0.03,0.03,,1580,0,857,10702.11,1,2026-02-17 15:00:00+00:00,177.75,0.0,0.0,0.0,0.0,0.0,0.0,1.0,0.0,11
Sports,KXNBAAST-26FEB05GSWPHX,Golden State at Phoenix: Assists,KXNBAAST-26FEB05GSWPHX-GSWDGREEN23-5,Draymond Green: 5+,0.48,0.53,0.505,0.5,0.05,660,641,660,10632.52,1,2026-02-20 03:00:00+00:00,237.75,,,,,,,,,0
Sports,KXNBAREB-26FEB05PHILAL,Philadelphia at Los Angeles L: Rebounds,KXNBAREB-26FEB05PHILAL-LALLJAMES23-6,LeBron James: 6+,0.54,0.59,0.565,0.56,0.05,6202,6202,6197,10620.41,1,2026-02-20 03:00:00+00:00,237.75,,,,,,,,,0
Sports,KXNBATOTAL-26FEB05CHAHOU,Charlotte at Houston: Total Points,KXNBATOTAL-26FEB05CHAHOU-217,Over 217.5 points scored,0.69,0.77,0.73,0.8,0.08,235166,230320,189813,10504.78,1,2026-02-20 01:00:00+00:00,235.75,,,,,,,,,0
Sports,KXNBAPTS-26FEB05PHILAL,Philadelphia at Los Angeles L: Points,KXNBAPTS-26FEB05PHILAL-PHIVEDGECOMBE77-25,VJ Edgecombe: 25+,0.06,0.09,0.075,0.1,0.03,547,547,547,10438.11,1,2026-02-20 03:00:00+00:00,237.75,,,,,,,,,0
Sports,KXNCAAWBGAME-26FEB05SIUUIC,Southern Illinois at UIC,KXNCAAWBGAME-26FEB05SIUUIC-SIU,Southern Illinois,0.19,0.92,0.555,0.32,0.73,3577,3256,2577,10412.82,1,2026-02-20 01:00:00+00:00,235.75,,,,,,,,,0
Sports,KXNBAPTS-26FEB05PHILAL,Philadelphia at Los Angeles L: Points,KXNBAPTS-26FEB05PHILAL-LALLJAMES23-20,LeBron James: 20+,0.5,0.56,0.53,0.53,0.06,6874,6522,6654,10407.73,1,2026-02-20 03:00:00+00:00,237.75,,,,,,,,,0
Sports,KXNHLTOTAL-26FEB05FLATB,Florida at Tampa Bay: Total Points,KXNHLTOTAL-26FEB05FLATB-4,Over 4.5 goals scored,0.76,0.92,0.84,0.98,0.16,2529,2529,2442,10404.19,1,2026-02-20 00:30:00+00:00,235.25,,,,,,,,,0
Sports,KXNBAPTS-26FEB05PHILAL,Philadelphia at Los Angeles L: Points,KXNBAPTS-26FEB05PHILAL-LALLDONCIC77-35,Luka Dončić: 35+,0.38,0.43,0.405,0.43,0.05,2492,2492,2492,10369.36,1,2026-02-20 03:00:00+00:00,237.75,,,,,,,,,0
Sports,KXLIGUE1SPREAD-26FEB06FCMLIL,Lille at Metz: Spreads,KXLIGUE1SPREAD-26FEB06FCMLIL-LIL2,Lille wins by over 2.5 goals,0.15,0.16,0.155,0.16,0.01,105,105,105,10366.72,1,2026-02-20 19:45:00+00:00,254.5,,,,,,,,,0
Sports,KXVALORANTGAME-26FEB06EGNV,VCT Americas Kickoff 2026: Evil Geniuses vs. Team Envy,KXVALORANTGAME-26FEB06EGNV-EG,Evil Geniuses,0.44,0.46,0.45,0.46,0.02,1589,903,998,10331.54,1,2026-02-20 22:00:00+00:00,256.75,,,,,,,,,0
Sports,KXNBAALLSTARS-26,Pro Basketball All Stars?,KXNBAALLSTARS-26-JGID,Josh Giddey,0.0,0.1,0.1,0.1,,21746,0,5299,10329.03,1,2026-02-17 15:00:00+00:00,177.75,0.0,0.0,0.0,0.0,0.0,0.0,1.0,0.0,10
Sports,KXNCAAWBGAME-26FEB05UCDUCSB,UC Davis at UC Santa Barbara,KXNCAAWBGAME-26FEB05UCDUCSB-UCSB,UC Santa Barbara,0.22,0.81,0.515,0.82,0.59,114,92,114,10307.07,1,2026-02-20 02:00:00+00:00,236.75,,,,,,,,,0
Sports,KXNCAAWBGAME-26FEB05ALCNMVSU,Alcorn St. at Mississippi Valley St.,KXNCAAWBGAME-26FEB05ALCNMVSU-MVSU,Mississippi Valley St.,0.02,0.51,0.265,0.16,0.49,99,99,99,10289.33,1,2026-02-20 01:00:00+00:00,235.75,,,,,,,,,0
Sports,KXLALIGASPREAD-26FEB06RCCOSA,Osasuna at Celta Vigo: Spreads,KXLALIGASPREAD-26FEB06RCCOSA-RCC2,Celta Vigo wins by over 2.5 goals,0.08,0.09,0.085,0.08,0.01,118,118,118,10285.16,1,2026-02-20 20:00:00+00:00,254.75,,,,,,,,,0
Sports,KXNCAAWBGAME-26FEB05CBUTARL,California Baptist at Tarleton St.,KXNCAAWBGAME-26FEB05CBUTARL-TARL,Tarleton St.,0.0,0.1,0.01,0.01,,1865,615,1865,10094.15,1,2026-02-20 01:00:00+00:00,235.75,,,,,,,,,0
Sports,KXLOLGAME-26FEB06GZCFO,LCP 2026: Ground Zero Gaming vs. CTBC Flying Oyster,KXLOLGAME-26FEB06GZCFO-GZ,Ground Zero Gaming,0.14,0.27,0.205,0.29,0.13,6558,3868,6536,10057.31,1,2026-02-20 08:30:00+00:00,243.25,,,,,,,,,0
Sports,KXJLEAGUEGAME-26FEB06MARMAC,Marinos vs Machida Z,KXJLEAGUEGAME-26FEB06MARMAC-MAC,Machida Z,0.41,0.44,0.425,0.43,0.03,398,398,396,10050.96,1,2026-02-20 10:00:00+00:00,244.75,,,,,,,,,0
Sports,KXJLEAGUEGAME-26FEB06MARMAC,Marinos vs Machida Z,KXJLEAGUEGAME-26FEB06MARMAC-MAR,Marinos,0.3,0.35,0.325,0.35,0.05,157,155,157,10044.88,1,2026-02-20 10:00:00+00:00,244.75,,,,,,,,,0
Sports,KXATPCHALLENGERMATCH-26FEB06UCHSCH,Uchida vs Schoenhaus,KXATPCHALLENGERMATCH-26FEB06UCHSCH-SCH,Max Schoenhaus,0.49,0.52,0.505,0.51,0.03,47,47,47,10038.34,1,2026-02-20 11:00:00+00:00,245.75,,,,,,,,,0
Sports,KXNCAAWBGAME-26FEB05MTSTIDHO,Montana St. at Idaho,KXNCAAWBGAME-26FEB05MTSTIDHO-MTST,Montana St.,0.23,0.65,0.44,0.69,0.42,2007,2007,2007,10035.0,1,2026-02-20 02:00:00+00:00,236.75,,,,,,,,,0
Sports,KXEPLSPREAD-26FEB06LEENFO,Nottingham at Leeds United: Spreads,KXEPLSPREAD-26FEB06LEENFO-NFO2,Nottingham wins by over 2.5 goals,0.02,0.04,0.03,0.04,0.02,1196,1192,1183,10017.15,1,2026-02-20 20:00:00+00:00,254.75,,,,,,,,,0
Sports,KXNCAAMBGAME-26FEB05CITSAM,The Citadel at Samford,KXNCAAMBGAME-26FEB05CITSAM-CIT,The Citadel,0.0,0.01,0.01,0.01,,155145,143881,108103,9927.0,1,2026-02-20 01:00:00+00:00,235.75,,,,,,,,,0
Sports,KXWOCURLGAME-26FEB06USACAN,United States vs Canada,KXWOCURLGAME-26FEB06USACAN-USA,United States,0.44,0.5,0.47,0.5,0.06,40,40,40,9925.28,1,2026-02-20 09:05:00+00:00,243.84,,,,,,,,,0
Sports,KXNHLGAME-26FEB05FLATB,Florida at Tampa Bay,KXNHLGAME-26FEB05FLATB-TB,TB Lightning,0.99,1.0,0.995,0.99,0.01,240768,236041,184275,9911.48,1,2026-02-20 00:30:00+00:00,235.25,,,,,,,,,0
Sports,KXJLEAGUEGAME-26FEB06KYOVIK,Kyoto Sanga vs Kobe,KXJLEAGUEGAME-26FEB06KYOVIK-VIK,Kobe,0.44,0.48,0.46,0.48,0.04,116,116,116,9817.45,1,2026-02-20 10:00:00+00:00,244.75,,,,,,,,,0
Sports,KXNBAPTS-26FEB05GSWPHX,Golden State at Phoenix: Points,KXNBAPTS-26FEB05GSWPHX-GSWDGREEN23-10,Draymond Green: 10+,0.43,0.45,0.44,0.45,0.02,5183,5178,5003,9806.35,1,2026-02-20 03:00:00+00:00,237.75,,,,,,,,,0
Sports,KXR6GAME-26FEB06WCGFURIA,Six Invitational 2026: Wildcard Gaming vs. FURIA Esports,KXR6GAME-26FEB06WCGFURIA-WCG,Wildcard Gaming,0.2,0.24,0.22,0.24,0.04,65,16,65,9648.97,1,2026-02-20 13:30:00+00:00,248.25,,,,,,,,,0
Sports,KXVALORANTGAME-26FEB06GXTL,VCT EMEA Kickoff 2026: GIANTX vs. Team Liquid,KXVALORANTGAME-26FEB06GXTL-TL,Team Liquid,0.51,0.55,0.53,0.94,0.04,10,10,10,9631.07,1,2026-02-20 19:00:00+00:00,253.75,,,,,,,,,0
Sports,KXR6GAME-26FEB06DAYFLCS,Six Invitational 2026: Daystar vs. Falcons Esport,KXR6GAME-26FEB06DAYFLCS-DAY,Daystar,0.05,0.09,0.07,0.09,0.04,365,310,365,9623.1,1,2026-02-20 10:00:00+00:00,244.75,,,,,,,,,0
Sports,KXATPCHALLENGERMATCH-26FEB06KOTREH,Kotov vs Rehberg,KXATPCHALLENGERMATCH-26FEB06KOTREH-REH,Max Hans Rehberg,0.45,0.46,0.455,0.48,0.01,2,2,2,9568.32,1,2026-02-20 12:10:00+00:00,246.92,,,,,,,,,0
Sports,KXNBAAST-26FEB05PHILAL,Philadelphia at Los Angeles L: Assists,KXNBAAST-26FEB05PHILAL-PHITMAXEY0-6,Tyrese Maxey: 6+,0.68,0.74,0.71,0.74,0.06,83,83,83,9551.44,1,2026-02-20 03:00:00+00:00,237.75,,,,,,,,,0
Sports,KXJLEAGUEGAME-26FEB06VVNSAN,V-Varen vs Hiroshima,KXJLEAGUEGAME-26FEB06VVNSAN-TIE,Tie,0.25,0.35,0.3,0.34,0.1,1,1,1,9432.21,1,2026-02-20 10:00:00+00:00,244.75,,,,,,,,,0
Sports,KXR6GAME-26FEB06BDSR,Six Invitational 2026: Black Dragons e-Sports vs. Shopify Rebellion,KXR6GAME-26FEB06BDSR-BD,Black Dragons e-Sports,0.22,0.26,0.24,0.88,0.04,20,0,20,9425.34,1,2026-02-20 17:00:00+00:00,251.75,,,,,,,,,0
Sports,KXNBA3PT-26FEB05PHILAL,Philadelphia at Los Angeles L: Three Pointers,KXNBA3PT-26FEB05PHILAL-LALLJAMES23-1,LeBron James: 1+,0.7,0.77,0.735,0.79,0.07,55,55,55,9422.19,1,2026-02-20 03:00:00+00:00,237.75,,,,,,,,,0
Sports,KXNBAALLSTARS-26,Pro Basketball All Stars?,KXNBAALLSTARS-26-JBUT,Jimmy Butler,0.0,0.01,0.01,0.01,,8741,0,5818,9386.92,1,2026-02-17 15:00:00+00:00,177.75,0.0,0.0,0.0,0.0,0.0,0.0,1.0,0.0,11
Sports,KXNCAAWBGAME-26FEB05CSFUCRV,Cal State Fullerton at UC Riverside,KXNCAAWBGAME-26FEB05CSFUCRV-UCRV,UC Riverside,0.21,0.62,0.415,0.62,0.41,19,0,19,9348.82,1,2026-02-20 02:00:00+00:00,236.75,,,,,,,,,0
Sports,KXNBA3PT-26FEB05PHILAL,Philadelphia at Los Angeles L: Three Pointers,KXNBA3PT-26FEB05PHILAL-PHITMAXEY0-2,Tyrese Maxey: 2+,0.82,0.87,0.845,0.87,0.05,6,6,6,9334.04,1,2026-02-20 03:00:00+00:00,237.75,,,,,,,,,0
Sports,KXNBAPTS-26FEB05GSWPHX,Golden State at Phoenix: Points,KXNBAPTS-26FEB05GSWPHX-GSWDGREEN23-15,Draymond Green: 15+,0.14,0.17,0.155,0.16,0.03,1380,1341,1322,9252.34,1,2026-02-20 03:00:00+00:00,237.75,,,,,,,,,0
Sports,KXJLEAGUEGAME-26FEB06VVNSAN,V-Varen vs Hiroshima,KXJLEAGUEGAME-26FEB06VVNSAN-SAN,Hiroshima,0.39,0.45,0.42,0.44,0.06,399,397,199,9249.75,1,2026-02-20 10:00:00+00:00,244.75,,,,,,,,,0
Sports,KXNCAAWBGAME-26FEB05WEBUNCO,Weber St. at Northern Colorado,KXNCAAWBGAME-26FEB05WEBUNCO-WEB,Weber St.,0.01,0.02,0.015,0.01,0.01,568,554,552,9202.22,1,2026-02-20 01:00:00+00:00,235.75,,,,,,,,,0
Sports,KXNBA3PT-26FEB05PHILAL,Philadelphia at Los Angeles L: Three Pointers,KXNBA3PT-26FEB05PHILAL-LALLJAMES23-2,LeBron James: 2+,0.4,0.45,0.425,0.45,0.05,884,882,844,9178.42,1,2026-02-20 03:00:00+00:00,237.75,,,,,,,,,0
Sports,KXNCAAMBTOTAL-26FEB05IDHOMTST,Idaho at Montana St.: Total Points,KXNCAAMBTOTAL-26FEB05IDHOMTST-141,Over 141.5 points scored,0.45,0.5,0.475,0.52,0.05,503,280,188,9170.34,1,2026-02-20 02:00:00+00:00,236.75,,,,,,,,,0
Sports,KXNCAAMBTOTAL-26FEB05UNCOWEB,Northern Colorado at Weber St.: Total Points,KXNCAAMBTOTAL-26FEB05UNCOWEB-156,Over 156.5 points scored,0.61,0.68,0.645,0.57,0.07,249,249,249,9157.42,1,2026-02-20 02:00:00+00:00,236.75,,,,,,,,,0
Sports,KXNHLGAME-26FEB05PITBUF,Pittsburgh at Buffalo,KXNHLGAME-26FEB05PITBUF-PIT,PIT Penguins,0.99,1.0,0.995,0.99,0.01,375832,341745,254438,9154.29,1,2026-02-20 00:00:00+00:00,234.75,,,,,,,,,0
Sports,KXLOLTOTALMAPS-26FEB06BLGAL,LPL 2026: Bilibili Gaming vs. Anyone's Legend Total Maps,KXLOLTOTALMAPS-26FEB06BLGAL-3,Over 2.5 maps,0.5,0.52,0.51,0.52,0.02,2141,2031,2141,9148.12,1,2026-02-20 09:00:00+00:00,243.75,,,,,,,,,0
Sports,KXNCAAMBTOTAL-26FEB05UNCOWEB,Northern Colorado at Weber St.: Total Points,KXNCAAMBTOTAL-26FEB05UNCOWEB-162,Over 162.5 points scored,0.44,0.49,0.465,0.44,0.05,4720,4495,4460,9100.46,1,2026-02-20 02:00:00+00:00,236.75,,,,,,,,,0
Sports,KXNCAAMBTOTAL-26FEB05IDHOMTST,Idaho at Montana St.: Total Points,KXNCAAMBTOTAL-26FEB05IDHOMTST-138,Over 138.5 points scored,0.54,0.61,0.575,0.5,0.07,65,65,47,9093.65,1,2026-02-20 02:00:00+00:00,236.75,,,,,,,,,0
Sports,KXNBAAST-26FEB05PHILAL,Philadelphia at Los Angeles L: Assists,KXNBAAST-26FEB05PHILAL-PHIVEDGECOMBE77-2,VJ Edgecombe: 2+,0.86,0.94,0.9,0.81,0.08,10,10,10,9090.56,1,2026-02-20 03:00:00+00:00,237.75,,,,,,,,,0
Sports,KXNCAAMBTOTAL-26FEB05UNCOWEB,Northern Colorado at Weber St.: Total Points,KXNCAAMBTOTAL-26FEB05UNCOWEB-159,Over 159.5 points scored,0.53,0.58,0.555,0.53,0.05,2046,1991,2037,8988.49,1,2026-02-20 02:00:00+00:00,236.75,,,,,,,,,0
Sports,KXNCAAMBTOTAL-26FEB05UNCOWEB,Northern Colorado at Weber St.: Total Points,KXNCAAMBTOTAL-26FEB05UNCOWEB-165,Over 165.5 points scored,0.35,0.4,0.375,0.32,0.05,498,498,498,8982.17,1,2026-02-20 02:00:00+00:00,236.75,,,,,,,,,0
Sports,KXNCAAWBGAME-26FEB05CPCSN,Cal Poly at Cal State Northridge,KXNCAAWBGAME-26FEB05CPCSN-CSN,Cal State Northridge,0.22,0.81,0.515,0.78,0.59,8,8,8,8975.49,1,2026-02-20 02:00:00+00:00,236.75,,,,,,,,,0
Sports,KXNCAAMBTOTAL-26FEB05UNCOWEB,Northern Colorado at Weber St.: Total Points,KXNCAAMBTOTAL-26FEB05UNCOWEB-153,Over 153.5 points scored,0.68,0.77,0.725,0.56,0.09,240,240,240,8975.29,1,2026-02-20 02:00:00+00:00,236.75,,,,,,,,,0
Sports,KXNCAAMBTOTAL-26FEB05IDHOMTST,Idaho at Montana St.: Total Points,KXNCAAMBTOTAL-26FEB05IDHOMTST-144,Over 144.5 points scored,0.36,0.4,0.38,0.36,0.04,1140,935,675,8966.19,1,2026-02-20 02:00:00+00:00,236.75,,,,,,,,,0
Sports,KXNBA3PT-26FEB05PHILAL,Philadelphia at Los Angeles L: Three Pointers,KXNBA3PT-26FEB05PHILAL-PHITMAXEY0-4,Tyrese Maxey: 4+,0.44,0.45,0.445,0.45,0.01,976,976,976,8960.38,1,2026-02-20 03:00:00+00:00,237.75,,,,,,,,,0
Sports,KXLOLMAP-26FEB06BRODRX-2,LCK Cup 2026: OKSavingsBank BRION vs. DRX Map 2,KXLOLMAP-26FEB06BRODRX-2-DRX,DRX,0.53,0.57,0.55,0.57,0.04,10,0,10,8959.66,1,2026-02-20 08:00:00+00:00,242.75,,,,,,,,,0
Sports,KXNCAAMBTOTAL-26FEB05IDHOMTST,Idaho at Montana St.: Total Points,KXNCAAMBTOTAL-26FEB05IDHOMTST-147,Over 147.5 points scored,0.27,0.33,0.3,0.15,0.06,2374,2374,2187,8956.89,1,2026-02-20 02:00:00+00:00,236.75,,,,,,,,,0
Sports,KXNCAAMBTOTAL-26FEB05UNCOWEB,Northern Colorado at Weber St.: Total Points,KXNCAAMBTOTAL-26FEB05UNCOWEB-168,Over 168.5 points scored,0.25,0.33,0.29,0.25,0.08,16,10,16,8949.11,1,2026-02-20 02:00:00+00:00,236.75,,,,,,,,,0
Sports,KXVALORANTGAME-26FEB06BLGDRG,VCT China Kickoff 2026: Bilibili Gaming vs. Dragon Ranger Gaming,KXVALORANTGAME-26FEB06BLGDRG-DRG,Dragon Ranger Gaming,0.42,0.43,0.425,0.43,0.01,1380,1380,1201,8945.37,1,2026-02-20 09:00:00+00:00,243.75,,,,,,,,,0
Sports,KXNCAAWBGAME-26FEB05SHSUNMSU,Sam Houston at New Mexico St.,KXNCAAWBGAME-26FEB05SHSUNMSU-NMSU,New Mexico St.,0.94,0.97,0.955,0.97,0.03,9812,6042,9603,8940.64,1,2026-02-20 01:00:00+00:00,235.75,,,,,,,,,0
Sports,KXNCAAWBGAME-26FEB05MONTEWU,Montana at Eastern Washington,KXNCAAWBGAME-26FEB05MONTEWU-EWU,Eastern Washington,0.66,0.69,0.675,0.69,0.03,87,86,87,8936.6,1,2026-02-20 02:00:00+00:00,236.75,,,,,,,,,0
Sports,KXNBATOTAL-26FEB05CHAHOU,Charlotte at Houston: Total Points,KXNBATOTAL-26FEB05CHAHOU-229,Over 229.5 points scored,0.3,0.41,0.355,0.46,0.11,28757,19099,16833,8876.11,1,2026-02-20 01:00:00+00:00,235.75,,,,,,,,,0
Sports,KXNBAPTS-26FEB05PHILAL,Philadelphia at Los Angeles L: Points,KXNBAPTS-26FEB05PHILAL-LALLJAMES23-15,LeBron James: 15+,0.78,0.81,0.795,0.81,0.03,506,505,506,8847.05,1,2026-02-20 03:00:00+00:00,237.75,,,,,,,,,0
Sports,KXNBAAST-26FEB05GSWPHX,Golden State at Phoenix: Assists,KXNBAAST-26FEB05GSWPHX-GSWDGREEN23-2,Draymond Green: 2+,0.89,0.98,0.935,0.95,0.09,1,1,1,8835.59,1,2026-02-20 03:00:00+00:00,237.75,,,,,,,,,0
Sports,KXNCAAWBGAME-26FEB05IDSTNAU,Idaho St. at Northern Arizona,KXNCAAWBGAME-26FEB05IDSTNAU-NAU,Northern Arizona,0.03,0.36,0.195,0.06,0.33,1708,1707,1638,8820.44,1,2026-02-20 01:00:00+00:00,235.75,,,,,,,,,0
Sports,KXR6GAME-26FEB06HERETICSWBG,Six Invitational 2026: Heretics vs. Weibo Gaming,KXR6GAME-26FEB06HERETICSWBG-HERETICS,Heretics,0.25,0.29,0.27,0.25,0.04,36,16,34,8789.2,1,2026-02-20 10:00:00+00:00,244.75,,,,,,,,,0
Sports,KXSCOTTISHPREMGAME-26FEB04ABECEL,Aberdeen vs Celtic,KXSCOTTISHPREMGAME-26FEB04ABECEL-CEL,Celtic,0.18,0.78,0.48,0.79,0.6,3069,384,2199,8779.35,1,2026-02-18 20:00:00+00:00,206.75,,,,,,,,,0
Sports,KXNCAAWBGAME-26FEB05SDAKDEN,South Dakota at Denver,KXNCAAWBGAME-26FEB05SDAKDEN-DEN,Denver,0.0,0.03,0.01,0.01,,2481,1276,2256,8735.92,1,2026-02-20 01:00:00+00:00,235.75,,,,,,,,,0
Sports,KXNBATOTAL-26FEB05CHAHOU,Charlotte at Houston: Total Points,KXNBATOTAL-26FEB05CHAHOU-220,Over 220.5 points scored,0.64,0.69,0.665,0.92,0.05,61748,60629,46243,8710.78,1,2026-02-20 01:00:00+00:00,235.75,,,,,,,,,0
Sports,KXR6GAME-26FEB06FXM80,Six Invitational 2026: FearX vs. M80,KXR6GAME-26FEB06FXM80-FX,FearX,0.05,0.09,0.07,0.09,0.04,218,207,196,8703.35,1,2026-02-20 13:30:00+00:00,248.25,,,,,,,,,0
Sports,KXATPCHALLENGERMATCH-26FEB06ROMDAL,Romano vs Dalla Valle,KXATPCHALLENGERMATCH-26FEB06ROMDAL-DAL,Enrico Dalla Valle,0.57,0.58,0.575,0.58,0.01,60,60,60,8661.94,1,2026-02-20 12:00:00+00:00,246.75,,,,,,,,,0
Sports,KXNBAREB-26FEB05GSWPHX,Golden State at Phoenix: Rebounds,KXNBAREB-26FEB05GSWPHX-GSWDGREEN23-10,Draymond Green: 10+,0.11,0.13,0.12,0.12,0.02,222,222,222,8661.27,1,2026-02-20 03:00:00+00:00,237.75,,,,,,,,,0
Sports,KXNBA2D-26FEB05PHILAL,Philadelphia at Los Angeles L: Double Doubles,KXNBA2D-26FEB05PHILAL-PHITMAXEY0,Tyrese Maxey,0.17,0.19,0.18,0.2,0.02,1516,1469,1516,8654.6,1,2026-02-20 03:00:00+00:00,237.75,,,,,,,,,0
Sports,KXCS2MAP-26FEB06FURIAAUR-2,IEM Krakow 2026: FURIA vs. Aurora Gaming Map 2,KXCS2MAP-26FEB06FURIAAUR-2-FURIA,FURIA,0.54,0.58,0.56,0.54,0.04,1,1,1,8643.39,1,2026-02-20 14:45:00+00:00,249.5,,,,,,,,,0
Sports,KXNCAAWBGAME-26FEB05SHSUNMSU,Sam Houston at New Mexico St.,KXNCAAWBGAME-26FEB05SHSUNMSU-SHSU,Sam Houston,0.03,0.07,0.05,0.03,0.04,9007,8931,8458,8500.55,1,2026-02-20 01:00:00+00:00,235.75,,,,,,,,,0
Sports,KXR6MAP-26FEB06G2FAZE-2,Six Invitational 2026: G2 Esports vs. FaZe Clan Map 2,KXR6MAP-26FEB06G2FAZE-2-FAZE,FaZe Clan,0.53,0.57,0.55,0.54,0.04,12,12,12,8499.77,1,2026-02-20 20:30:00+00:00,255.25,,,,,,,,,0
Sports,KXNBABLK-26FEB05GSWPHX,Golden State at Phoenix: Blocks,KXNBABLK-26FEB05GSWPHX-GSWDGREEN23-1,Draymond Green: 1+,0.29,0.54,0.415,0.47,0.25,67,67,67,8449.65,1,2026-02-20 03:00:00+00:00,237.75,,,,,,,,,0
Sports,KXNBAREB-26FEB05GSWPHX,Golden State at Phoenix: Rebounds,KXNBAREB-26FEB05GSWPHX-GSWDGREEN23-8,Draymond Green: 8+,0.26,0.32,0.29,0.28,0.06,31,31,31,8448.24,1,2026-02-20 03:00:00+00:00,237.75,,,,,,,,,0
Sports,KXVALORANTMAP-26FEB06DFMFS-1,VCT Pacific Kickoff 2026: DetonatioN FocusMe vs. FULL SENSE Map 1,KXVALORANTMAP-26FEB06DFMFS-1-DFM,DetonatioN FocusMe,0.37,0.41,0.39,0.41,0.04,11,0,11,8406.01,1,2026-02-20 08:00:00+00:00,242.75,,,,,,,,,0
Sports,KXLALIGASPREAD-26FEB06RCCOSA,Osasuna at Celta Vigo: Spreads,KXLALIGASPREAD-26FEB06RCCOSA-OSA1,Osasuna wins by over 1.5 goals,0.06,0.07,0.065,0.07,0.01,3,3,3,8302.91,1,2026-02-20 20:00:00+00:00,254.75,,,,,,,,,0
Sports,KXNCAAMBTOTAL-26FEB05MEMUAB,Memphis at UAB: Total Points,KXNCAAMBTOTAL-26FEB05MEMUAB-160,Over 160.5 points scored,0.48,0.51,0.495,0.53,0.03,8099,7123,5042,8213.07,1,2026-02-20 02:00:00+00:00,236.75,,,,,,,,,0
Sports,KXNBAPTS-26FEB05PHILAL,Philadelphia at Los Angeles L: Points,KXNBAPTS-26FEB05PHILAL-LALAREAVES15-25,Austin Reaves: 25+,0.07,0.14,0.105,0.15,0.07,3124,2904,3124,8208.43,1,2026-02-20 03:00:00+00:00,237.75,,,,,,,,,0
Sports,KXNBA3PT-26FEB05PHILAL,Philadelphia at Los Angeles L: Three Pointers,KXNBA3PT-26FEB05PHILAL-LALAREAVES15-2,Austin Reaves: 2+,0.52,0.56,0.54,0.57,0.04,340,340,340,8157.01,1,2026-02-20 03:00:00+00:00,237.75,,,,,,,,,0
Sports,KXNCAAWBGAME-26FEB05UTUUTA,Utah Tech at UT Arlington,KXNCAAWBGAME-26FEB05UTUUTA-UTU,Utah Tech,0.1,0.45,0.275,0.45,0.35,6795,6258,5499,8156.04,1,2026-02-20 00:30:00+00:00,235.25,,,,,,,,,0
Sports,KXNCAAMBTOTAL-26FEB05EIUTNST,Eastern Illinois at Tennessee St.: Total Points,KXNCAAMBTOTAL-26FEB05EIUTNST-133,Over 133.5 points scored,0.69,0.76,0.725,0.74,0.07,2575,2575,2465,8139.38,1,2026-02-20 01:30:00+00:00,236.25,,,,,,,,,0
Sports,KXNCAAMBTOTAL-26FEB05EIUTNST,Eastern Illinois at Tennessee St.: Total Points,KXNCAAMBTOTAL-26FEB05EIUTNST-151,Over 151.5 points scored,0.11,0.2,0.155,0.34,0.09,403,403,403,8091.9,1,2026-02-20 01:30:00+00:00,236.25,,,,,,,,,0
Sports,KXNBAPTS-26FEB05PHILAL,Philadelphia at Los Angeles L: Points,KXNBAPTS-26FEB05PHILAL-LALAREAVES15-20,Austin Reaves: 20+,0.25,0.31,0.28,0.25,0.06,2185,2126,2185,8062.86,1,2026-02-20 03:00:00+00:00,237.75,,,,,,,,,0
Sports,KXNBA3PT-26FEB05PHILAL,Philadelphia at Los Angeles L: Three Pointers,KXNBA3PT-26FEB05PHILAL-PHIVEDGECOMBE77-2,VJ Edgecombe: 2+,0.55,0.59,0.57,0.58,0.04,124,124,124,8049.4,1,2026-02-20 03:00:00+00:00,237.75,,,,,,,,,0
Sports,KXNCAAMBTOTAL-26FEB05EIUTNST,Eastern Illinois at Tennessee St.: Total Points,KXNCAAMBTOTAL-26FEB05EIUTNST-148,Over 148.5 points scored,0.19,0.27,0.23,0.35,0.08,2041,2011,1611,8033.16,1,2026-02-20 01:30:00+00:00,236.25,,,,,,,,,0
Sports,KXLOLTOTALMAPS-26FEB06DNFKT,LCK Cup 2026: DN SOOPers vs. KT Rolster Total Maps,KXLOLTOTALMAPS-26FEB06DNFKT-3,Over 2.5 maps,0.4,0.43,0.415,0.43,0.03,44,44,44,8029.37,1,2026-02-20 10:00:00+00:00,244.75,,,,,,,,,0
Sports,KXNBASPREAD-26FEB05CHITOR,Chicago at Toronto: Spread,KXNBASPREAD-26FEB05CHITOR-TOR20,Toronto wins by over 20.5 Points,0.06,0.4,0.23,0.05,0.34,18424,18139,8397,8029.21,1,2026-02-20 00:30:00+00:00,235.25,,,,,,,,,0
Sports,KXNCAAMBTOTAL-26FEB05MEMUAB,Memphis at UAB: Total Points,KXNCAAMBTOTAL-26FEB05MEMUAB-145,Over 145.5 points scored,0.81,0.9,0.855,0.66,0.09,4124,4124,3784,8005.22,1,2026-02-20 02:00:00+00:00,236.75,,,,,,,,,0
Sports,KXNCAAMBTOTAL-26FEB05EIUTNST,Eastern Illinois at Tennessee St.: Total Points,KXNCAAMBTOTAL-26FEB05EIUTNST-154,Over 154.5 points scored,0.05,0.16,0.105,0.06,0.11,15,15,15,7935.67,1,2026-02-20 01:30:00+00:00,236.25,,,,,,,,,0
Sports,KXNBAREB-26FEB05PHILAL,Philadelphia at Los Angeles L: Rebounds,KXNBAREB-26FEB05PHILAL-LALLDONCIC77-8,Luka Dončić: 8+,0.56,0.6,0.58,0.61,0.04,1155,986,1135,7867.68,1,2026-02-20 03:00:00+00:00,237.75,,,,,,,,,0
Sports,KXNBAPTS-26FEB05PHILAL,Philadelphia at Los Angeles L: Points,KXNBAPTS-26FEB05PHILAL-PHITMAXEY0-20,Tyrese Maxey: 20+,0.78,0.86,0.82,0.86,0.08,829,829,829,7864.52,1,2026-02-20 03:00:00+00:00,237.75,,,,,,,,,0
Sports,KXNCAAMBTOTAL-26FEB05EIUTNST,Eastern Illinois at Tennessee St.: Total Points,KXNCAAMBTOTAL-26FEB05EIUTNST-142,Over 142.5 points scored,0.4,0.45,0.425,0.47,0.05,3324,3243,2067,7852.23,1,2026-02-20 01:30:00+00:00,236.25,,,,,,,,,0
Sports,KXWOCURLGAME-26FEB06SWEGBR,Sweden vs Great Britain,KXWOCURLGAME-26FEB06SWEGBR-SWE,Sweden,0.28,0.37,0.325,0.37,0.09,220,195,220,7840.72,1,2026-02-20 09:05:00+00:00,243.84,,,,,,,,,0
Sports,KXNCAAMBTOTAL-26FEB05MEMUAB,Memphis at UAB: Total Points,KXNCAAMBTOTAL-26FEB05MEMUAB-151,Over 151.5 points scored,0.69,0.77,0.73,0.78,0.08,4071,3756,2056,7826.77,1,2026-02-20 02:00:00+00:00,236.75,,,,,,,,,0
Sports,KXNBAAST-26FEB05GSWPHX,Golden State at Phoenix: Assists,KXNBAAST-26FEB05GSWPHX-GSWDGREEN23-8,Draymond Green: 8+,0.09,0.16,0.125,0.1,0.07,104,102,104,7822.14,1,2026-02-20 03:00:00+00:00,237.75,,,,,,,,,0
Sports,KXNCAAMBTOTAL-26FEB05EIUTNST,Eastern Illinois at Tennessee St.: Total Points,KXNCAAMBTOTAL-26FEB05EIUTNST-145,Over 145.5 points scored,0.29,0.35,0.32,0.4,0.06,6494,6416,4685,7820.33,1,2026-02-20 01:30:00+00:00,236.25,,,,,,,,,0
Sports,KXNCAAMBTOTAL-26FEB05EIUTNST,Eastern Illinois at Tennessee St.: Total Points,KXNCAAMBTOTAL-26FEB05EIUTNST-130,Over 130.5 points scored,0.8,0.85,0.825,0.62,0.05,1090,1090,1090,7816.81,1,2026-02-20 01:30:00+00:00,236.25,,,,,,,,,0
Sports,KXNCAAWBGAME-26FEB05UTUUTA,Utah Tech at UT Arlington,KXNCAAWBGAME-26FEB05UTUUTA-UTA,UT Arlington,0.53,0.9,0.715,0.6,0.37,6474,6215,4121,7814.4,1,2026-02-20 00:30:00+00:00,235.25,,,,,,,,,0
Sports,KXNCAAMBTOTAL-26FEB05EIUTNST,Eastern Illinois at Tennessee St.: Total Points,KXNCAAMBTOTAL-26FEB05EIUTNST-136,Over 136.5 points scored,0.61,0.66,0.635,0.59,0.05,9216,9216,7791,7796.7,1,2026-02-20 01:30:00+00:00,236.25,,,,,,,,,0
Sports,KXR6MAP-26FEB06HERETICSWBG-2,Six Invitational 2026: Heretics vs. Weibo Gaming Map 2,KXR6MAP-26FEB06HERETICSWBG-2-HERETICS,Heretics,0.32,0.36,0.34,0.36,0.04,132,132,132,7783.22,1,2026-02-20 10:00:00+00:00,244.75,,,,,,,,,0
Sports,KXNBAREB-26FEB05PHILAL,Philadelphia at Los Angeles L: Rebounds,KXNBAREB-26FEB05PHILAL-LALLJAMES23-4,LeBron James: 4+,0.78,0.87,0.825,0.82,0.09,5929,3707,5924,7768.05,1,2026-02-20 03:00:00+00:00,237.75,,,,,,,,,0
Sports,KXNBAREB-26FEB05GSWPHX,Golden State at Phoenix: Rebounds,KXNBAREB-26FEB05GSWPHX-GSWDGREEN23-6,Draymond Green: 6+,0.54,0.57,0.555,0.57,0.03,680,680,680,7760.09,1,2026-02-20 03:00:00+00:00,237.75,,,,,,,,,0
Sports,KXNCAAWBGAME-26FEB05IDSTNAU,Idaho St. at Northern Arizona,KXNCAAWBGAME-26FEB05IDSTNAU-IDST,Idaho St.,0.82,0.97,0.895,0.94,0.15,1905,1500,1884,7755.06,1,2026-02-20 01:00:00+00:00,235.75,,,,,,,,,0
Sports,KXNBAPTS-26FEB05PHILAL,Philadelphia at Los Angeles L: Points,KXNBAPTS-26FEB05PHILAL-LALLJAMES23-25,LeBron James: 25+,0.22,0.31,0.265,0.28,0.09,622,622,622,7736.02,1,2026-02-20 03:00:00+00:00,237.75,,,,,,,,,0
Sports,KXNBAAST-26FEB05GSWPHX,Golden State at Phoenix: Assists,KXNBAAST-26FEB05GSWPHX-GSWDGREEN23-4,Draymond Green: 4+,0.64,0.7,0.67,0.66,0.06,528,19,527,7705.61,1,2026-02-20 03:00:00+00:00,237.75,,,,,,,,,0
Sports,KXNCAAMBTOTAL-26FEB05EIUTNST,Eastern Illinois at Tennessee St.: Total Points,KXNCAAMBTOTAL-26FEB05EIUTNST-139,Over 139.5 points scored,0.5,0.55,0.525,0.62,0.05,15476,15416,6676,7700.49,1,2026-02-20 01:30:00+00:00,236.25,,,,,,,,,0
Sports,KXR6GAME-26FEB06FLUSSG,Six Invitational 2026: Fluxo W7M vs. Spacestation Gaming,KXR6GAME-26FEB06FLUSSG-SSG,Spacestation Gaming,0.48,0.52,0.5,0.49,0.04,16,9,9,7674.2,1,2026-02-20 17:00:00+00:00,251.75,,,,,,,,,0
Sports,KXNBATOTAL-26FEB05CHAHOU,Charlotte at Houston: Total Points,KXNBATOTAL-26FEB05CHAHOU-211,Over 211.5 points scored,0.89,0.94,0.915,0.97,0.05,20815,20340,15324,7669.27,1,2026-02-20 01:00:00+00:00,235.75,,,,,,,,,0
Sports,KXNCAAWBGAME-26FEB05SIUUIC,Southern Illinois at UIC,KXNCAAWBGAME-26FEB05SIUUIC-UIC,UIC,0.09,0.63,0.36,0.58,0.54,2349,1785,1173,7661.16,1,2026-02-20 01:00:00+00:00,235.75,,,,,,,,,0
Sports,KXNBASPREAD-26FEB05CHITOR,Chicago at Toronto: Spread,KXNBASPREAD-26FEB05CHITOR-TOR8,Toronto wins by over 8.5 Points,0.95,0.97,0.96,0.95,0.02,341466,324413,183033,7653.78,1,2026-02-20 00:30:00+00:00,235.25,,,,,,,,,0
Sports,KXNBAPTS-26FEB05PHILAL,Philadelphia at Los Angeles L: Points,KXNBAPTS-26FEB05PHILAL-PHIVEDGECOMBE77-10,VJ Edgecombe: 10+,0.69,0.77,0.73,0.77,0.08,360,233,360,7639.9,1,2026-02-20 03:00:00+00:00,237.75,,,,,,,,,0
Sports,KXNBAAST-26FEB05GSWPHX,Golden State at Phoenix: Assists,KXNBAAST-26FEB05GSWPHX-GSWDGREEN23-6,Draymond Green: 6+,0.32,0.38,0.35,0.32,0.06,540,47,540,7625.11,1,2026-02-20 03:00:00+00:00,237.75,,,,,,,,,0
Sports,KXNBA3PT-26FEB05PHILAL,Philadelphia at Los Angeles L: Three Pointers,KXNBA3PT-26FEB05PHILAL-LALLDONCIC77-3,Luka Dončić: 3+,0.65,0.71,0.68,0.72,0.06,1762,1704,1762,7621.87,1,2026-02-20 03:00:00+00:00,237.75,,,,,,,,,0
Sports,KXWOCURLGAME-26FEB06SWENOR,Sweden vs Norway,KXWOCURLGAME-26FEB06SWENOR-SWE,Sweden,0.06,0.96,0.51,0.58,0.9,17,17,17,7599.0,1,2026-02-20 13:35:00+00:00,248.34,,,,,,,,,0
Sports,KXNCAAMBTOTAL-26FEB05MEMUAB,Memphis at UAB: Total Points,KXNCAAMBTOTAL-26FEB05MEMUAB-148,Over 148.5 points scored,0.75,0.84,0.795,0.84,0.09,3441,3441,2181,7573.34,1,2026-02-20 02:00:00+00:00,236.75,,,,,,,,,0
Sports,KXNBAAST-26FEB05PHILAL,Philadelphia at Los Angeles L: Assists,KXNBAAST-26FEB05PHILAL-PHITMAXEY0-8,Tyrese Maxey: 8+,0.42,0.44,0.43,0.44,0.02,1942,1824,1942,7514.06,1,2026-02-20 03:00:00+00:00,237.75,,,,,,,,,0
Sports,KXNBAAST-26FEB05PHILAL,Philadelphia at Los Angeles L: Assists,KXNBAAST-26FEB05PHILAL-PHITMAXEY0-7,Tyrese Maxey: 7+,0.55,0.58,0.565,0.57,0.03,505,505,489,7508.11,1,2026-02-20 03:00:00+00:00,237.75,,,,,,,,,0
Sports,KXNHLTOTAL-26FEB05PITBUF,Pittsburgh at Buffalo: Total Points,KXNHLTOTAL-26FEB05PITBUF-6,Over 6.5 goals scored,0.52,0.7,0.61,0.65,0.18,137969,121217,116496,7468.15,1,2026-02-20 00:00:00+00:00,234.75,,,,,,,,,0
Sports,KXNBAAST-26FEB05PHILAL,Philadelphia at Los Angeles L: Assists,KXNBAAST-26FEB05PHILAL-LALLJAMES23-7,LeBron James: 7+,0.44,0.49,0.465,0.46,0.05,237,237,237,7463.77,1,2026-02-20 03:00:00+00:00,237.75,,,,,,,,,0
Sports,KXLOLTOTALMAPS-26FEB06BRODRX,LCK Cup 2026: OKSavingsBank BRION vs. DRX Total Maps,KXLOLTOTALMAPS-26FEB06BRODRX-3,Over 2.5 maps,0.48,0.52,0.5,0.52,0.04,190,90,190,7454.89,1,2026-02-20 08:00:00+00:00,242.75,,,,,,,,,0
Sports,KXNCAAMBSPREAD-26FEB05EIUTNST,Eastern Illinois at Tennessee St.: Spread,KXNCAAMBSPREAD-26FEB05EIUTNST-TNST13,Tennessee St. wins by over 13.5 Points,0.12,0.21,0.165,0.27,0.09,29,29,29,7443.39,1,2026-02-20 01:30:00+00:00,236.25,,,,,,,,,0
Sports,KXWOCURLGAME-26FEB06USACAN,United States vs Canada,KXWOCURLGAME-26FEB06USACAN-CAN,Canada,0.47,0.53,0.5,0.53,0.06,42,6,42,7442.57,1,2026-02-20 09:05:00+00:00,243.84,,,,,,,,,0
Sports,KXNCAAMBTOTAL-26FEB05NAUIDST,Northern Arizona at Idaho St.: Total Points,KXNCAAMBTOTAL-26FEB05NAUIDST-143,Over 143.5 points scored,0.6,0.67,0.635,0.46,0.07,370,370,360,7428.66,1,2026-02-20 02:00:00+00:00,236.75,,,,,,,,,0
Sports,KXNCAAMBTOTAL-26FEB05NAUIDST,Northern Arizona at Idaho St.: Total Points,KXNCAAMBTOTAL-26FEB05NAUIDST-146,Over 146.5 points scored,0.51,0.58,0.545,0.58,0.07,266,225,266,7406.51,1,2026-02-20 02:00:00+00:00,236.75,,,,,,,,,0
Sports,KXNCAAMBTOTAL-26FEB05NAUIDST,Northern Arizona at Idaho St.: Total Points,KXNCAAMBTOTAL-26FEB05NAUIDST-137,Over 137.5 points scored,0.75,0.86,0.805,0.72,0.11,218,204,204,7405.76,1,2026-02-20 02:00:00+00:00,236.75,,,,,,,,,0
Sports,KXCS2MAP-26FEB06FURIAAUR-1,IEM Krakow 2026: FURIA vs. Aurora Gaming Map 1,KXCS2MAP-26FEB06FURIAAUR-1-FURIA,FURIA,0.6,0.64,0.62,0.6,0.04,34,34,33,7397.26,1,2026-02-20 14:45:00+00:00,249.5,,,,,,,,,0
Sports,KXNBAAST-26FEB05PHILAL,Philadelphia at Los Angeles L: Assists,KXNBAAST-26FEB05PHILAL-LALAREAVES15-4,Austin Reaves: 4+,0.4,0.44,0.42,0.44,0.04,792,792,694,7382.97,1,2026-02-20 03:00:00+00:00,237.75,,,,,,,,,0
Sports,KXNBAPTS-26FEB05PHILAL,Philadelphia at Los Angeles L: Points,KXNBAPTS-26FEB05PHILAL-PHIVEDGECOMBE77-20,VJ Edgecombe: 20+,0.15,0.23,0.19,0.22,0.08,2504,2409,2428,7375.11,1,2026-02-20 03:00:00+00:00,237.75,,,,,,,,,0
Sports,KXNCAAWBGAME-26FEB05LTUTEP,Louisiana Tech at UTEP,KXNCAAWBGAME-26FEB05LTUTEP-LT,Louisiana Tech,0.45,0.97,0.71,0.95,0.52,1047,1044,1022,7341.09,1,2026-02-20 02:00:00+00:00,236.75,,,,,,,,,0
Sports,KXNCAAMBSPREAD-26FEB05EIUTNST,Eastern Illinois at Tennessee St.: Spread,KXNCAAMBSPREAD-26FEB05EIUTNST-TNST1,Tennessee St. wins by over 1.5 Points,0.69,0.77,0.73,0.83,0.08,478,478,478,7330.36,1,2026-02-20 01:30:00+00:00,236.25,,,,,,,,,0
Sports,KXNCAAMBTOTAL-26FEB05NAUIDST,Northern Arizona at Idaho St.: Total Points,KXNCAAMBTOTAL-26FEB05NAUIDST-140,Over 140.5 points scored,0.69,0.76,0.725,0.44,0.07,5669,5669,5528,7317.42,1,2026-02-20 02:00:00+00:00,236.75,,,,,,,,,0
Sports,KXCS2MAP-26FEB06FURIAAUR-2,IEM Krakow 2026: FURIA vs. Aurora Gaming Map 2,KXCS2MAP-26FEB06FURIAAUR-2-AUR,Aurora Gaming,0.42,0.46,0.44,0.47,0.04,4,0,4,7312.4,1,2026-02-20 14:45:00+00:00,249.5,,,,,,,,,0
Sports,KXNHLTOTAL-26FEB05FLATB,Florida at Tampa Bay: Total Points,KXNHLTOTAL-26FEB05FLATB-7,Over 7.5 goals scored,0.07,0.3,0.185,0.07,0.23,7139,6967,6534,7306.79,1,2026-02-20 00:30:00+00:00,235.25,,,,,,,,,0
Sports,KXVALORANTGAME-26FEB06EDGTYLOO,VCT China Kickoff 2026: EDward Gaming vs. TYLOO,KXVALORANTGAME-26FEB06EDGTYLOO-TYLOO,TYLOO,0.37,0.41,0.39,0.37,0.04,32,32,30,7260.93,1,2026-02-20 11:00:00+00:00,245.75,,,,,,,,,0
Sports,KXNBAREB-26FEB05GSWPHX,Golden State at Phoenix: Rebounds,KXNBAREB-26FEB05GSWPHX-GSWDGREEN23-7,Draymond Green: 7+,0.4,0.44,0.42,0.44,0.04,66,61,66,7258.22,1,2026-02-20 03:00:00+00:00,237.75,,,,,,,,,0
Sports,KXNCAAMBSPREAD-26FEB05EIUTNST,Eastern Illinois at Tennessee St.: Spread,KXNCAAMBSPREAD-26FEB05EIUTNST-TNST4,Tennessee St. wins by over 4.5 Points,0.54,0.6,0.57,0.65,0.06,529,529,520,7242.04,1,2026-02-20 01:30:00+00:00,236.25,,,,,,,,,0
Sports,KXNCAAMBGAME-26FEB05CITSAM,The Citadel at Samford,KXNCAAMBGAME-26FEB05CITSAM-SAM,Samford,0.99,1.0,0.995,0.99,0.01,50311,42539,37313,7235.38,1,2026-02-20 01:00:00+00:00,235.75,,,,,,,,,0
Sports,KXNBAPTS-26FEB05PHILAL,Philadelphia at Los Angeles L: Points,KXNBAPTS-26FEB05PHILAL-PHITMAXEY0-35,Tyrese Maxey: 35+,0.16,0.2,0.18,0.19,0.04,898,827,898,7207.55,1,2026-02-20 03:00:00+00:00,237.75,,,,,,,,,0
Sports,KXLOLMAP-26FEB06GZCFO-1,LCP 2026: Ground Zero Gaming vs. CTBC Flying Oyster Map 1,KXLOLMAP-26FEB06GZCFO-1-GZ,Ground Zero Gaming,0.26,0.3,0.28,0.23,0.04,620,620,620,7199.16,1,2026-02-20 08:30:00+00:00,243.25,,,,,,,,,0
Sports,KXNCAAMBTOTAL-26FEB05WIUTNTC,Western Illinois at Tennessee Tech: Total Points,KXNCAAMBTOTAL-26FEB05WIUTNTC-157,Over 157.5 points scored,0.55,0.61,0.58,0.54,0.06,2176,417,1340,7195.77,1,2026-02-20 01:30:00+00:00,236.25,,,,,,,,,0
Sports,KXSCOTTISHPREMGAME-26FEB04ABECEL,Aberdeen vs Celtic,KXSCOTTISHPREMGAME-26FEB04ABECEL-ABE,Aberdeen,0.11,0.72,0.415,0.1,0.61,487,0,461,7181.11,1,2026-02-18 20:00:00+00:00,206.75,,,,,,,,,0
Sports,KXR6MAP-26FEB06FXM80-2,Six Invitational 2026: FearX vs. M80 Map 2,KXR6MAP-26FEB06FXM80-2-FX,FearX,0.14,0.18,0.16,0.17,0.04,55,55,55,7110.26,1,2026-02-20 13:30:00+00:00,248.25,,,,,,,,,0
Sports,KXNCAAMBSPREAD-26FEB05EIUTNST,Eastern Illinois at Tennessee St.: Spread,KXNCAAMBSPREAD-26FEB05EIUTNST-TNST7,Tennessee St. wins by over 7.5 Points,0.37,0.44,0.405,0.44,0.07,670,603,649,7108.46,1,2026-02-20 01:30:00+00:00,236.25,,,,,,,,,0
Sports,KXNBA3PT-26FEB05PHILAL,Philadelphia at Los Angeles L: Three Pointers,KXNBA3PT-26FEB05PHILAL-PHIVEDGECOMBE77-1,VJ Edgecombe: 1+,0.79,0.88,0.835,0.87,0.09,11,11,11,7097.9,1,2026-02-20 03:00:00+00:00,237.75,,,,,,,,,0
Sports,KXSCOTTISHPREMGAME-26FEB04ABECEL,Aberdeen vs Celtic,KXSCOTTISHPREMGAME-26FEB04ABECEL-TIE,Tie,0.12,0.67,0.395,0.11,0.55,304,0,257,7083.77,1,2026-02-18 20:00:00+00:00,206.75,,,,,,,,,0
Sports,KXNBA2D-26FEB05GSWPHX,Golden State at Phoenix: Double Doubles,KXNBA2D-26FEB05GSWPHX-GSWDGREEN23,Draymond Green,0.09,0.1,0.095,0.1,0.01,2274,2180,1873,7083.42,1,2026-02-20 03:00:00+00:00,237.75,,,,,,,,,0
Sports,KXR6MAP-26FEB06FXM80-1,Six Invitational 2026: FearX vs. M80 Map 1,KXR6MAP-26FEB06FXM80-1-FX,FearX,0.14,0.17,0.155,0.17,0.03,55,55,55,7079.66,1,2026-02-20 13:30:00+00:00,248.25,,,,,,,,,0
Sports,KXNBATOTAL-26FEB05CHAHOU,Charlotte at Houston: Total Points,KXNBATOTAL-26FEB05CHAHOU-226,Over 226.5 points scored,0.4,0.47,0.435,0.49,0.07,37359,31881,29999,7059.0,1,2026-02-20 01:00:00+00:00,235.75,,,,,,,,,0
Sports,KXNBA3PT-26FEB05PHILAL,Philadelphia at Los Angeles L: Three Pointers,KXNBA3PT-26FEB05PHILAL-PHITMAXEY0-3,Tyrese Maxey: 3+,0.63,0.68,0.655,0.64,0.05,895,895,895,7033.43,1,2026-02-20 03:00:00+00:00,237.75,,,,,,,,,0
Sports,KXNCAAMBTOTAL-26FEB05NAUIDST,Northern Arizona at Idaho St.: Total Points,KXNCAAMBTOTAL-26FEB05NAUIDST-134,Over 134.5 points scored,0.82,0.85,0.835,0.79,0.03,485,485,485,7007.9,1,2026-02-20 02:00:00+00:00,236.75,,,,,,,,,0
Sports,KXNFLCELEBRITYGAME-26,PrizePicks Creator Games Winner,KXNFLCELEBRITYGAME-26-LCOW,Lauren Cowling,0.01,0.06,0.035,0.06,0.05,846,391,840,6950.67,1,2026-02-20 00:00:00+00:00,234.75,,,,,,,,,0
Sports,KXNCAAMBSPREAD-26FEB05EIUTNST,Eastern Illinois at Tennessee St.: Spread,KXNCAAMBSPREAD-26FEB05EIUTNST-TNST16,Tennessee St. wins by over 16.5 Points,0.03,0.14,0.085,0.23,0.11,50,50,50,6950.61,1,2026-02-20 01:30:00+00:00,236.25,,,,,,,,,0
Sports,KXBUNDESLIGASPREAD-26FEB06UNISGE,Frankfurt at Union Berlin: Spreads,KXBUNDESLIGASPREAD-26FEB06UNISGE-SGE2,Frankfurt wins by over 2.5 goals,0.02,0.04,0.03,0.02,0.02,21,0,18,6948.48,1,2026-02-20 19:30:00+00:00,254.25,,,,,,,,,0
Sports,KXNCAAMBSPREAD-26FEB05UTAUTU,UT Arlington at Utah Tech: Spread,KXNCAAMBSPREAD-26FEB05UTAUTU-UTU7,Utah Tech wins by over 7.5 Points,0.09,0.2,0.145,0.24,0.11,126,126,126,6915.76,1,2026-02-20 02:00:00+00:00,236.75,,,,,,,,,0
Sports,KXNFLCELEBRITYGAME-26,PrizePicks Creator Games Winner,KXNFLCELEBRITYGAME-26-BRAN,Brandom,0.0,0.58,0.58,0.58,,574,540,574,6903.82,1,2026-02-20 00:00:00+00:00,234.75,,,,,,,,,0
Sports,KXNFLCELEBRITYGAME-26,PrizePicks Creator Games Winner,KXNFLCELEBRITYGAME-26-STEI,Steiny,0.0,0.96,0.07,0.07,,514,514,514,6900.2,1,2026-02-20 00:00:00+00:00,234.75,,,,,,,,,0
Sports,KXR6GAME-26FEB06BDSR,Six Invitational 2026: Black Dragons e-Sports vs. Shopify Rebellion,KXR6GAME-26FEB06BDSR-SR,Shopify Rebellion,0.74,0.78,0.76,0.78,0.04,44,24,44,6898.47,1,2026-02-20 17:00:00+00:00,251.75,,,,,,,,,0
Sports,KXNCAAWBGAME-26FEB05ALCNMVSU,Alcorn St. at Mississippi Valley St.,KXNCAAWBGAME-26FEB05ALCNMVSU-ALCN,Alcorn St.,0.81,0.98,0.895,0.85,0.17,124,124,118,6890.7,1,2026-02-20 01:00:00+00:00,235.75,,,,,,,,,0
Sports,KXNCAAMBTOTAL-26FEB05NEOMUND,Omaha at North Dakota: Total Points,KXNCAAMBTOTAL-26FEB05NEOMUND-143,Over 143.5 points scored,0.22,0.28,0.25,0.35,0.06,1947,994,1848,6888.51,1,2026-02-20 01:00:00+00:00,235.75,,,,,,,,,0
Sports,KXR6GAME-26FEB06WCGFURIA,Six Invitational 2026: Wildcard Gaming vs. FURIA Esports,KXR6GAME-26FEB06WCGFURIA-FURIA,FURIA Esports,0.76,0.8,0.78,0.76,0.04,2,1,1,6879.93,1,2026-02-20 13:30:00+00:00,248.25,,,,,,,,,0
Sports,KXLOLMAP-26FEB06BRODRX-2,LCK Cup 2026: OKSavingsBank BRION vs. DRX Map 2,KXLOLMAP-26FEB06BRODRX-2-BRO,OKSavingsBank BRION,0.43,0.47,0.45,0.47,0.04,7,7,7,6879.08,1,2026-02-20 08:00:00+00:00,242.75,,,,,,,,,0
Sports,KXNFLCELEBRITYGAME-26,PrizePicks Creator Games Winner,KXNFLCELEBRITYGAME-26-BOOK,BookItWithTrent,0.0,0.93,0.4,0.4,,1230,1178,1130,6876.63,1,2026-02-20 00:00:00+00:00,234.75,,,,,,,,,0
Sports,KXNFLCELEBRITYGAME-26,PrizePicks Creator Games Winner,KXNFLCELEBRITYGAME-26-FELI,Felipe,0.0,0.47,0.47,0.47,,2098,2071,2098,6870.36,1,2026-02-20 00:00:00+00:00,234.75,,,,,,,,,0
Sports,KXNCAAMBSPREAD-26FEB05EIUTNST,Eastern Illinois at Tennessee St.: Spread,KXNCAAMBSPREAD-26FEB05EIUTNST-TNST10,Tennessee St. wins by over 10.5 Points,0.22,0.23,0.225,0.23,0.01,11373,11112,9413,6848.57,1,2026-02-20 01:30:00+00:00,236.25,,,,,,,,,0
Sports,KXNBAPTS-26FEB05GSWPHX,Golden State at Phoenix: Points,KXNBAPTS-26FEB05GSWPHX-GSWDGREEN23-20,Draymond Green: 20+,0.02,0.06,0.04,0.06,0.04,759,759,759,6846.97,1,2026-02-20 03:00:00+00:00,237.75,,,,,,,,,0
Sports,KXNCAAMBSPREAD-26FEB05MORESEMO,Morehead St. at Southeast Missouri St.: Spread,KXNCAAMBSPREAD-26FEB05MORESEMO-SEMO8,Southeast Missouri St. wins by over 8.5 Points,0.73,0.85,0.79,0.73,0.12,10738,10370,8814,6845.87,1,2026-02-20 01:30:00+00:00,236.25,,,,,,,,,0
Sports,KXNBAAST-26FEB05PHILAL,Philadelphia at Los Angeles L: Assists,KXNBAAST-26FEB05PHILAL-PHIVEDGECOMBE77-6,VJ Edgecombe: 6+,0.23,0.29,0.26,0.29,0.06,166,166,166,6822.81,1,2026-02-20 03:00:00+00:00,237.75,,,,,,,,,0
Sports,KXNBASPREAD-26FEB05CHITOR,Chicago at Toronto: Spread,KXNBASPREAD-26FEB05CHITOR-TOR5,Toronto wins by over 5.5 Points,0.99,1.0,0.995,0.99,0.01,83681,81971,48111,6815.51,1,2026-02-20 00:30:00+00:00,235.25,,,,,,,,,0
Sports,KXR6GAME-26FEB06OXGEP,Six Invitational 2026: Oxygen Esports vs. ENTERPRISE Esports,KXR6GAME-26FEB06OXGEP-EP,ENTERPRISE Esports,0.26,0.3,0.28,0.88,0.04,1,0,1,6811.66,1,2026-02-20 20:30:00+00:00,255.25,,,,,,,,,0
Sports,KXNBA2D-26FEB05PHILAL,Philadelphia at Los Angeles L: Double Doubles,KXNBA2D-26FEB05PHILAL-PHIVEDGECOMBE77,VJ Edgecombe,0.06,0.07,0.065,0.07,0.01,501,501,501,6790.78,1,2026-02-20 03:00:00+00:00,237.75,,,,,,,,,0
Sports,KXCS2MAP-26FEB06MOUZG2-1,IEM Krakow 2026: MOUZ vs. G2 Map 1,KXCS2MAP-26FEB06MOUZG2-1-G2,G2,0.38,0.42,0.4,0.43,0.04,38,1,38,6698.05,1,2026-02-20 18:00:00+00:00,252.75,,,,,,,,,0
Sports,KXLOLMAP-26FEB06GZCFO-2,LCP 2026: Ground Zero Gaming vs. CTBC Flying Oyster Map 2,KXLOLMAP-26FEB06GZCFO-2-GZ,Ground Zero Gaming,0.26,0.3,0.28,0.23,0.04,620,620,620,6672.75,1,2026-02-20 08:30:00+00:00,243.25,,,,,,,,,0
Sports,KXNBAPTS-26FEB05PHILAL,Philadelphia at Los Angeles L: Points,KXNBAPTS-26FEB05PHILAL-LALLJAMES23-30,LeBron James: 30+,0.06,0.12,0.09,0.15,0.06,14,14,14,6655.31,1,2026-02-20 03:00:00+00:00,237.75,,,,,,,,,0
Sports,KXR6GAME-26FEB06G2FAZE,Six Invitational 2026: G2 Esports vs. FaZe Clan,KXR6GAME-26FEB06G2FAZE-FAZE,FaZe Clan,0.57,0.61,0.59,0.56,0.04,17,17,17,6647.46,1,2026-02-20 20:30:00+00:00,255.25,,,,,,,,,0
Sports,KXR6MAP-26FEB06DAYFLCS-1,Six Invitational 2026: Daystar vs. Falcons Esport Map 1,KXR6MAP-26FEB06DAYFLCS-1-DAY,Daystar,0.1,0.13,0.115,0.13,0.03,72,72,72,6624.5,1,2026-02-20 10:00:00+00:00,244.75,,,,,,,,,0
Sports,KXNBASPREAD-26FEB05CHITOR,Chicago at Toronto: Spread,KXNBASPREAD-26FEB05CHITOR-TOR2,Toronto wins by over 2.5 Points,0.99,1.0,0.995,0.99,0.01,22910,22290,18015,6610.24,1,2026-02-20 00:30:00+00:00,235.25,,,,,,,,,0
Sports,KXNBAREB-26FEB05GSWPHX,Golden State at Phoenix: Rebounds,KXNBAREB-26FEB05GSWPHX-GSWDGREEN23-12,Draymond Green: 12+,0.02,0.05,0.035,0.04,0.03,302,302,302,6580.58,1,2026-02-20 03:00:00+00:00,237.75,,,,,,,,,0
Sports,KXNHLTOTAL-26FEB05NSHWSH,Nashville at Washington: Total Points,KXNHLTOTAL-26FEB05NSHWSH-6,Over 6.5 goals scored,0.6,0.81,0.705,0.6,0.21,40679,34675,31109,6547.14,1,2026-02-20 00:00:00+00:00,234.75,,,,,,,,,0
Sports,KXLOLTOTALMAPS-26FEB06MVKTSW,LCP 2026: MVK Esports vs. Team Secret Whales Total Maps,KXLOLTOTALMAPS-26FEB06MVKTSW-3,Over 2.5 maps,0.44,0.48,0.46,0.5,0.04,36,32,27,6511.2,1,2026-02-20 06:00:00+00:00,240.75,,,,,,,,,0
Sports,KXWOCURLGAME-26FEB06SWEGBR,Sweden vs Great Britain,KXWOCURLGAME-26FEB06SWEGBR-GBR,Great Britain,0.63,0.72,0.675,0.88,0.09,1,1,1,6508.88,1,2026-02-20 09:05:00+00:00,243.84,,,,,,,,,0
Sports,KXR6MAP-26FEB06DAYFLCS-2,Six Invitational 2026: Daystar vs. Falcons Esport Map 2,KXR6MAP-26FEB06DAYFLCS-2-FLCS,Falcons Esport,0.87,0.9,0.885,0.9,0.03,21,21,21,6492.04,1,2026-02-20 10:00:00+00:00,244.75,,,,,,,,,0
Sports,KXNBA3D-26FEB05PHILAL,Philadelphia at Los Angeles L: Triple Doubles,KXNBA3D-26FEB05PHILAL-LALLDONCIC77,Luka Dončić,0.2,0.22,0.21,0.22,0.02,8723,8503,6350,6472.5,1,2026-02-20 03:00:00+00:00,237.75,,,,,,,,,0
Sports,KXLOLMAP-26FEB06MVKTSW-1,LCP 2026: MVK Esports vs. Team Secret Whales Map 1,KXLOLMAP-26FEB06MVKTSW-1-MVK,MVK Esports,0.31,0.34,0.325,0.35,0.03,662,662,662,6470.74,1,2026-02-20 06:00:00+00:00,240.75,,,,,,,,,0
Sports,KXLOLMAP-26FEB06MVKTSW-2,LCP 2026: MVK Esports vs. Team Secret Whales Map 2,KXLOLMAP-26FEB06MVKTSW-2-MVK,MVK Esports,0.31,0.35,0.33,0.34,0.04,600,600,600,6463.7,1,2026-02-20 06:00:00+00:00,240.75,,,,,,,,,0
Sports,KXNBAAST-26FEB05PHILAL,Philadelphia at Los Angeles L: Assists,KXNBAAST-26FEB05PHILAL-LALLDONCIC77-6,Luka Dončić: 6+,0.84,0.92,0.88,0.87,0.08,57,33,57,6454.09,1,2026-02-20 03:00:00+00:00,237.75,,,,,,,,,0
Sports,KXNBAPTS-26FEB05PHILAL,Philadelphia at Los Angeles L: Points,KXNBAPTS-26FEB05PHILAL-LALLDONCIC77-40,Luka Dončić: 40+,0.2,0.24,0.22,0.23,0.04,720,720,720,6419.96,1,2026-02-20 03:00:00+00:00,237.75,,,,,,,,,0
Sports,KXR6MAP-26FEB06DAYFLCS-2,Six Invitational 2026: Daystar vs. Falcons Esport Map 2,KXR6MAP-26FEB06DAYFLCS-2-DAY,Daystar,0.1,0.13,0.115,0.13,0.03,84,84,84,6412.8,1,2026-02-20 10:00:00+00:00,244.75,,,,,,,,,0
Sports,KXNBABLK-26FEB05PHILAL,Philadelphia at Los Angeles L: Blocks,KXNBABLK-26FEB05PHILAL-LALLJAMES23-1,LeBron James: 1+,0.01,0.6,0.305,0.53,0.59,12,12,12,6395.9,1,2026-02-20 03:00:00+00:00,237.75,,,,,,,,,0
Sports,KXNBATOTAL-26FEB05UTAATL,Utah at Atlanta: Total Points,KXNBATOTAL-26FEB05UTAATL-249,Over 249.5 points scored,0.08,0.11,0.095,0.08,0.03,64702,51384,30594,6395.23,1,2026-02-20 00:30:00+00:00,235.25,,,,,,,,,0
Sports,KXNBAAST-26FEB05PHILAL,Philadelphia at Los Angeles L: Assists,KXNBAAST-26FEB05PHILAL-LALLJAMES23-6,LeBron James: 6+,0.59,0.65,0.62,0.65,0.06,1326,1253,1326,6385.31,1,2026-02-20 03:00:00+00:00,237.75,,,,,,,,,0
Sports,KXNBATOTAL-26FEB05CHAHOU,Charlotte at Houston: Total Points,KXNBATOTAL-26FEB05CHAHOU-208,Over 208.5 points scored,0.44,0.98,0.71,0.78,0.54,1888,1888,1734,6349.5,1,2026-02-20 01:00:00+00:00,235.75,,,,,,,,,0
Sports,KXNBATOTAL-26FEB05CHAHOU,Charlotte at Houston: Total Points,KXNBATOTAL-26FEB05CHAHOU-214,Over 214.5 points scored,0.82,0.96,0.89,0.96,0.14,18491,18282,14580,6333.14,1,2026-02-20 01:00:00+00:00,235.75,,,,,,,,,0
Sports,KXNBAPTS-26FEB05PHILAL,Philadelphia at Los Angeles L: Points,KXNBAPTS-26FEB05PHILAL-LALLDONCIC77-30,Luka Dončić: 30+,0.59,0.65,0.62,0.59,0.06,5425,5425,5395,6321.19,1,2026-02-20 03:00:00+00:00,237.75,,,,,,,,,0
Sports,KXNBATOTAL-26FEB05UTAATL,Utah at Atlanta: Total Points,KXNBATOTAL-26FEB05UTAATL-252,Over 252.5 points scored,0.1,0.23,0.165,0.24,0.13,40246,33934,22615,6276.18,1,2026-02-20 00:30:00+00:00,235.25,,,,,,,,,0
Sports,KXNBATOTAL-26FEB05UTAATL,Utah at Atlanta: Total Points,KXNBATOTAL-26FEB05UTAATL-240,Over 240.5 points scored,0.34,0.45,0.395,0.21,0.11,64863,63107,42098,6254.09,1,2026-02-20 00:30:00+00:00,235.25,,,,,,,,,0
Sports,KXNBASPREAD-26FEB05CHITOR,Chicago at Toronto: Spread,KXNBASPREAD-26FEB05CHITOR-TOR23,Toronto wins by over 23.5 Points,0.0,0.14,0.01,0.01,,36329,36329,16382,6246.21,1,2026-02-20 00:30:00+00:00,235.25,,,,,,,,,0
Sports,KXATPCHALLENGERMATCH-26FEB06FELBRA,Fellin vs Brancaccio,KXATPCHALLENGERMATCH-26FEB06FELBRA-BRA,Raul Brancaccio,0.64,0.68,0.66,0.68,0.04,10,10,0,6232.97,1,2026-02-20 13:10:00+00:00,247.92,,,,,,,,,0
Sports,KXEKSTRAKLASAGAME-26JAN30RADARK,Radomiak Radom vs Arka Gdynia,KXEKSTRAKLASAGAME-26JAN30RADARK-RAD,Radomiak Radom,0.11,0.76,0.435,0.08,0.65,1176,0,699,6218.83,1,2026-02-13 19:30:00+00:00,86.25,0.0,0.0,0.0,0.0,0.0,0.0,1.0,0.0,7
Sports,KXNCAAMBTOTAL-26FEB05WIUTNTC,Western Illinois at Tennessee Tech: Total Points,KXNCAAMBTOTAL-26FEB05WIUTNTC-154,Over 154.5 points scored,0.64,0.7,0.67,0.63,0.06,1195,1195,1067,6209.84,1,2026-02-20 01:30:00+00:00,236.25,,,,,,,,,0
Sports,KXNCAAMBTOTAL-26FEB05UTAUTU,UT Arlington at Utah Tech: Total Points,KXNCAAMBTOTAL-26FEB05UTAUTU-142,Over 142.5 points scored,0.39,0.43,0.41,0.43,0.04,1851,1801,876,6187.64,1,2026-02-20 02:00:00+00:00,236.75,,,,,,,,,0
Sports,KXNBASPREAD-26FEB05UTAATL,Utah at Atlanta: Spread,KXNBASPREAD-26FEB05UTAATL-ATL10,Atlanta wins by over 10.5 Points,0.01,0.28,0.145,0.02,0.27,60329,59302,37342,6186.86,1,2026-02-20 00:30:00+00:00,235.25,,,,,,,,,0
Sports,KXR6GAME-26FEB06HERETICSWBG,Six Invitational 2026: Heretics vs. Weibo Gaming,KXR6GAME-26FEB06HERETICSWBG-WBG,Weibo Gaming,0.71,0.75,0.73,0.75,0.04,9,9,9,6175.65,1,2026-02-20 10:00:00+00:00,244.75,,,,,,,,,0
Sports,KXNBAAST-26FEB05PHILAL,Philadelphia at Los Angeles L: Assists,KXNBAAST-26FEB05PHILAL-LALAREAVES15-2,Austin Reaves: 2+,0.76,0.85,0.805,0.87,0.09,39,39,39,6139.7,1,2026-02-20 03:00:00+00:00,237.75,,,,,,,,,0
Sports,KXNBAPTS-26FEB05PHILAL,Philadelphia at Los Angeles L: Points,KXNBAPTS-26FEB05PHILAL-PHITMAXEY0-30,Tyrese Maxey: 30+,0.37,0.42,0.395,0.4,0.05,886,875,886,6106.06,1,2026-02-20 03:00:00+00:00,237.75,,,,,,,,,0
Sports,KXNCAAMBTOTAL-26FEB05UTAUTU,UT Arlington at Utah Tech: Total Points,KXNCAAMBTOTAL-26FEB05UTAUTU-136,Over 136.5 points scored,0.58,0.64,0.61,0.55,0.06,296,296,296,6101.89,1,2026-02-20 02:00:00+00:00,236.75,,,,,,,,,0
Sports,KXR6GAME-26FEB06DAYFLCS,Six Invitational 2026: Daystar vs. Falcons Esport,KXR6GAME-26FEB06DAYFLCS-FLCS,Falcons Esport,0.91,0.95,0.93,0.88,0.04,1,0,1,6059.24,1,2026-02-20 10:00:00+00:00,244.75,,,,,,,,,0
Sports,KXNBA3PT-26FEB05PHILAL,Philadelphia at Los Angeles L: Three Pointers,KXNBA3PT-26FEB05PHILAL-LALAREAVES15-1,Austin Reaves: 1+,0.77,0.85,0.81,0.86,0.08,132,132,132,6057.63,1,2026-02-20 03:00:00+00:00,237.75,,,,,,,,,0
Sports,KXNBA3PT-26FEB05PHILAL,Philadelphia at Los Angeles L: Three Pointers,KXNBA3PT-26FEB05PHILAL-LALLDONCIC77-4,Luka Dončić: 4+,0.49,0.5,0.495,0.5,0.01,2848,2618,2848,6045.2,1,2026-02-20 03:00:00+00:00,237.75,,,,,,,,,0
Sports,KXNBAAST-26FEB05PHILAL,Philadelphia at Los Angeles L: Assists,KXNBAAST-26FEB05PHILAL-LALAREAVES15-6,Austin Reaves: 6+,0.18,0.19,0.185,0.18,0.01,1560,1560,1560,6033.37,1,2026-02-20 03:00:00+00:00,237.75,,,,,,,,,0
Sports,KXNCAAMBTOTAL-26FEB05MORESEMO,Morehead St. at Southeast Missouri St.: Total Points,KXNCAAMBTOTAL-26FEB05MORESEMO-152,Over 152.5 points scored,0.31,0.37,0.34,0.32,0.06,1,1,1,6024.81,1,2026-02-20 01:30:00+00:00,236.25,,,,,,,,,0
Sports,KXNBAREB-26FEB05PHILAL,Philadelphia at Los Angeles L: Rebounds,KXNBAREB-26FEB05PHILAL-LALLJAMES23-10,LeBron James: 10+,0.1,0.15,0.125,0.13,0.05,651,651,651,6012.78,1,2026-02-20 03:00:00+00:00,237.75,,,,,,,,,0
Sports,KXEKSTRAKLASAGAME-26JAN30RADARK,Radomiak Radom vs Arka Gdynia,KXEKSTRAKLASAGAME-26JAN30RADARK-TIE,Tie,0.07,0.74,0.405,0.07,0.67,829,10,522,6002.14,1,2026-02-13 19:30:00+00:00,86.25,0.0,0.0,0.0,0.0,0.0,0.0,1.0,0.0,7
Sports,KXNBASPREAD-26FEB05CHITOR,Chicago at Toronto: Spread,KXNBASPREAD-26FEB05CHITOR-CHI4,Chicago wins by over 4.5 Points,0.0,0.01,0.03,0.03,,3518,3518,2095,5978.96,1,2026-02-20 00:30:00+00:00,235.25,,,,,,,,,0
Sports,KXNBA3PT-26FEB05PHILAL,Philadelphia at Los Angeles L: Three Pointers,KXNBA3PT-26FEB05PHILAL-PHIVEDGECOMBE77-4,VJ Edgecombe: 4+,0.12,0.16,0.14,0.14,0.04,15,15,15,5973.37,1,2026-02-20 03:00:00+00:00,237.75,,,,,,,,,0
Sports,KXNCAAMBTOTAL-26FEB05MORESEMO,Morehead St. at Southeast Missouri St.: Total Points,KXNCAAMBTOTAL-26FEB05MORESEMO-140,Over 140.5 points scored,0.68,0.74,0.71,0.55,0.06,1296,1296,1231,5948.11,1,2026-02-20 01:30:00+00:00,236.25,,,,,,,,,0
Sports,KXNCAAMBTOTAL-26FEB05MORESEMO,Morehead St. at Southeast Missouri St.: Total Points,KXNCAAMBTOTAL-26FEB05MORESEMO-146,Over 146.5 points scored,0.5,0.55,0.525,0.39,0.05,4442,4442,4123,5943.64,1,2026-02-20 01:30:00+00:00,236.25,,,,,,,,,0
Sports,KXWOCURLGAME-26FEB06ITACHE,Italy vs Switzerland,KXWOCURLGAME-26FEB06ITACHE-ITA,Italy,0.06,0.97,0.515,0.74,0.91,196,196,196,5942.74,1,2026-02-20 09:05:00+00:00,243.84,,,,,,,,,0
Sports,KXNBA3PT-26FEB05PHILAL,Philadelphia at Los Angeles L: Three Pointers,KXNBA3PT-26FEB05PHILAL-LALLJAMES23-3,LeBron James: 3+,0.17,0.22,0.195,0.22,0.05,135,135,135,5940.78,1,2026-02-20 03:00:00+00:00,237.75,,,,,,,,,0
Sports,KXNCAAMBTOTAL-26FEB05MORESEMO,Morehead St. at Southeast Missouri St.: Total Points,KXNCAAMBTOTAL-26FEB05MORESEMO-137,Over 137.5 points scored,0.75,0.83,0.79,0.48,0.08,1920,1920,1890,5938.68,1,2026-02-20 01:30:00+00:00,236.25,,,,,,,,,0
Sports,KXNCAAMBTOTAL-26FEB05MORESEMO,Morehead St. at Southeast Missouri St.: Total Points,KXNCAAMBTOTAL-26FEB05MORESEMO-134,Over 134.5 points scored,0.8,0.91,0.855,0.73,0.11,83,83,83,5933.19,1,2026-02-20 01:30:00+00:00,236.25,,,,,,,,,0
Sports,KXNCAAWBGAME-26FEB05WEBUNCO,Weber St. at Northern Colorado,KXNCAAWBGAME-26FEB05WEBUNCO-UNCO,Northern Colorado,0.97,0.99,0.98,0.98,0.02,1025,658,996,5930.2,1,2026-02-20 01:00:00+00:00,235.75,,,,,,,,,0
Sports,KXVALORANTMAP-26FEB06EGNV-1,VCT Americas Kickoff 2026: Evil Geniuses vs. Team Envy Map 1,KXVALORANTMAP-26FEB06EGNV-1-NV,Team Envy,0.49,0.53,0.51,0.49,0.04,36,36,0,5915.63,1,2026-02-20 22:00:00+00:00,256.75,,,,,,,,,0
Sports,KXNCAAMBTOTAL-26FEB05UTAUTU,UT Arlington at Utah Tech: Total Points,KXNCAAMBTOTAL-26FEB05UTAUTU-154,Over 154.5 points scored,0.06,0.16,0.11,0.23,0.1,1,1,1,5914.54,1,2026-02-20 02:00:00+00:00,236.75,,,,,,,,,0
Sports,KXNCAAMBTOTAL-26FEB05MORESEMO,Morehead St. at Southeast Missouri St.: Total Points,KXNCAAMBTOTAL-26FEB05MORESEMO-143,Over 143.5 points scored,0.6,0.64,0.62,0.43,0.04,5033,5033,4260,5895.66,1,2026-02-20 01:30:00+00:00,236.25,,,,,,,,,0
Sports,KXNBATOTAL-26FEB05UTAATL,Utah at Atlanta: Total Points,KXNBATOTAL-26FEB05UTAATL-246,Over 246.5 points scored,0.16,0.31,0.235,0.19,0.15,79038,69874,50257,5860.28,1,2026-02-20 00:30:00+00:00,235.25,,,,,,,,,0
Sports,KXNBAAST-26FEB05PHILAL,Philadelphia at Los Angeles L: Assists,KXNBAAST-26FEB05PHILAL-LALLJAMES23-10,LeBron James: 10+,0.11,0.17,0.14,0.15,0.06,101,101,101,5805.07,1,2026-02-20 03:00:00+00:00,237.75,,,,,,,,,0
Sports,KXVALORANTMAP-26FEB06T1PR-2,VCT Pacific Kickoff 2026: T1 vs. Paper Rex Map 2,KXVALORANTMAP-26FEB06T1PR-2-T1,T1,0.45,0.49,0.47,0.49,0.04,20,0,20,5798.56,1,2026-02-20 11:00:00+00:00,245.75,,,,,,,,,0
Sports,KXNCAAMBTOTAL-26FEB05UTAUTU,UT Arlington at Utah Tech: Total Points,KXNCAAMBTOTAL-26FEB05UTAUTU-145,Over 145.5 points scored,0.28,0.35,0.315,0.35,0.07,16,0,16,5753.69,1,2026-02-20 02:00:00+00:00,236.75,,,,,,,,,0
Sports,KXNBAAST-26FEB05PHILAL,Philadelphia at Los Angeles L: Assists,KXNBAAST-26FEB05PHILAL-LALLDONCIC77-8,Luka Dončić: 8+,0.62,0.7,0.66,0.64,0.08,1585,1585,1574,5723.99,1,2026-02-20 03:00:00+00:00,237.75,,,,,,,,,0
Sports,KXNBAREB-26FEB05PHILAL,Philadelphia at Los Angeles L: Rebounds,KXNBAREB-26FEB05PHILAL-LALLDONCIC77-10,Luka Dončić: 10+,0.32,0.39,0.355,0.4,0.07,764,230,764,5699.03,1,2026-02-20 03:00:00+00:00,237.75,,,,,,,,,0
Sports,KXNBA3PT-26FEB05PHILAL,Philadelphia at Los Angeles L: Three Pointers,KXNBA3PT-26FEB05PHILAL-LALAREAVES15-3,Austin Reaves: 3+,0.27,0.31,0.29,0.32,0.04,688,688,688,5679.85,1,2026-02-20 03:00:00+00:00,237.75,,,,,,,,,0
Sports,KXNBASPREAD-26FEB05CHITOR,Chicago at Toronto: Spread,KXNBASPREAD-26FEB05CHITOR-CHI1,Chicago wins by over 1.5 Points,0.0,0.01,0.01,0.01,,14897,8522,14045,5663.11,1,2026-02-20 00:30:00+00:00,235.25,,,,,,,,,0
Sports,KXCS2MAP-26FEB06FURIAAUR-1,IEM Krakow 2026: FURIA vs. Aurora Gaming Map 1,KXCS2MAP-26FEB06FURIAAUR-1-AUR,Aurora Gaming,0.36,0.4,0.38,0.4,0.04,31,23,31,5653.34,1,2026-02-20 14:45:00+00:00,249.5,,,,,,,,,0
Sports,KXNBASPREAD-26FEB05CHITOR,Chicago at Toronto: Spread,KXNBASPREAD-26FEB05CHITOR-CHI7,Chicago wins by over 7.5 Points,0.0,0.01,0.01,0.01,,2574,2574,2112,5619.32,1,2026-02-20 00:30:00+00:00,235.25,,,,,,,,,0
Sports,KXNBAREB-26FEB05PHILAL,Philadelphia at Los Angeles L: Rebounds,KXNBAREB-26FEB05PHILAL-LALLDONCIC77-12,Luka Dončić: 12+,0.15,0.22,0.185,0.15,0.07,50,50,50,5613.06,1,2026-02-20 03:00:00+00:00,237.75,,,,,,,,,0
Sports,KXNBA3PT-26FEB05PHILAL,Philadelphia at Los Angeles L: Three Pointers,KXNBA3PT-26FEB05PHILAL-PHIVEDGECOMBE77-3,VJ Edgecombe: 3+,0.3,0.33,0.315,0.31,0.03,149,149,149,5600.03,1,2026-02-20 03:00:00+00:00,237.75,,,,,,,,,0
Sports,KXVALORANTMAP-26FEB06T1PR-1,VCT Pacific Kickoff 2026: T1 vs. Paper Rex Map 1,KXVALORANTMAP-26FEB06T1PR-1-T1,T1,0.45,0.49,0.47,0.49,0.04,20,0,20,5590.25,1,2026-02-20 11:00:00+00:00,245.75,,,,,,,,,0
Sports,KXNCAAMBSPREAD-26FEB05NAUIDST,Northern Arizona at Idaho St.: Spread,KXNCAAMBSPREAD-26FEB05NAUIDST-IDST8,Idaho St. wins by over 8.5 Points,0.1,0.23,0.165,0.23,0.13,20051,20051,13720,5584.98,1,2026-02-20 02:00:00+00:00,236.75,,,,,,,,,0
Sports,KXR6GAME-26FEB06FXM80,Six Invitational 2026: FearX vs. M80,KXR6GAME-26FEB06FXM80-M80,M80,0.91,0.95,0.93,0.94,0.04,41,30,41,5548.59,1,2026-02-20 13:30:00+00:00,248.25,,,,,,,,,0
Sports,KXNBA2D-26FEB05PHILAL,Philadelphia at Los Angeles L: Double Doubles,KXNBA2D-26FEB05PHILAL-LALLJAMES23,LeBron James,0.15,0.24,0.195,0.25,0.09,792,792,790,5522.78,1,2026-02-20 03:00:00+00:00,237.75,,,,,,,,,0
Sports,KXNHLGOAL-26FEB05LAVGK,LA Kings at VGK Golden Knights: Anytime Goal,KXNHLGOAL-26FEB05LAVGK-VGKJEICHEL9,Jack Eichel,0.0,0.35,0.35,0.35,,284,257,284,5514.7,1,2026-02-20 03:00:00+00:00,237.75,,,,,,,,,0
Sports,KXNHLGOAL-26FEB05LAVGK,LA Kings at VGK Golden Knights: Anytime Goal,KXNHLGOAL-26FEB05LAVGK-LAAKEMPE9,Adrian Kempe,0.0,0.32,0.32,0.32,,448,434,448,5507.75,1,2026-02-20 03:00:00+00:00,237.75,,,,,,,,,0
Sports,KXNBATOTAL-26FEB05UTAATL,Utah at Atlanta: Total Points,KXNBATOTAL-26FEB05UTAATL-243,Over 243.5 points scored,0.12,0.45,0.285,0.12,0.33,173477,166748,101759,5400.54,1,2026-02-20 00:30:00+00:00,235.25,,,,,,,,,0
Sports,KXNCAAMBTOTAL-26FEB05NEOMUND,Omaha at North Dakota: Total Points,KXNCAAMBTOTAL-26FEB05NEOMUND-140,Over 140.5 points scored,0.35,0.38,0.365,0.42,0.03,651,48,618,5366.89,1,2026-02-20 01:00:00+00:00,235.75,,,,,,,,,0
Sports,KXNBA3PT-26FEB05PHILAL,Philadelphia at Los Angeles L: Three Pointers,KXNBA3PT-26FEB05PHILAL-LALLDONCIC77-2,Luka Dončić: 2+,0.83,0.89,0.86,0.91,0.06,127,127,127,5349.96,1,2026-02-20 03:00:00+00:00,237.75,,,,,,,,,0
Sports,KXNCAAMBTOTAL-26FEB05NEOMUND,Omaha at North Dakota: Total Points,KXNCAAMBTOTAL-26FEB05NEOMUND-149,Over 149.5 points scored,0.07,0.13,0.1,0.21,0.06,5472,5472,4658,5342.38,1,2026-02-20 01:00:00+00:00,235.75,,,,,,,,,0
Sports,KXNBAREB-26FEB05PHILAL,Philadelphia at Los Angeles L: Rebounds,KXNBAREB-26FEB05PHILAL-LALLJAMES23-8,LeBron James: 8+,0.27,0.32,0.295,0.3,0.05,663,663,663,5337.01,1,2026-02-20 03:00:00+00:00,237.75,,,,,,,,,0
Sports,KXNCAAMBSPREAD-26FEB05NAUIDST,Northern Arizona at Idaho St.: Spread,KXNCAAMBSPREAD-26FEB05NAUIDST-IDST5,Idaho St. wins by over 5.5 Points,0.22,0.34,0.28,0.57,0.12,392,392,387,5305.99,1,2026-02-20 02:00:00+00:00,236.75,,,,,,,,,0
Sports,KXNCAAMBTOTAL-26FEB05NEOMUND,Omaha at North Dakota: Total Points,KXNCAAMBTOTAL-26FEB05NEOMUND-137,Over 137.5 points scored,0.45,0.52,0.485,0.74,0.07,65,65,65,5302.33,1,2026-02-20 01:00:00+00:00,235.75,,,,,,,,,0
Sports,KXWOCURLGAME-26FEB06CZEUSA,Czechia vs United States,KXWOCURLGAME-26FEB06CZEUSA-USA,United States,0.02,0.98,0.5,0.77,0.96,248,248,248,5291.05,1,2026-02-20 13:35:00+00:00,248.34,,,,,,,,,0
Sports,KXNCAAMBTOTAL-26FEB05MORESEMO,Morehead St. at Southeast Missouri St.: Total Points,KXNCAAMBTOTAL-26FEB05MORESEMO-149,Over 149.5 points scored,0.42,0.46,0.44,0.42,0.04,1052,969,1052,5278.08,1,2026-02-20 01:30:00+00:00,236.25,,,,,,,,,0
Sports,KXWOCURLGAME-26FEB06ESTITA,Estonia vs Italy,KXWOCURLGAME-26FEB06ESTITA-ITA,Italy,0.66,0.74,0.7,0.74,0.08,2,2,2,5273.06,1,2026-02-20 13:35:00+00:00,248.34,,,,,,,,,0
Sports,KXLOLMAP-26FEB06MVKTSW-1,LCP 2026: MVK Esports vs. Team Secret Whales Map 1,KXLOLMAP-26FEB06MVKTSW-1-TSW,Team Secret Whales,0.65,0.68,0.665,0.68,0.03,17,17,17,5258.85,1,2026-02-20 06:00:00+00:00,240.75,,,,,,,,,0
Sports,KXNBAAST-26FEB05PHILAL,Philadelphia at Los Angeles L: Assists,KXNBAAST-26FEB05PHILAL-LALLJAMES23-8,LeBron James: 8+,0.3,0.36,0.33,0.34,0.06,192,192,192,5242.45,1,2026-02-20 03:00:00+00:00,237.75,,,,,,,,,0
Sports,KXNCAAMBTOTAL-26FEB05UTAUTU,UT Arlington at Utah Tech: Total Points,KXNCAAMBTOTAL-26FEB05UTAUTU-139,Over 139.5 points scored,0.48,0.53,0.505,0.54,0.05,17787,17396,15024,5227.4,1,2026-02-20 02:00:00+00:00,236.75,,,,,,,,,0
Sports,KXNCAAMBSPREAD-26FEB05MORESEMO,Morehead St. at Southeast Missouri St.: Spread,KXNCAAMBSPREAD-26FEB05MORESEMO-SEMO11,Southeast Missouri St. wins by over 11.5 Points,0.62,0.73,0.675,0.43,0.11,113,113,113,5195.74,1,2026-02-20 01:30:00+00:00,236.25,,,,,,,,,0
Sports,KXNBA3PT-26FEB05PHILAL,Philadelphia at Los Angeles L: Three Pointers,KXNBA3PT-26FEB05PHILAL-LALAREAVES15-5,Austin Reaves: 5+,0.02,0.07,0.045,0.08,0.05,248,248,248,5152.69,1,2026-02-20 03:00:00+00:00,237.75,,,,,,,,,0
Sports,KXNBA3PT-26FEB05PHILAL,Philadelphia at Los Angeles L: Three Pointers,KXNBA3PT-26FEB05PHILAL-PHIVEDGECOMBE77-5,VJ Edgecombe: 5+,0.03,0.05,0.04,0.06,0.02,10,10,10,5141.95,1,2026-02-20 03:00:00+00:00,237.75,,,,,,,,,0
Sports,KXNBAAST-26FEB05PHILAL,Philadelphia at Los Angeles L: Assists,KXNBAAST-26FEB05PHILAL-LALLDONCIC77-9,Luka Dončić: 9+,0.5,0.55,0.525,0.52,0.05,94,72,94,5131.25,1,2026-02-20 03:00:00+00:00,237.75,,,,,,,,,0
Sports,KXNBA3PT-26FEB05PHILAL,Philadelphia at Los Angeles L: Three Pointers,KXNBA3PT-26FEB05PHILAL-PHITMAXEY0-5,Tyrese Maxey: 5+,0.22,0.29,0.255,0.28,0.07,778,778,778,5121.57,1,2026-02-20 03:00:00+00:00,237.75,,,,,,,,,0
Sports,KXNCAAMBTOTAL-26FEB05NEOMUND,Omaha at North Dakota: Total Points,KXNCAAMBTOTAL-26FEB05NEOMUND-146,Over 146.5 points scored,0.14,0.21,0.175,0.21,0.07,3127,2825,2678,5071.33,1,2026-02-20 01:00:00+00:00,235.75,,,,,,,,,0
Sports,KXNCAAMBTOTAL-26FEB05JVSTWKU,Jacksonville St. at Western Kentucky: Total Points,KXNCAAMBTOTAL-26FEB05JVSTWKU-145,Over 145.5 points scored,0.2,0.29,0.245,0.09,0.09,110,110,110,5063.56,1,2026-02-20 02:00:00+00:00,236.75,,,,,,,,,0
Sports,KXNCAAMBTOTAL-26FEB05JVSTWKU,Jacksonville St. at Western Kentucky: Total Points,KXNCAAMBTOTAL-26FEB05JVSTWKU-136,Over 136.5 points scored,0.45,0.49,0.47,0.49,0.04,830,389,819,5057.3,1,2026-02-20 02:00:00+00:00,236.75,,,,,,,,,0
Sports,KXNBA3PT-26FEB05PHILAL,Philadelphia at Los Angeles L: Three Pointers,KXNBA3PT-26FEB05PHILAL-LALLJAMES23-4,LeBron James: 4+,0.05,0.08,0.065,0.09,0.03,692,692,692,5055.83,1,2026-02-20 03:00:00+00:00,237.75,,,,,,,,,0
Sports,KXNHLGOAL-26FEB05LAVGK,LA Kings at VGK Golden Knights: Anytime Goal,KXNHLGOAL-26FEB05LAVGK-VGKMMARNER93,Mitch Marner,0.0,0.29,0.3,0.3,,1035,1035,1035,5038.84,1,2026-02-20 03:00:00+00:00,237.75,,,,,,,,,0
Sports,KXNHLGOAL-26FEB05LAVGK,LA Kings at VGK Golden Knights: Anytime Goal,KXNHLGOAL-26FEB05LAVGK-LACPERRY10,Corey Perry,0.0,0.24,0.25,0.25,,1,1,1,5035.71,1,2026-02-20 03:00:00+00:00,237.75,,,,,,,,,0
Sports,KXNCAAMBTOTAL-26FEB05JVSTWKU,Jacksonville St. at Western Kentucky: Total Points,KXNCAAMBTOTAL-26FEB05JVSTWKU-130,Over 130.5 points scored,0.62,0.64,0.63,0.58,0.02,5572,4326,5211,5027.12,1,2026-02-20 02:00:00+00:00,236.75,,,,,,,,,0
Sports,KXNBASTL-26FEB05PHILAL,Philadelphia at Los Angeles L: Steals,KXNBASTL-26FEB05PHILAL-LALAREAVES15-1,Austin Reaves: 1+,0.09,0.63,0.36,0.55,0.54,352,352,352,5025.97,1,2026-02-20 03:00:00+00:00,237.75,,,,,,,,,0
Sports,KXNCAAMBTOTAL-26FEB05NEOMUND,Omaha at North Dakota: Total Points,KXNCAAMBTOTAL-26FEB05NEOMUND-134,Over 134.5 points scored,0.61,0.65,0.63,0.71,0.04,1132,1129,1129,4985.36,1,2026-02-20 01:00:00+00:00,235.75,,,,,,,,,0
Sports,KXNHLGOAL-26FEB05LAVGK,LA Kings at VGK Golden Knights: Anytime Goal,KXNHLGOAL-26FEB05LAVGK-VGKIBARBASHEV49,Ivan Barbashev,0.0,0.23,0.23,0.23,,1350,1305,1350,4984.24,1,2026-02-20 03:00:00+00:00,237.75,,,,,,,,,0
Sports,KXNCAAMBTOTAL-26FEB05JVSTWKU,Jacksonville St. at Western Kentucky: Total Points,KXNCAAMBTOTAL-26FEB05JVSTWKU-139,Over 139.5 points scored,0.36,0.39,0.375,0.41,0.03,4484,3736,3852,4982.95,1,2026-02-20 02:00:00+00:00,236.75,,,,,,,,,0
Sports,KXNCAAMBSPREAD-26FEB05NAUIDST,Northern Arizona at Idaho St.: Spread,KXNCAAMBSPREAD-26FEB05NAUIDST-IDST11,Idaho St. wins by over 11.5 Points,0.03,0.16,0.095,0.37,0.13,34,34,0,4964.7,1,2026-02-20 02:00:00+00:00,236.75,,,,,,,,,0
Sports,KXNCAAMBTOTAL-26FEB05UTAUTU,UT Arlington at Utah Tech: Total Points,KXNCAAMBTOTAL-26FEB05UTAUTU-127,Over 127.5 points scored,0.79,0.9,0.845,0.82,0.11,142,142,142,4950.46,1,2026-02-20 02:00:00+00:00,236.75,,,,,,,,,0
Sports,KXNCAAMBSPREAD-26FEB05MORESEMO,Morehead St. at Southeast Missouri St.: Spread,KXNCAAMBSPREAD-26FEB05MORESEMO-SEMO5,Southeast Missouri St. wins by over 5.5 Points,0.81,0.95,0.88,0.56,0.14,380,380,380,4919.57,1,2026-02-20 01:30:00+00:00,236.25,,,,,,,,,0
Sports,KXNHLGOAL-26FEB05LAVGK,LA Kings at VGK Golden Knights: Anytime Goal,KXNHLGOAL-26FEB05LAVGK-LAAKUZMENKO96,Andrei Kuzmenko,0.0,0.22,0.23,0.23,,64,64,64,4887.21,1,2026-02-20 03:00:00+00:00,237.75,,,,,,,,,0
Sports,KXNBASTL-26FEB05PHILAL,Philadelphia at Los Angeles L: Steals,KXNBASTL-26FEB05PHILAL-PHITMAXEY0-3,Tyrese Maxey: 3+,0.2,0.31,0.255,0.3,0.11,23,23,23,4886.54,1,2026-02-20 03:00:00+00:00,237.75,,,,,,,,,0
Sports,KXNHLGOAL-26FEB05LAVGK,LA Kings at VGK Golden Knights: Anytime Goal,KXNHLGOAL-26FEB05LAVGK-LAALAFERRIERE14,Alex Laferriere,0.0,0.23,0.23,0.23,,89,85,89,4880.7,1,2026-02-20 03:00:00+00:00,237.75,,,,,,,,,0
Sports,KXNCAAMBTOTAL-26FEB05JVSTWKU,Jacksonville St. at Western Kentucky: Total Points,KXNCAAMBTOTAL-26FEB05JVSTWKU-133,Over 133.5 points scored,0.52,0.56,0.54,0.58,0.04,7373,1338,7138,4858.2,1,2026-02-20 02:00:00+00:00,236.75,,,,,,,,,0
Sports,KXNCAAMBTOTAL-26FEB05JVSTWKU,Jacksonville St. at Western Kentucky: Total Points,KXNCAAMBTOTAL-26FEB05JVSTWKU-142,Over 142.5 points scored,0.27,0.35,0.31,0.41,0.08,201,201,1,4837.81,1,2026-02-20 02:00:00+00:00,236.75,,,,,,,,,0
Sports,KXNBASTL-26FEB05PHILAL,Philadelphia at Los Angeles L: Steals,KXNBASTL-26FEB05PHILAL-PHITMAXEY0-2,Tyrese Maxey: 2+,0.47,0.59,0.53,0.59,0.12,780,780,780,4837.66,1,2026-02-20 03:00:00+00:00,237.75,,,,,,,,,0
Sports,KXNBATOTAL-26FEB05UTAATL,Utah at Atlanta: Total Points,KXNBATOTAL-26FEB05UTAATL-237,Over 237.5 points scored,0.58,0.95,0.765,0.58,0.37,38577,38414,25450,4809.94,1,2026-02-20 00:30:00+00:00,235.25,,,,,,,,,0
Sports,KXNHLGOAL-26FEB05LAVGK,LA Kings at VGK Golden Knights: Anytime Goal,KXNHLGOAL-26FEB05LAVGK-LAKFIALA22,Kevin Fiala,0.0,0.3,0.3,0.3,,1853,1853,1853,4806.39,1,2026-02-20 03:00:00+00:00,237.75,,,,,,,,,0
Sports,KXNHLGOAL-26FEB05LAVGK,LA Kings at VGK Golden Knights: Anytime Goal,KXNHLGOAL-26FEB05LAVGK-VGKTHERTL48,Tomas Hertl,0.0,0.31,0.29,0.29,,4090,4090,4090,4790.56,1,2026-02-20 03:00:00+00:00,237.75,,,,,,,,,0
Sports,KXNCAAMBTOTAL-26FEB05WIUTNTC,Western Illinois at Tennessee Tech: Total Points,KXNCAAMBTOTAL-26FEB05WIUTNTC-148,Over 148.5 points scored,0.78,0.79,0.785,0.78,0.01,934,934,934,4757.92,1,2026-02-20 01:30:00+00:00,236.25,,,,,,,,,0
Sports,KXNCAAMBTOTAL-26FEB05WIUTNTC,Western Illinois at Tennessee Tech: Total Points,KXNCAAMBTOTAL-26FEB05WIUTNTC-145,Over 145.5 points scored,0.83,0.92,0.875,0.79,0.09,876,876,839,4757.38,1,2026-02-20 01:30:00+00:00,236.25,,,,,,,,,0
Sports,KXNHLGOAL-26FEB05LAVGK,LA Kings at VGK Golden Knights: Anytime Goal,KXNHLGOAL-26FEB05LAVGK-LAAKOPITAR11,Anze Kopitar,0.0,0.19,0.2,0.2,,18,18,18,4711.94,1,2026-02-20 03:00:00+00:00,237.75,,,,,,,,,0
Sports,KXNBAALLSTARS-26,Pro Basketball All Stars?,KXNBAALLSTARS-26-MPOR,Michael Porter Jr.,0.05,0.18,0.115,0.13,0.13,28451,44,9260,4675.28,1,2026-02-17 15:00:00+00:00,177.75,5.533333,0.814815,0.814815,-1.642857,0.759259,1.453701,1.4723,1.911544,15
Sports,KXNBASTL-26FEB05GSWPHX,Golden State at Phoenix: Steals,KXNBASTL-26FEB05GSWPHX-GSWDGREEN23-2,Draymond Green: 2+,0.02,0.29,0.155,0.29,0.27,100,100,100,4650.64,1,2026-02-20 03:00:00+00:00,237.75,,,,,,,,,0
Sports,KXNHLSPREAD-26FEB05NSHWSH,Nashville at Washington: Spread,KXNHLSPREAD-26FEB05NSHWSH-WSH2,Washington wins by over 2.5 goals,0.52,0.68,0.6,0.52,0.16,6399,4764,4756,4649.94,1,2026-02-20 00:00:00+00:00,234.75,,,,,,,,,0
Sports,KXNHLGOAL-26FEB05LAVGK,LA Kings at VGK Golden Knights: Anytime Goal,KXNHLGOAL-26FEB05LAVGK-LAQBYFIELD55,Quinton Byfield,0.0,0.2,0.2,0.2,,535,535,535,4636.84,1,2026-02-20 03:00:00+00:00,237.75,,,,,,,,,0
Sports,KXNFLCELEBRITYGAME-26,PrizePicks Creator Games Winner,KXNFLCELEBRITYGAME-26-SSAF,Sara Saffari,0.01,0.06,0.035,0.06,0.05,973,849,973,4601.56,1,2026-02-20 00:00:00+00:00,234.75,,,,,,,,,0
Sports,KXNBA3PT-26FEB05PHILAL,Philadelphia at Los Angeles L: Three Pointers,KXNBA3PT-26FEB05PHILAL-LALAREAVES15-4,Austin Reaves: 4+,0.11,0.14,0.125,0.15,0.03,688,677,688,4594.29,1,2026-02-20 03:00:00+00:00,237.75,,,,,,,,,0
Sports,KXNCAAMBTOTAL-26FEB05EWUMONT,Eastern Washington at Montana: Total Points,KXNCAAMBTOTAL-26FEB05EWUMONT-157,Over 157.5 points scored,0.15,0.26,0.205,0.25,0.11,110,0,110,4570.23,1,2026-02-20 02:00:00+00:00,236.75,,,,,,,,,0
Sports,KXWOCURLGAME-26FEB06ITACHE,Italy vs Switzerland,KXWOCURLGAME-26FEB06ITACHE-CHE,Switzerland,0.01,0.97,0.49,0.36,0.96,2000,2000,2000,4521.91,1,2026-02-20 09:05:00+00:00,243.84,,,,,,,,,0
Sports,KXATPCHALLENGERMATCH-26FEB06FELBRA,Fellin vs Brancaccio,KXATPCHALLENGERMATCH-26FEB06FELBRA-FEL,Pietro Orlando Fellin,0.33,0.36,0.345,0.33,0.03,12,12,0,4517.3,1,2026-02-20 13:10:00+00:00,247.92,,,,,,,,,0
Sports,KXNBAAST-26FEB05PHILAL,Philadelphia at Los Angeles L: Assists,KXNBAAST-26FEB05PHILAL-PHIVEDGECOMBE77-8,VJ Edgecombe: 8+,0.05,0.08,0.065,0.01,0.03,2198,2198,2198,4508.66,1,2026-02-20 03:00:00+00:00,237.75,,,,,,,,,0
Sports,KXNHLGOAL-26FEB05LAVGK,LA Kings at VGK Golden Knights: Anytime Goal,KXNHLGOAL-26FEB05LAVGK-VGKPDOROFEYEV16,Pavel Dorofeyev,0.0,0.3,0.3,0.3,,2469,2448,2469,4498.68,1,2026-02-20 03:00:00+00:00,237.75,,,,,,,,,0
Sports,KXNBAALLSTARS-26,Pro Basketball All Stars?,KXNBAALLSTARS-26-LMAR,Lauri Markkanen,0.02,0.5,0.26,0.01,0.48,17047,23,6639,4486.41,1,2026-02-17 15:00:00+00:00,177.75,0.0,0.0,0.0,0.0,0.0,0.0,1.0,0.0,6
Sports,KXNBATOTAL-26FEB05UTAATL,Utah at Atlanta: Total Points,KXNBATOTAL-26FEB05UTAATL-255,Over 255.5 points scored,0.07,0.22,0.145,0.06,0.15,21135,20700,16838,4453.75,1,2026-02-20 00:30:00+00:00,235.25,,,,,,,,,0
Sports,KXWOWHOCKEY-26FEB06FRAJPN,France vs Japan,KXWOWHOCKEY-26FEB06FRAJPN-FRA,France,0.1,0.35,0.225,0.18,0.25,181,181,181,4442.21,1,2026-02-20 11:10:00+00:00,245.92,,,,,,,,,0
Sports,KXNFLCELEBRITYGAME-26,PrizePicks Creator Games Winner,KXNFLCELEBRITYGAME-26-SKET,Sketch,0.0,0.06,0.04,0.04,,1058,939,1058,4422.08,1,2026-02-20 00:00:00+00:00,234.75,,,,,,,,,0
Sports,KXNHLPTS-26FEB05LAVGK,LA Kings at VGK Golden Knights: Points,KXNHLPTS-26FEB05LAVGK-VGKJEICHEL9-2,Jack Eichel: 2+,0.0,0.44,0.42,0.42,,572,572,572,4391.24,1,2026-02-20 03:00:00+00:00,237.75,,,,,,,,,0
Sports,KXNBASPREAD-26FEB05CHAHOU,Charlotte at Houston: Spread,KXNBASPREAD-26FEB05CHAHOU-HOU12,Houston wins by over 12.5 Points,0.01,0.39,0.2,0.03,0.38,14114,13714,8689,4382.86,1,2026-02-20 01:00:00+00:00,235.75,,,,,,,,,0
Sports,KXNCAAMBTOTAL-26FEB05WIUTNTC,Western Illinois at Tennessee Tech: Total Points,KXNCAAMBTOTAL-26FEB05WIUTNTC-142,Over 142.5 points scored,0.9,0.96,0.93,0.79,0.06,5175,5175,4893,4342.99,1,2026-02-20 01:30:00+00:00,236.25,,,,,,,,,0
Sports,KXWOWHOCKEY-26FEB06FRAJPN,France vs Japan,KXWOWHOCKEY-26FEB06FRAJPN-JPN,Japan,0.79,0.87,0.83,0.87,0.08,44,44,44,4340.26,1,2026-02-20 11:10:00+00:00,245.92,,,,,,,,,0
Sports,KXNFLCELEBRITYGAME-26,PrizePicks Creator Games Winner,KXNFLCELEBRITYGAME-26-DIEG,Diego,0.01,0.98,0.495,0.02,0.97,2352,2324,1778,4332.17,1,2026-02-20 00:00:00+00:00,234.75,,,,,,,,,0
Sports,KXWOWHOCKEY-26FEB06CZECHE,Czech Republic vs Switzerland,KXWOWHOCKEY-26FEB06CZECHE-CZE,Czech Republic,0.51,0.86,0.685,0.87,0.35,6,6,6,4325.6,1,2026-02-20 13:40:00+00:00,248.42,,,,,,,,,0
Sports,KXNHLPTS-26FEB05LAVGK,LA Kings at VGK Golden Knights: Points,KXNHLPTS-26FEB05LAVGK-LAAKOPITAR11-1,Anze Kopitar: 1+,0.0,0.41,0.4,0.4,,24,24,24,4288.5,1,2026-02-20 03:00:00+00:00,237.75,,,,,,,,,0
Sports,KXWOWHOCKEY-26FEB05FINCAN,Finland vs Canada,KXWOWHOCKEY-26FEB05FINCAN-CAN,Canada,0.63,0.96,0.795,0.62,0.33,2582,2581,2561,4275.88,1,2026-02-19 20:10:00+00:00,230.92,0.0,-0.010417,-0.010417,-0.03609,0.051546,0.023726,0.9082,0.052687,20
Sports,KXNBASTL-26FEB05GSWPHX,Golden State at Phoenix: Steals,KXNBASTL-26FEB05GSWPHX-GSWDGREEN23-1,Draymond Green: 1+,0.4,0.66,0.53,0.62,0.26,10,10,10,4247.7,1,2026-02-20 03:00:00+00:00,237.75,,,,,,,,,0
Sports,KXNHLGOAL-26FEB05LAVGK,LA Kings at VGK Golden Knights: Anytime Goal,KXNHLGOAL-26FEB05LAVGK-VGKSTHEODORE27,Shea Theodore,0.0,0.13,0.12,0.12,,330,330,330,4236.92,1,2026-02-20 03:00:00+00:00,237.75,,,,,,,,,0
Sports,KXNHLGOAL-26FEB05LAVGK,LA Kings at VGK Golden Knights: Anytime Goal,KXNHLGOAL-26FEB05LAVGK-LABCLARKE92,Brandt Clarke,0.0,0.11,0.11,0.11,,34,17,34,4225.35,1,2026-02-20 03:00:00+00:00,237.75,,,,,,,,,0
Sports,KXNHLGOAL-26FEB05LAVGK,LA Kings at VGK Golden Knights: Anytime Goal,KXNHLGOAL-26FEB05LAVGK-VGKBBOWMAN42,Braeden Bowman,0.0,0.14,0.14,0.14,,73,67,73,4222.78,1,2026-02-20 03:00:00+00:00,237.75,,,,,,,,,0
Sports,KXNCAAMBTOTAL-26FEB05USIUTM,Southern Indiana at Tennessee-Martin: Total Points,KXNCAAMBTOTAL-26FEB05USIUTM-130,Over 130.5 points scored,0.29,0.51,0.4,0.42,0.22,12524,12193,11860,4172.36,1,2026-02-20 01:30:00+00:00,236.25,,,,,,,,,0
Sports,KXNBASPREAD-26FEB05UTAATL,Utah at Atlanta: Spread,KXNBASPREAD-26FEB05UTAATL-UTA2,Utah wins by over 2.5 Points,0.54,0.63,0.585,0.53,0.09,60868,45566,35473,4103.02,1,2026-02-20 00:30:00+00:00,235.25,,,,,,,,,0
Sports,KXNCAAMBTOTAL-26FEB05EWUMONT,Eastern Washington at Montana: Total Points,KXNCAAMBTOTAL-26FEB05EWUMONT-148,Over 148.5 points scored,0.43,0.52,0.475,0.48,0.09,8527,8497,8003,4048.74,1,2026-02-20 02:00:00+00:00,236.75,,,,,,,,,0
Sports,KXLOLTOTALMAPS-26FEB06GZCFO,LCP 2026: Ground Zero Gaming vs. CTBC Flying Oyster Total Maps,KXLOLTOTALMAPS-26FEB06GZCFO-3,Over 2.5 maps,0.36,0.4,0.38,0.4,0.04,13,5,13,4029.0,1,2026-02-20 08:30:00+00:00,243.25,,,,,,,,,0
Sports,KXNBASPREAD-26FEB05CHAHOU,Charlotte at Houston: Spread,KXNBASPREAD-26FEB05CHAHOU-HOU18,Houston wins by over 18.5 Points,0.01,0.04,0.025,0.01,0.03,21163,21163,20884,3996.48,1,2026-02-20 01:00:00+00:00,235.75,,,,,,,,,0
Sports,KXNBAAST-26FEB05PHILAL,Philadelphia at Los Angeles L: Assists,KXNBAAST-26FEB05PHILAL-LALLDONCIC77-10,Luka Dončić: 10+,0.37,0.43,0.4,0.4,0.06,1023,860,1023,3996.39,1,2026-02-20 03:00:00+00:00,237.75,,,,,,,,,0
Sports,KXNCAAMBSPREAD-26FEB05EWUMONT,Eastern Washington at Montana: Spread,KXNCAAMBSPREAD-26FEB05EWUMONT-MONT12,Montana wins by over 12.5 Points,0.13,0.27,0.2,0.31,0.14,102,102,102,3994.36,1,2026-02-20 02:00:00+00:00,236.75,,,,,,,,,0
Sports,KXNBATOTAL-26FEB05CHITOR,Chicago at Toronto: Total Points,KXNBATOTAL-26FEB05CHITOR-235,Over 235.5 points scored,0.12,0.2,0.16,0.12,0.08,27366,23689,10433,3993.14,1,2026-02-20 00:30:00+00:00,235.25,,,,,,,,,0
Sports,KXNBASTL-26FEB05PHILAL,Philadelphia at Los Angeles L: Steals,KXNBASTL-26FEB05PHILAL-LALLJAMES23-2,LeBron James: 2+,0.01,0.37,0.19,0.35,0.36,25,25,25,3990.26,1,2026-02-20 03:00:00+00:00,237.75,,,,,,,,,0
Sports,KXNBABLK-26FEB05PHILAL,Philadelphia at Los Angeles L: Blocks,KXNBABLK-26FEB05PHILAL-LALLJAMES23-2,LeBron James: 2+,0.0,0.25,0.2,0.2,,216,22,216,3977.3,1,2026-02-20 03:00:00+00:00,237.75,,,,,,,,,0
Sports,KXNBASPREAD-26FEB05UTAATL,Utah at Atlanta: Spread,KXNBASPREAD-26FEB05UTAATL-ATL7,Atlanta wins by over 7.5 Points,0.04,0.17,0.105,0.04,0.13,83081,81982,50819,3956.47,1,2026-02-20 00:30:00+00:00,235.25,,,,,,,,,0
Sports,KXNBAALLSTARS-263PT,Pro Basketball 3-Point Contest Participants?,KXNBAALLSTARS-263PT-KKNU,Kon Knueppel,0.17,1.0,0.585,0.99,0.83,20,0,20,3943.75,1,2026-02-16 03:00:00+00:00,141.75,,,,,,,,,0
Sports,KXNCAAMBTOTAL-26FEB05EWUMONT,Eastern Washington at Montana: Total Points,KXNCAAMBTOTAL-26FEB05EWUMONT-145,Over 145.5 points scored,0.53,0.59,0.56,0.59,0.06,3593,3169,3533,3891.61,1,2026-02-20 02:00:00+00:00,236.75,,,,,,,,,0
Sports,KXNCAAMBTOTAL-26FEB05USIUTM,Southern Indiana at Tennessee-Martin: Total Points,KXNCAAMBTOTAL-26FEB05USIUTM-127,Over 127.5 points scored,0.35,0.68,0.515,0.52,0.33,4390,3838,3322,3885.51,1,2026-02-20 01:30:00+00:00,236.25,,,,,,,,,0
Sports,KXNCAAWBGAME-26FEB05CBUTARL,California Baptist at Tarleton St.,KXNCAAWBGAME-26FEB05CBUTARL-CBU,California Baptist,0.99,1.0,0.995,0.99,0.01,5995,5939,5980,3864.8,1,2026-02-20 01:00:00+00:00,235.75,,,,,,,,,0
Sports,KXNHLTOTAL-26FEB05FLATB,Florida at Tampa Bay: Total Points,KXNHLTOTAL-26FEB05FLATB-6,Over 6.5 goals scored,0.19,0.63,0.41,0.18,0.44,56474,55484,36180,3853.54,1,2026-02-20 00:30:00+00:00,235.25,,,,,,,,,0
Sports,KXNBASPREAD-26FEB05UTAATL,Utah at Atlanta: Spread,KXNBASPREAD-26FEB05UTAATL-ATL4,Atlanta wins by over 4.5 Points,0.07,0.38,0.225,0.09,0.31,65661,63475,34443,3849.35,1,2026-02-20 00:30:00+00:00,235.25,,,,,,,,,0
Sports,KXNBASTL-26FEB05PHILAL,Philadelphia at Los Angeles L: Steals,KXNBASTL-26FEB05PHILAL-LALAREAVES15-2,Austin Reaves: 2+,0.0,0.23,0.23,0.23,,15,15,15,3849.15,1,2026-02-20 03:00:00+00:00,237.75,,,,,,,,,0
Sports,KXNCAAMBTOTAL-26FEB05EWUMONT,Eastern Washington at Montana: Total Points,KXNCAAMBTOTAL-26FEB05EWUMONT-151,Over 151.5 points scored,0.34,0.42,0.38,0.43,0.08,12532,10449,12508,3840.73,1,2026-02-20 02:00:00+00:00,236.75,,,,,,,,,0
Sports,KXNBA3PT-26FEB05PHILAL,Philadelphia at Los Angeles L: Three Pointers,KXNBA3PT-26FEB05PHILAL-LALLDONCIC77-5,Luka Dončić: 5+,0.25,0.31,0.28,0.29,0.06,1587,1159,1587,3824.66,1,2026-02-20 03:00:00+00:00,237.75,,,,,,,,,0
Sports,KXNCAAMBTOTAL-26FEB05ACUVU,Abilene Christian at Utah Valley: Total Points,KXNCAAMBTOTAL-26FEB05ACUVU-134,Over 134.5 points scored,0.14,0.15,0.145,0.2,0.01,1818,1790,1703,3804.1,1,2026-02-20 01:00:00+00:00,235.75,,,,,,,,,0
Sports,KXNBAREB-26FEB05PHILAL,Philadelphia at Los Angeles L: Rebounds,KXNBAREB-26FEB05PHILAL-LALLDONCIC77-6,Luka Dončić: 6+,0.75,0.83,0.79,0.83,0.08,191,191,191,3780.9,1,2026-02-20 03:00:00+00:00,237.75,,,,,,,,,0
Sports,KXNHLGOAL-26FEB05LAVGK,LA Kings at VGK Golden Knights: Anytime Goal,KXNHLGOAL-26FEB05LAVGK-VGKNHANIFIN15,Noah Hanifin,0.0,0.07,0.07,0.07,,1755,1755,1755,3772.81,1,2026-02-20 03:00:00+00:00,237.75,,,,,,,,,0
Sports,KXLALIGASPREAD-26FEB06RCCOSA,Osasuna at Celta Vigo: Spreads,KXLALIGASPREAD-26FEB06RCCOSA-OSA2,Osasuna wins by over 2.5 goals,0.01,0.03,0.02,0.01,0.02,1,1,1,3716.45,1,2026-02-20 20:00:00+00:00,254.75,,,,,,,,,0
Sports,KXNCAAMBTOTAL-26FEB05CITSAM,The Citadel at Samford: Total Points,KXNCAAMBTOTAL-26FEB05CITSAM-145,Over 145.5 points scored,0.47,0.52,0.495,0.69,0.05,6061,5947,4055,3712.61,1,2026-02-20 01:00:00+00:00,235.75,,,,,,,,,0
Sports,KXNBASTL-26FEB05PHILAL,Philadelphia at Los Angeles L: Steals,KXNBASTL-26FEB05PHILAL-LALAREAVES15-3,Austin Reaves: 3+,0.0,0.14,0.1,0.1,,49,49,49,3695.0,1,2026-02-20 03:00:00+00:00,237.75,,,,,,,,,0
Sports,KXNCAAMBTOTAL-26FEB05LINWUALR,Lindenwood at Little Rock: Total Points,KXNCAAMBTOTAL-26FEB05LINWUALR-143,Over 143.5 points scored,0.21,0.58,0.395,0.54,0.37,1101,130,1099,3654.64,1,2026-02-20 01:00:00+00:00,235.75,,,,,,,,,0
Sports,KXNBAALLSTARS-26,Pro Basketball All Stars?,KXNBAALLSTARS-26-JHAR,James Harden,0.0,0.07,0.07,0.07,,21502,88,5112,3627.88,1,2026-02-17 15:00:00+00:00,177.75,-0.980392,-0.5,-0.5,1.025,0.980392,6.334142,1.4541,9.615385,15
Sports,KXNCAAMBTOTAL-26FEB05LINWUALR,Lindenwood at Little Rock: Total Points,KXNCAAMBTOTAL-26FEB05LINWUALR-146,Over 146.5 points scored,0.26,0.69,0.475,0.26,0.43,3,3,3,3622.45,1,2026-02-20 01:00:00+00:00,235.75,,,,,,,,,0
Sports,KXNHLAST-26FEB05LAVGK,LA Kings at VGK Golden Knights: Assists,KXNHLAST-26FEB05LAVGK-VGKMMARNER93-1,Mitch Marner: 1+,0.0,0.58,0.57,0.57,,11,11,11,3621.64,1,2026-02-20 03:00:00+00:00,237.75,,,,,,,,,0
Sports,KXNCAAMBTOTAL-26FEB05LINWUALR,Lindenwood at Little Rock: Total Points,KXNCAAMBTOTAL-26FEB05LINWUALR-152,Over 152.5 points scored,0.12,0.44,0.28,0.13,0.32,675,675,647,3609.05,1,2026-02-20 01:00:00+00:00,235.75,,,,,,,,,0
Sports,KXNCAAMBTOTAL-26FEB05USIUTM,Southern Indiana at Tennessee-Martin: Total Points,KXNCAAMBTOTAL-26FEB05USIUTM-136,Over 136.5 points scored,0.13,0.48,0.305,0.33,0.35,1873,1873,1246,3593.62,1,2026-02-20 01:30:00+00:00,236.25,,,,,,,,,0
Sports,KXNBA3D-26FEB05PHILAL,Philadelphia at Los Angeles L: Triple Doubles,KXNBA3D-26FEB05PHILAL-LALLJAMES23,LeBron James,0.01,0.04,0.025,0.04,0.03,2107,2061,2107,3577.63,1,2026-02-20 03:00:00+00:00,237.75,,,,,,,,,0
Sports,KXNBASTL-26FEB05PHILAL,Philadelphia at Los Angeles L: Steals,KXNBASTL-26FEB05PHILAL-LALLJAMES23-3,LeBron James: 3+,0.0,0.12,0.14,0.14,,1,1,1,3577.51,1,2026-02-20 03:00:00+00:00,237.75,,,,,,,,,0
Sports,KXNCAAMBTOTAL-26FEB05EWUMONT,Eastern Washington at Montana: Total Points,KXNCAAMBTOTAL-26FEB05EWUMONT-142,Over 142.5 points scored,0.62,0.67,0.645,0.69,0.05,4205,4205,4205,3573.57,1,2026-02-20 02:00:00+00:00,236.75,,,,,,,,,0
Sports,KXNCAAMBTOTAL-26FEB05LINWUALR,Lindenwood at Little Rock: Total Points,KXNCAAMBTOTAL-26FEB05LINWUALR-155,Over 155.5 points scored,0.06,0.43,0.245,0.38,0.37,392,392,392,3551.51,1,2026-02-20 01:00:00+00:00,235.75,,,,,,,,,0
Sports,KXNHLSPREAD-26FEB05PITBUF,Pittsburgh at Buffalo: Spread,KXNHLSPREAD-26FEB05PITBUF-BUF2,Buffalo wins by over 2.5 goals,0.0,0.01,0.06,0.06,,3007,3007,2790,3544.67,1,2026-02-20 00:00:00+00:00,234.75,,,,,,,,,0
Sports,KXNCAAMBTOTAL-26FEB05UCSBUCD,UC Santa Barbara at UC Davis: Total Points,KXNCAAMBTOTAL-26FEB05UCSBUCD-139,Over 139.5 points scored,0.57,0.94,0.755,0.72,0.37,53,53,53,3541.42,1,2026-02-20 02:00:00+00:00,236.75,,,,,,,,,0
Sports,KXNCAAMBTOTAL-26FEB05UCSBUCD,UC Santa Barbara at UC Davis: Total Points,KXNCAAMBTOTAL-26FEB05UCSBUCD-142,Over 142.5 points scored,0.53,0.88,0.705,0.61,0.35,314,314,300,3521.5,1,2026-02-20 02:00:00+00:00,236.75,,,,,,,,,0
Sports,KXEKSTRAKLASAGAME-26JAN30RADARK,Radomiak Radom vs Arka Gdynia,KXEKSTRAKLASAGAME-26JAN30RADARK-ARK,Arka Gdynia,0.0,0.03,0.01,0.01,,5094,0,2553,3519.88,1,2026-02-13 19:30:00+00:00,86.25,0.0,0.0,0.0,0.0,0.0,0.0,1.0,0.0,7
Sports,KXNBAALLSTARS-26,Pro Basketball All Stars?,KXNBAALLSTARS-26-KGEO,Keyonte George,0.0,0.19,0.01,0.01,,14434,0,7686,3518.87,1,2026-02-17 15:00:00+00:00,177.75,0.0,0.0,0.0,-0.0,0.0,0.0,1.0,0.0,5
Sports,KXNCAAMBTOTAL-26FEB05USIUTM,Southern Indiana at Tennessee-Martin: Total Points,KXNCAAMBTOTAL-26FEB05USIUTM-133,Over 133.5 points scored,0.22,0.25,0.235,0.26,0.03,12483,12453,11757,3517.08,1,2026-02-20 01:30:00+00:00,236.25,,,,,,,,,0
Sports,KXNCAAMBTOTAL-26FEB05USIUTM,Southern Indiana at Tennessee-Martin: Total Points,KXNCAAMBTOTAL-26FEB05USIUTM-124,Over 124.5 points scored,0.51,0.77,0.64,0.72,0.26,3276,3276,2830,3500.77,1,2026-02-20 01:30:00+00:00,236.25,,,,,,,,,0
Sports,KXNHLPTS-26FEB05LAVGK,LA Kings at VGK Golden Knights: Points,KXNHLPTS-26FEB05LAVGK-VGKSTHEODORE27-2,Shea Theodore: 2+,0.0,0.15,0.15,0.15,,136,136,136,3493.81,1,2026-02-20 03:00:00+00:00,237.75,,,,,,,,,0
Sports,KXNBAALLSTARS-26,Pro Basketball All Stars?,KXNBAALLSTARS-26-ATHO,Amen Thompson,0.0,0.2,0.09,0.09,,2748,0,1635,3478.8,1,2026-02-17 15:00:00+00:00,177.75,1.222222,1.222222,1.222222,0.423077,0.0,0.351364,1.2964,1.109244,12
Sports,KXNCAAMBTOTAL-26FEB05EWUMONT,Eastern Washington at Montana: Total Points,KXNCAAMBTOTAL-26FEB05EWUMONT-154,Over 154.5 points scored,0.31,0.35,0.33,0.36,0.04,9559,7054,9438,3467.95,1,2026-02-20 02:00:00+00:00,236.75,,,,,,,,,0
Sports,KXNBABLK-26FEB05PHILAL,Philadelphia at Los Angeles L: Blocks,KXNBABLK-26FEB05PHILAL-LALLJAMES23-3,LeBron James: 3+,0.0,0.2,0.21,0.21,,2,2,2,3467.6,1,2026-02-20 03:00:00+00:00,237.75,,,,,,,,,0
Sports,KXNHLSPREAD-26FEB05PITBUF,Pittsburgh at Buffalo: Spread,KXNHLSPREAD-26FEB05PITBUF-PIT1,Pittsburgh wins by over 1.5 goals,0.8,0.81,0.805,0.8,0.01,13530,12868,10586,3455.27,1,2026-02-20 00:00:00+00:00,234.75,,,,,,,,,0
Sports,KXNBAALLSTARS-26,Pro Basketball All Stars?,KXNBAALLSTARS-26-AREA,Austin Reaves,0.0,0.06,0.06,0.06,,20752,0,11664,3428.08,1,2026-02-17 15:00:00+00:00,177.75,-0.734043,11.5,-0.358974,0.242105,0.948718,5.981029,1.6179,2.411034,19
Sports,KXNCAAMBTOTAL-26FEB05USIUTM,Southern Indiana at Tennessee-Martin: Total Points,KXNCAAMBTOTAL-26FEB05USIUTM-139,Over 139.5 points scored,0.06,0.43,0.245,0.07,0.37,190,57,155,3414.82,1,2026-02-20 01:30:00+00:00,236.25,,,,,,,,,0
Sports,KXWOWHOCKEY-26FEB05FINCAN,Finland vs Canada,KXWOWHOCKEY-26FEB05FINCAN-FIN,Finland,0.03,0.39,0.21,0.41,0.36,997,996,997,3392.39,1,2026-02-19 20:10:00+00:00,230.92,0.0,-0.166667,-0.090909,-0.118797,0.538462,0.193568,1.7517,0.79646,20
Sports,KXNCAAMBTOTAL-26FEB05LINWUALR,Lindenwood at Little Rock: Total Points,KXNCAAMBTOTAL-26FEB05LINWUALR-140,Over 140.5 points scored,0.47,0.68,0.575,0.5,0.21,638,322,608,3388.12,1,2026-02-20 01:00:00+00:00,235.75,,,,,,,,,0
Sports,KXNCAAMBTOTAL-26FEB05UCSBUCD,UC Santa Barbara at UC Davis: Total Points,KXNCAAMBTOTAL-26FEB05UCSBUCD-154,Over 154.5 points scored,0.23,0.66,0.445,0.46,0.43,242,242,242,3383.82,1,2026-02-20 02:00:00+00:00,236.75,,,,,,,,,0
Sports,KXNHLPTS-26FEB05LAVGK,LA Kings at VGK Golden Knights: Points,KXNHLPTS-26FEB05LAVGK-LAQBYFIELD55-2,Quinton Byfield: 2+,0.0,0.12,0.12,0.12,,266,266,266,3382.66,1,2026-02-20 03:00:00+00:00,237.75,,,,,,,,,0
Sports,KXNBAALLSTARS-26,Pro Basketball All Stars?,KXNBAALLSTARS-26-EMOB,Evan Mobley,0.0,0.12,0.01,0.01,,9455,0,5926,3369.0,1,2026-02-17 15:00:00+00:00,177.75,0.0,0.0,0.0,0.0,0.0,0.0,1.0,0.0,13
Sports,KXNCAAMBTOTAL-26FEB05USIUTM,Southern Indiana at Tennessee-Martin: Total Points,KXNCAAMBTOTAL-26FEB05USIUTM-121,Over 121.5 points scored,0.56,0.87,0.715,0.85,0.31,1258,1258,1098,3368.8,1,2026-02-20 01:30:00+00:00,236.25,,,,,,,,,0
Sports,KXNCAAMBSPREAD-26FEB05NEOMUND,Omaha at North Dakota: Spread,KXNCAAMBSPREAD-26FEB05NEOMUND-NEOM8,Omaha wins by over 8.5 Points,0.11,0.22,0.165,0.48,0.11,1394,1394,1394,3341.79,1,2026-02-20 01:00:00+00:00,235.75,,,,,,,,,0
Sports,KXNCAAMBTOTAL-26FEB05LINWUALR,Lindenwood at Little Rock: Total Points,KXNCAAMBTOTAL-26FEB05LINWUALR-149,Over 149.5 points scored,0.21,0.39,0.3,0.12,0.18,464,464,464,3321.65,1,2026-02-20 01:00:00+00:00,235.75,,,,,,,,,0
Sports,KXNCAAMBTOTAL-26FEB05UCSBUCD,UC Santa Barbara at UC Davis: Total Points,KXNCAAMBTOTAL-26FEB05UCSBUCD-145,Over 145.5 points scored,0.47,0.85,0.66,0.46,0.38,367,278,357,3320.88,1,2026-02-20 02:00:00+00:00,236.75,,,,,,,,,0
Sports,KXNBA3PT-26FEB05PHILAL,Philadelphia at Los Angeles L: Three Pointers,KXNBA3PT-26FEB05PHILAL-LALLJAMES23-5,LeBron James: 5+,0.0,0.03,0.05,0.05,,93,93,93,3281.91,1,2026-02-20 03:00:00+00:00,237.75,,,,,,,,,0
Sports,KXNBATOTAL-26FEB05CHITOR,Chicago at Toronto: Total Points,KXNBATOTAL-26FEB05CHITOR-232,Over 232.5 points scored,0.15,0.18,0.165,0.19,0.03,20479,18634,10626,3274.66,1,2026-02-20 00:30:00+00:00,235.25,,,,,,,,,0
Sports,KXNBATOTAL-26FEB05CHAHOU,Charlotte at Houston: Total Points,KXNBATOTAL-26FEB05CHAHOU-202,Over 202.5 points scored,0.77,1.0,0.885,0.99,0.23,6070,6070,4656,3270.87,1,2026-02-20 01:00:00+00:00,235.75,,,,,,,,,0
Sports,KXNBAALLSTARS-26,Pro Basketball All Stars?,KXNBAALLSTARS-26-ZLAV,Zach LaVine,0.0,0.04,0.03,0.03,,324,0,224,3258.19,1,2026-02-17 15:00:00+00:00,177.75,0.0,0.0,0.0,0.0,0.0,0.0,1.0,0.0,11
Sports,KXNBAAST-26FEB05PHILAL,Philadelphia at Los Angeles L: Assists,KXNBAAST-26FEB05PHILAL-LALAREAVES15-8,Austin Reaves: 8+,0.0,0.05,0.05,0.05,,316,316,316,3252.85,1,2026-02-20 03:00:00+00:00,237.75,,,,,,,,,0
Sports,KXNCAAMBTOTAL-26FEB05UCSBUCD,UC Santa Barbara at UC Davis: Total Points,KXNCAAMBTOTAL-26FEB05UCSBUCD-151,Over 151.5 points scored,0.44,0.49,0.465,0.32,0.05,1544,1514,1493,3242.17,1,2026-02-20 02:00:00+00:00,236.75,,,,,,,,,0
Sports,KXNCAAMBTOTAL-26FEB05NEOMUND,Omaha at North Dakota: Total Points,KXNCAAMBTOTAL-26FEB05NEOMUND-155,Over 155.5 points scored,0.02,0.07,0.045,0.3,0.05,377,377,377,3230.2,1,2026-02-20 01:00:00+00:00,235.75,,,,,,,,,0
Sports,KXNCAAMBTOTAL-26FEB05ACUVU,Abilene Christian at Utah Valley: Total Points,KXNCAAMBTOTAL-26FEB05ACUVU-131,Over 131.5 points scored,0.09,0.26,0.175,0.28,0.17,4312,4129,3279,3227.07,1,2026-02-20 01:00:00+00:00,235.75,,,,,,,,,0
Sports,KXNHLSPREAD-26FEB05PITBUF,Pittsburgh at Buffalo: Spread,KXNHLSPREAD-26FEB05PITBUF-PIT2,Pittsburgh wins by over 2.5 goals,0.12,0.61,0.365,0.1,0.49,16280,8915,13284,3211.29,1,2026-02-20 00:00:00+00:00,234.75,,,,,,,,,0
Sports,KXNCAAMBTOTAL-26FEB05UCSBUCD,UC Santa Barbara at UC Davis: Total Points,KXNCAAMBTOTAL-26FEB05UCSBUCD-148,Over 148.5 points scored,0.54,0.59,0.565,0.53,0.05,10278,10218,9019,3209.75,1,2026-02-20 02:00:00+00:00,236.75,,,,,,,,,0
Sports,KXNCAAMBTOTAL-26FEB05NEOMUND,Omaha at North Dakota: Total Points,KXNCAAMBTOTAL-26FEB05NEOMUND-152,Over 152.5 points scored,0.04,0.09,0.065,0.09,0.05,2656,2644,1747,3185.33,1,2026-02-20 01:00:00+00:00,235.75,,,,,,,,,0
Sports,KXNBAALLSTARS-26,Pro Basketball All Stars?,KXNBAALLSTARS-26-OANU,OG Anunoby,0.0,0.05,0.02,0.02,,2500,0,2191,3174.69,1,2026-02-17 15:00:00+00:00,177.75,0.0,0.0,0.0,0.0,0.0,0.0,1.0,0.0,10
Sports,KXNHLTOTAL-26FEB05NSHWSH,Nashville at Washington: Total Points,KXNHLTOTAL-26FEB05NSHWSH-7,Over 7.5 goals scored,0.13,0.35,0.24,0.12,0.22,18980,18378,16827,3162.76,1,2026-02-20 00:00:00+00:00,234.75,,,,,,,,,0
Sports,KXNCAAMBTOTAL-26FEB05LINWUALR,Lindenwood at Little Rock: Total Points,KXNCAAMBTOTAL-26FEB05LINWUALR-137,Over 137.5 points scored,0.71,0.88,0.795,0.63,0.17,1314,1314,1000,3112.38,1,2026-02-20 01:00:00+00:00,235.75,,,,,,,,,0
Sports,KXNBATOTAL-26FEB05CHITOR,Chicago at Toronto: Total Points,KXNBATOTAL-26FEB05CHITOR-226,Over 226.5 points scored,0.75,0.89,0.82,0.75,0.14,86774,86450,52649,3095.84,1,2026-02-20 00:30:00+00:00,235.25,,,,,,,,,0
Sports,KXNHLFIRSTGOAL-26FEB05LAVGK,LA Kings at VGK Golden Knights: First Goal,KXNHLFIRSTGOAL-26FEB05LAVGK-VGKMMARNER93,Mitch Marner,0.0,0.07,0.07,0.07,,2297,1625,2297,3065.38,1,2026-02-20 03:00:00+00:00,237.75,,,,,,,,,0
Sports,KXNBATOTAL-26FEB05CHITOR,Chicago at Toronto: Total Points,KXNBATOTAL-26FEB05CHITOR-229,Over 229.5 points scored,0.26,0.42,0.34,0.69,0.16,27824,24749,13082,3062.62,1,2026-02-20 00:30:00+00:00,235.25,,,,,,,,,0
Sports,KXNHLFIRSTGOAL-26FEB05LAVGK,LA Kings at VGK Golden Knights: First Goal,KXNHLFIRSTGOAL-26FEB05LAVGK-LABCLARKE92,Brandt Clarke,0.0,0.03,0.03,0.03,,7,7,7,3052.99,1,2026-02-20 03:00:00+00:00,237.75,,,,,,,,,0
Sports,KXNHLFIRSTGOAL-26FEB05LAVGK,LA Kings at VGK Golden Knights: First Goal,KXNHLFIRSTGOAL-26FEB05LAVGK-LACPERRY10,Corey Perry,0.0,0.05,0.06,0.06,,78,78,78,3046.93,1,2026-02-20 03:00:00+00:00,237.75,,,,,,,,,0
Sports,KXNHLFIRSTGOAL-26FEB05LAVGK,LA Kings at VGK Golden Knights: First Goal,KXNHLFIRSTGOAL-26FEB05LAVGK-VGKSTHEODORE27,Shea Theodore,0.0,0.03,0.03,0.03,,275,275,275,3044.95,1,2026-02-20 03:00:00+00:00,237.75,,,,,,,,,0
Sports,KXNHLFIRSTGOAL-26FEB05LAVGK,LA Kings at VGK Golden Knights: First Goal,KXNHLFIRSTGOAL-26FEB05LAVGK-LAAKEMPE9,Adrian Kempe,0.0,0.07,0.07,0.07,,1126,674,1126,3028.42,1,2026-02-20 03:00:00+00:00,237.75,,,,,,,,,0
Sports,KXNHLFIRSTGOAL-26FEB05LAVGK,LA Kings at VGK Golden Knights: First Goal,KXNHLFIRSTGOAL-26FEB05LAVGK-VGKJEICHEL9,Jack Eichel,0.0,0.08,0.08,0.08,,4321,4218,4321,3025.98,1,2026-02-20 03:00:00+00:00,237.75,,,,,,,,,0
Sports,KXNBAAST-26FEB05PHILAL,Philadelphia at Los Angeles L: Assists,KXNBAAST-26FEB05PHILAL-LALAREAVES15-10,Austin Reaves: 10+,0.0,0.04,0.05,0.05,,201,201,201,3021.72,1,2026-02-20 03:00:00+00:00,237.75,,,,,,,,,0
Sports,KXNBASPREAD-26FEB05UTAATL,Utah at Atlanta: Spread,KXNBASPREAD-26FEB05UTAATL-ATL1,Atlanta wins by over 1.5 Points,0.22,0.4,0.31,0.47,0.18,77157,65770,41024,3021.19,1,2026-02-20 00:30:00+00:00,235.25,,,,,,,,,0
Sports,KXNHLFIRSTGOAL-26FEB05LAVGK,LA Kings at VGK Golden Knights: First Goal,KXNHLFIRSTGOAL-26FEB05LAVGK-VGKTHERTL48,Tomas Hertl,0.0,0.06,0.06,0.06,,1582,801,1582,3011.43,1,2026-02-20 03:00:00+00:00,237.75,,,,,,,,,0
Sports,KXNHLFIRSTGOAL-26FEB05LAVGK,LA Kings at VGK Golden Knights: First Goal,KXNHLFIRSTGOAL-26FEB05LAVGK-LAKFIALA22,Kevin Fiala,0.0,0.06,0.06,0.06,,1703,1469,1703,3002.48,1,2026-02-20 03:00:00+00:00,237.75,,,,,,,,,0
Sports,KXNBA3D-26FEB05GSWPHX,Golden State at Phoenix: Triple Doubles,KXNBA3D-26FEB05GSWPHX-GSWDGREEN23,Draymond Green,0.0,0.02,0.02,0.02,,2550,2217,2550,2993.13,1,2026-02-20 03:00:00+00:00,237.75,,,,,,,,,0
Sports,KXNHLFIRSTGOAL-26FEB05LAVGK,LA Kings at VGK Golden Knights: First Goal,KXNHLFIRSTGOAL-26FEB05LAVGK-VGKIBARBASHEV49,Ivan Barbashev,0.0,0.05,0.05,0.05,,3868,1625,3868,2976.36,1,2026-02-20 03:00:00+00:00,237.75,,,,,,,,,0
Sports,KXNHLFIRSTGOAL-26FEB05LAVGK,LA Kings at VGK Golden Knights: First Goal,KXNHLFIRSTGOAL-26FEB05LAVGK-LAALAFERRIERE14,Alex Laferriere,0.0,0.05,0.05,0.05,,281,281,281,2973.19,1,2026-02-20 03:00:00+00:00,237.75,,,,,,,,,0
Sports,KXNHLFIRSTGOAL-26FEB05LAVGK,LA Kings at VGK Golden Knights: First Goal,KXNHLFIRSTGOAL-26FEB05LAVGK-VGKPDOROFEYEV16,Pavel Dorofeyev,0.0,0.07,0.07,0.07,,2019,1215,2019,2965.91,1,2026-02-20 03:00:00+00:00,237.75,,,,,,,,,0
Sports,KXNBASPREAD-26FEB05UTAATL,Utah at Atlanta: Spread,KXNBASPREAD-26FEB05UTAATL-UTA5,Utah wins by over 5.5 Points,0.03,0.41,0.22,0.05,0.38,19782,18827,15331,2964.02,1,2026-02-20 00:30:00+00:00,235.25,,,,,,,,,0
Sports,KXNHLFIRSTGOAL-26FEB05LAVGK,LA Kings at VGK Golden Knights: First Goal,KXNHLFIRSTGOAL-26FEB05LAVGK-LAAKUZMENKO96,Andrei Kuzmenko,0.0,0.05,0.05,0.05,,693,131,693,2952.59,1,2026-02-20 03:00:00+00:00,237.75,,,,,,,,,0
Sports,KXNHLFIRSTGOAL-26FEB05LAVGK,LA Kings at VGK Golden Knights: First Goal,KXNHLFIRSTGOAL-26FEB05LAVGK-LAAKOPITAR11,Anze Kopitar,0.0,0.04,0.04,0.04,,150,150,150,2909.2,1,2026-02-20 03:00:00+00:00,237.75,,,,,,,,,0
Sports,KXNBATOTAL-26FEB05CHITOR,Chicago at Toronto: Total Points,KXNBATOTAL-26FEB05CHITOR-223,Over 223.5 points scored,0.59,0.99,0.79,0.58,0.4,35555,35490,26146,2873.82,1,2026-02-20 00:30:00+00:00,235.25,,,,,,,,,0
Sports,KXNHLFIRSTGOAL-26FEB05LAVGK,LA Kings at VGK Golden Knights: First Goal,KXNHLFIRSTGOAL-26FEB05LAVGK-VGKBBOWMAN42,Braeden Bowman,0.0,0.03,0.03,0.03,,250,219,250,2859.74,1,2026-02-20 03:00:00+00:00,237.75,,,,,,,,,0
Sports,KXWOWHOCKEY-26FEB06CZECHE,Czech Republic vs Switzerland,KXWOWHOCKEY-26FEB06CZECHE-CHE,Switzerland,0.08,0.45,0.265,0.47,0.37,7,7,7,2849.49,1,2026-02-20 13:40:00+00:00,248.42,,,,,,,,,0
Sports,KXNCAAMBTOTAL-26FEB05USIUTM,Southern Indiana at Tennessee-Martin: Total Points,KXNCAAMBTOTAL-26FEB05USIUTM-142,Over 142.5 points scored,0.04,0.38,0.21,0.14,0.34,36,36,36,2843.73,1,2026-02-20 01:30:00+00:00,236.25,,,,,,,,,0
Sports,KXNCAAMBSPREAD-26FEB05LINWUALR,Lindenwood at Little Rock: Spread,KXNCAAMBSPREAD-26FEB05LINWUALR-LINW4,Lindenwood wins by over 4.5 Points,0.21,0.65,0.43,0.01,0.44,1137,1137,1137,2837.17,1,2026-02-20 01:00:00+00:00,235.75,,,,,,,,,0
Sports,KXNCAAMBTOTAL-26FEB05CITSAM,The Citadel at Samford: Total Points,KXNCAAMBTOTAL-26FEB05CITSAM-151,Over 151.5 points scored,0.03,0.19,0.11,0.13,0.16,7792,3551,4925,2831.79,1,2026-02-20 01:00:00+00:00,235.75,,,,,,,,,0
Sports,KXNBATOTAL-26FEB05UTAATL,Utah at Atlanta: Total Points,KXNBATOTAL-26FEB05UTAATL-234,Over 234.5 points scored,0.88,0.97,0.925,0.88,0.09,12813,12680,10342,2821.91,1,2026-02-20 00:30:00+00:00,235.25,,,,,,,,,0
Sports,KXNHLFIRSTGOAL-26FEB05LAVGK,LA Kings at VGK Golden Knights: First Goal,KXNHLFIRSTGOAL-26FEB05LAVGK-VGKNHANIFIN15,Noah Hanifin,0.0,0.02,0.02,0.02,,189,189,189,2803.46,1,2026-02-20 03:00:00+00:00,237.75,,,,,,,,,0
Sports,KXNCAAMBTOTAL-26FEB05ACUVU,Abilene Christian at Utah Valley: Total Points,KXNCAAMBTOTAL-26FEB05ACUVU-137,Over 137.5 points scored,0.04,0.07,0.055,0.09,0.03,9427,9288,8242,2788.71,1,2026-02-20 01:00:00+00:00,235.75,,,,,,,,,0
Sports,KXNCAAMBSPREAD-26FEB05LINWUALR,Lindenwood at Little Rock: Spread,KXNCAAMBSPREAD-26FEB05LINWUALR-LINW1,Lindenwood wins by over 1.5 Points,0.33,0.75,0.54,0.43,0.42,3035,3035,2320,2786.2,1,2026-02-20 01:00:00+00:00,235.75,,,,,,,,,0
Sports,KXNHLSPREAD-26FEB05NSHWSH,Nashville at Washington: Spread,KXNHLSPREAD-26FEB05NSHWSH-WSH1,Washington wins by over 1.5 goals,0.82,0.93,0.875,0.81,0.11,8782,8548,6002,2755.78,1,2026-02-20 00:00:00+00:00,234.75,,,,,,,,,0
Sports,KXNCAAMBTOTAL-26FEB05CITSAM,The Citadel at Samford: Total Points,KXNCAAMBTOTAL-26FEB05CITSAM-142,Over 142.5 points scored,0.73,0.8,0.765,0.57,0.07,20793,20582,18880,2661.44,1,2026-02-20 01:00:00+00:00,235.75,,,,,,,,,0
Sports,KXNBABLK-26FEB05GSWPHX,Golden State at Phoenix: Blocks,KXNBABLK-26FEB05GSWPHX-GSWDGREEN23-2,Draymond Green: 2+,0.0,0.21,0.21,0.21,,9,9,9,2644.75,1,2026-02-20 03:00:00+00:00,237.75,,,,,,,,,0
Sports,KXNCAAMBTOTAL-26FEB05USIUTM,Southern Indiana at Tennessee-Martin: Total Points,KXNCAAMBTOTAL-26FEB05USIUTM-145,Over 145.5 points scored,0.02,0.29,0.155,0.25,0.27,38,38,38,2635.96,1,2026-02-20 01:30:00+00:00,236.25,,,,,,,,,0
Sports,KXNCAAMBTOTAL-26FEB05CITSAM,The Citadel at Samford: Total Points,KXNCAAMBTOTAL-26FEB05CITSAM-148,Over 148.5 points scored,0.26,0.32,0.29,0.37,0.06,11742,11170,9120,2547.18,1,2026-02-20 01:00:00+00:00,235.75,,,,,,,,,0
Sports,KXNBAAST-26FEB05PHILAL,Philadelphia at Los Angeles L: Assists,KXNBAAST-26FEB05PHILAL-PHITMAXEY0-12,Tyrese Maxey: 12+,0.0,0.1,0.07,0.07,,4,4,4,2526.74,1,2026-02-20 03:00:00+00:00,237.75,,,,,,,,,0
Sports,KXNCAAWBGAME-26FEB05SDAKDEN,South Dakota at Denver,KXNCAAWBGAME-26FEB05SDAKDEN-SDAK,South Dakota,0.99,1.0,0.995,0.99,0.01,7089,3821,6972,2521.18,1,2026-02-20 01:00:00+00:00,235.75,,,,,,,,,0
Sports,KXNBAREB-26FEB05PHILAL,Philadelphia at Los Angeles L: Rebounds,KXNBAREB-26FEB05PHILAL-LALLDONCIC77-4,Luka Dončić: 4+,0.89,0.98,0.935,0.92,0.09,10,10,10,2477.0,1,2026-02-20 03:00:00+00:00,237.75,,,,,,,,,0
Sports,KXNHLTOTAL-26FEB05PITBUF,Pittsburgh at Buffalo: Total Points,KXNHLTOTAL-26FEB05PITBUF-7,Over 7.5 goals scored,0.02,0.05,0.035,0.05,0.03,18180,17406,12506,2423.81,1,2026-02-20 00:00:00+00:00,234.75,,,,,,,,,0
Sports,KXNBASPREAD-26FEB05CHAHOU,Charlotte at Houston: Spread,KXNBASPREAD-26FEB05CHAHOU-HOU9,Houston wins by over 9.5 Points,0.01,0.04,0.025,0.03,0.03,16510,15735,12782,2397.34,1,2026-02-20 01:00:00+00:00,235.75,,,,,,,,,0
Sports,KXNBA2D-26FEB05PHILAL,Philadelphia at Los Angeles L: Double Doubles,KXNBA2D-26FEB05PHILAL-LALAREAVES15,Austin Reaves,0.0,0.03,0.03,0.03,,3775,3775,3759,2391.63,1,2026-02-20 03:00:00+00:00,237.75,,,,,,,,,0
Sports,KXNBATOTAL-26FEB05CHITOR,Chicago at Toronto: Total Points,KXNBATOTAL-26FEB05CHITOR-241,Over 241.5 points scored,0.0,0.04,0.04,0.04,,92575,79549,42031,2365.68,1,2026-02-20 00:30:00+00:00,235.25,,,,,,,,,0
Sports,KXNBATOTAL-26FEB05CHAHOU,Charlotte at Houston: Total Points,KXNBATOTAL-26FEB05CHAHOU-205,Over 205.5 points scored,0.98,0.99,0.985,0.99,0.01,10265,9905,8223,2318.66,1,2026-02-20 01:00:00+00:00,235.75,,,,,,,,,0
Sports,KXNCAAMBSPREAD-26FEB05LINWUALR,Lindenwood at Little Rock: Spread,KXNCAAMBSPREAD-26FEB05LINWUALR-UALR2,Little Rock wins by over 2.5 Points,0.09,0.44,0.265,0.45,0.35,673,673,516,2315.26,1,2026-02-20 01:00:00+00:00,235.75,,,,,,,,,0
Sports,KXSOCCERTRANSFER-26,Who will leave their club during the winter transfer window?,KXSOCCERTRANSFER-26-MROG,Morgan Rogers,0.0,0.17,0.2,0.2,,36,0,35,2314.84,1,2026-02-12 04:59:00+00:00,47.74,0.0,0.0,0.0,-0.0,0.0,0.0,1.0,0.0,9
Sports,KXNBASPREAD-26FEB05CHAHOU,Charlotte at Houston: Spread,KXNBASPREAD-26FEB05CHAHOU-HOU15,Houston wins by over 15.5 Points,0.01,0.03,0.02,0.01,0.02,32149,31899,17568,2284.97,1,2026-02-20 01:00:00+00:00,235.75,,,,,,,,,0
Sports,KXNCAAMBSPREAD-26FEB05LINWUALR,Lindenwood at Little Rock: Spread,KXNCAAMBSPREAD-26FEB05LINWUALR-UALR5,Little Rock wins by over 5.5 Points,0.03,0.36,0.195,0.35,0.33,75,75,75,2280.56,1,2026-02-20 01:00:00+00:00,235.75,,,,,,,,,0
Sports,KXNCAAMBSPREAD-26FEB05ACUVU,Abilene Christian at Utah Valley: Spread,KXNCAAMBSPREAD-26FEB05ACUVU-UVU28,Utah Valley wins by over 28.5 Points,0.1,0.45,0.275,0.13,0.35,551,308,254,2219.69,1,2026-02-20 01:00:00+00:00,235.75,,,,,,,,,0
Sports,KXNBAALLSTARS-26SDC,Pro Basketball Slam Dunk Contest Participants?,KXNBAALLSTARS-26SDC-GANT,Giannis Antetokounmpo,0.0,0.9,0.01,0.01,,25,0,25,2138.22,1,2026-02-16 03:00:00+00:00,141.75,0.0,0.0,0.0,0.0,0.0,0.0,1.0,0.0,4
Sports,KXNCAAMBTOTAL-26FEB05DENNDSU,Denver at North Dakota St.: Total Points,KXNCAAMBTOTAL-26FEB05DENNDSU-154,Over 154.5 points scored,0.05,0.64,0.345,0.54,0.59,2446,2413,2071,2081.41,1,2026-02-20 01:00:00+00:00,235.75,,,,,,,,,0
Sports,KXNCAAMBTOTAL-26FEB05NEOMUND,Omaha at North Dakota: Total Points,KXNCAAMBTOTAL-26FEB05NEOMUND-164,Over 164.5 points scored,0.02,0.58,0.3,0.06,0.56,62,62,62,2075.09,1,2026-02-20 01:00:00+00:00,235.75,,,,,,,,,0
Sports,KXNHLSPREAD-26FEB05FLATB,Florida at Tampa Bay: Spread,KXNHLSPREAD-26FEB05FLATB-TB1,Tampa Bay wins by over 1.5 goals,0.69,0.97,0.83,0.97,0.28,25240,25016,16709,2070.88,1,2026-02-20 00:30:00+00:00,235.25,,,,,,,,,0
Sports,KXNCAAMBTOTAL-26FEB05CITSAM,The Citadel at Samford: Total Points,KXNCAAMBTOTAL-26FEB05CITSAM-139,Over 139.5 points scored,0.9,0.99,0.945,0.96,0.09,7946,7946,7776,2057.26,1,2026-02-20 01:00:00+00:00,235.75,,,,,,,,,0
Sports,KXNBA3PT-26FEB05PHILAL,Philadelphia at Los Angeles L: Three Pointers,KXNBA3PT-26FEB05PHILAL-LALLDONCIC77-6,Luka Dončić: 6+,0.0,0.17,0.17,0.17,,352,344,352,2055.67,1,2026-02-20 03:00:00+00:00,237.75,,,,,,,,,0
Sports,KXNBASPREAD-26FEB05UTAATL,Utah at Atlanta: Spread,KXNBASPREAD-26FEB05UTAATL-ATL16,Atlanta wins by over 16.5 Points,0.01,0.05,0.03,0.01,0.04,9149,8872,7405,2036.71,1,2026-02-20 00:30:00+00:00,235.25,,,,,,,,,0
Sports,KXNCAAMBTOTAL-26FEB05DENNDSU,Denver at North Dakota St.: Total Points,KXNCAAMBTOTAL-26FEB05DENNDSU-157,Over 157.5 points scored,0.03,0.84,0.435,0.79,0.81,3945,3816,3196,2030.95,1,2026-02-20 01:00:00+00:00,235.75,,,,,,,,,0
Sports,KXNCAAMBTOTAL-26FEB05CITSAM,The Citadel at Samford: Total Points,KXNCAAMBTOTAL-26FEB05CITSAM-154,Over 154.5 points scored,0.03,0.27,0.15,0.25,0.24,227,227,227,2024.41,1,2026-02-20 01:00:00+00:00,235.75,,,,,,,,,0
Sports,KXNBAALLSTARS-263PT,Pro Basketball 3-Point Contest Participants?,KXNBAALLSTARS-263PT-JMUR,Jamal Murray,0.01,1.0,0.505,0.6,0.99,15,0,15,1980.0,1,2026-02-16 03:00:00+00:00,141.75,,,,,,,,,0
Sports,KXNCAAMBTOTAL-26FEB05ACUVU,Abilene Christian at Utah Valley: Total Points,KXNCAAMBTOTAL-26FEB05ACUVU-140,Over 140.5 points scored,0.02,0.03,0.025,0.02,0.01,3176,3104,2835,1977.78,1,2026-02-20 01:00:00+00:00,235.75,,,,,,,,,0
Sports,KXNHLTOTAL-26FEB05PITBUF,Pittsburgh at Buffalo: Total Points,KXNHLTOTAL-26FEB05PITBUF-5,Over 5.5 goals scored,0.99,1.0,0.995,0.99,0.01,23555,21232,20152,1973.31,1,2026-02-20 00:00:00+00:00,234.75,,,,,,,,,0
Sports,KXNBATOTAL-26FEB05CHITOR,Chicago at Toronto: Total Points,KXNBATOTAL-26FEB05CHITOR-238,Over 238.5 points scored,0.01,0.27,0.14,0.01,0.26,49160,44372,23869,1891.2,1,2026-02-20 00:30:00+00:00,235.25,,,,,,,,,0
Sports,KXNCAAMBSPREAD-26FEB05WIUTNTC,Western Illinois at Tennessee Tech: Spread,KXNCAAMBSPREAD-26FEB05WIUTNTC-TNTC11,Tennessee Tech wins by over 11.5 Points,0.85,0.97,0.91,0.79,0.12,118,118,94,1866.48,1,2026-02-20 01:30:00+00:00,236.25,,,,,,,,,0
Sports,KXNBASPREAD-26FEB05UTAATL,Utah at Atlanta: Spread,KXNBASPREAD-26FEB05UTAATL-ATL19,Atlanta wins by over 19.5 Points,0.0,0.01,0.01,0.01,,10135,10135,8238,1862.61,1,2026-02-20 00:30:00+00:00,235.25,,,,,,,,,0
Sports,KXNCAAMBSPREAD-26FEB05ELONHAMP,Elon at Hampton: Spread,KXNCAAMBSPREAD-26FEB05ELONHAMP-HAMP8,Hampton wins by over 8.5 Points,0.0,0.01,0.01,0.01,,3932,2601,3838,1843.7,1,2026-02-20 00:00:00+00:00,234.75,,,,,,,,,0
Sports,KXNBASPREAD-26FEB05UTAATL,Utah at Atlanta: Spread,KXNBASPREAD-26FEB05UTAATL-ATL13,Atlanta wins by over 13.5 Points,0.01,0.11,0.06,0.13,0.1,23694,22007,18221,1821.53,1,2026-02-20 00:30:00+00:00,235.25,,,,,,,,,0
Sports,KXNCAAMBTOTAL-26FEB05CITSAM,The Citadel at Samford: Total Points,KXNCAAMBTOTAL-26FEB05CITSAM-157,Over 157.5 points scored,0.02,0.79,0.405,0.14,0.77,172,172,172,1810.33,1,2026-02-20 01:00:00+00:00,235.75,,,,,,,,,0
Sports,KXNHLSPREAD-26FEB05FLATB,Florida at Tampa Bay: Spread,KXNHLSPREAD-26FEB05FLATB-TB2,Tampa Bay wins by over 2.5 goals,0.58,0.96,0.77,0.95,0.38,7458,7453,5972,1793.29,1,2026-02-20 00:30:00+00:00,235.25,,,,,,,,,0
Sports,KXNBAPTS-26FEB05SASDAL,San Antonio at Dallas: Points,KXNBAPTS-26FEB05SASDAL-SASVWEMBANYAMA1-30,Victor Wembanyama: 30+,0.0,0.68,0.53,0.53,,5962,5947,5587,1779.25,1,2026-02-20 01:30:00+00:00,236.25,,,,,,,,,0
Sports,KXNCAAMBTOTAL-26FEB05NEOMUND,Omaha at North Dakota: Total Points,KXNCAAMBTOTAL-26FEB05NEOMUND-161,Over 161.5 points scored,0.02,0.57,0.295,0.07,0.55,26,0,26,1765.57,1,2026-02-20 01:00:00+00:00,235.75,,,,,,,,,0
Sports,KXNBAAST-26FEB05PHILAL,Philadelphia at Los Angeles L: Assists,KXNBAAST-26FEB05PHILAL-LALLDONCIC77-12,Luka Dončić: 12+,0.0,0.22,0.21,0.21,,70,70,70,1762.32,1,2026-02-20 03:00:00+00:00,237.75,,,,,,,,,0
Sports,KXNBAPTS-26FEB05CHAHOU,Charlotte at Houston: Points,KXNBAPTS-26FEB05CHAHOU-CHALBALL1-20,LaMelo Ball: 20+,0.0,0.84,0.8,0.8,,3169,2169,2982,1747.01,1,2026-02-20 01:00:00+00:00,235.75,,,,,,,,,0
Sports,KXNHLTOTAL-26FEB05FLATB,Florida at Tampa Bay: Total Points,KXNHLTOTAL-26FEB05FLATB-3,Over 3.5 goals scored,0.99,1.0,0.995,0.99,0.01,1780,1780,1699,1745.13,1,2026-02-20 00:30:00+00:00,235.25,,,,,,,,,0
Sports,KXNCAAMBTOTAL-26FEB05LINWUALR,Lindenwood at Little Rock: Total Points,KXNCAAMBTOTAL-26FEB05LINWUALR-164,Over 164.5 points scored,0.02,0.27,0.145,0.02,0.25,50,50,50,1739.66,1,2026-02-20 01:00:00+00:00,235.75,,,,,,,,,0
Sports,KXNCAAMBTOTAL-26FEB05WIUTNTC,Western Illinois at Tennessee Tech: Total Points,KXNCAAMBTOTAL-26FEB05WIUTNTC-139,Over 139.5 points scored,0.91,0.96,0.935,0.57,0.05,1724,1724,1534,1704.78,1,2026-02-20 01:30:00+00:00,236.25,,,,,,,,,0
Sports,KXNCAAMBTOTAL-26FEB05ACUVU,Abilene Christian at Utah Valley: Total Points,KXNCAAMBTOTAL-26FEB05ACUVU-143,Over 143.5 points scored,0.0,0.44,0.01,0.01,,2240,1760,1237,1701.08,1,2026-02-20 01:00:00+00:00,235.75,,,,,,,,,0
Sports,KXNBATOTAL-26FEB05CHITOR,Chicago at Toronto: Total Points,KXNBATOTAL-26FEB05CHITOR-220,Over 220.5 points scored,0.99,1.0,0.995,0.99,0.01,5608,5608,4231,1683.43,1,2026-02-20 00:30:00+00:00,235.25,,,,,,,,,0
Sports,KXSOCCERTRANSFER-26,Who will leave their club during the winter transfer window?,KXSOCCERTRANSFER-26-MGUE,Marc Guehi,0.1,1.0,0.55,0.98,0.9,1,0,1,1646.76,1,2026-02-12 04:59:00+00:00,47.74,0.0,0.0,0.0,-0.0,0.0,0.0,1.0,0.0,5
Sports,KXNBAALLSTARS-26,Pro Basketball All Stars?,KXNBAALLSTARS-26-LBAL,LaMelo Ball,0.0,0.81,0.01,0.01,,10260,0,8082,1608.93,1,2026-02-17 15:00:00+00:00,177.75,0.0,0.0,0.0,0.0,0.0,0.0,1.0,0.0,7
Sports,KXNCAAMBTOTAL-26FEB05USIUTM,Southern Indiana at Tennessee-Martin: Total Points,KXNCAAMBTOTAL-26FEB05USIUTM-148,Over 148.5 points scored,0.02,0.27,0.145,0.2,0.25,47,47,47,1582.6,1,2026-02-20 01:30:00+00:00,236.25,,,,,,,,,0
Sports,KXNCAAMBTOTAL-26FEB05DENNDSU,Denver at North Dakota St.: Total Points,KXNCAAMBTOTAL-26FEB05DENNDSU-151,Over 151.5 points scored,0.03,0.74,0.385,0.64,0.71,2837,2820,1822,1575.11,1,2026-02-20 01:00:00+00:00,235.75,,,,,,,,,0
Sports,KXNHLTOTAL-26FEB05NSHWSH,Nashville at Washington: Total Points,KXNHLTOTAL-26FEB05NSHWSH-5,Over 5.5 goals scored,0.99,1.0,0.995,0.99,0.01,20308,17187,14744,1574.58,1,2026-02-20 00:00:00+00:00,234.75,,,,,,,,,0
Sports,KXNHLSPREAD-26FEB05FLATB,Florida at Tampa Bay: Spread,KXNHLSPREAD-26FEB05FLATB-FLA1,Florida wins by over 1.5 goals,0.0,0.01,0.01,0.01,,7532,7532,4858,1568.13,1,2026-02-20 00:30:00+00:00,235.25,,,,,,,,,0
Sports,KXNBAPTS-26FEB05CHAHOU,Charlotte at Houston: Points,KXNBAPTS-26FEB05CHAHOU-HOUATHOMPSON1-10,Amen Thompson: 10+,0.0,0.8,0.77,0.77,,366,366,364,1553.72,1,2026-02-20 01:00:00+00:00,235.75,,,,,,,,,0
Sports,KXNHLSPREAD-26FEB05PITBUF,Pittsburgh at Buffalo: Spread,KXNHLSPREAD-26FEB05PITBUF-BUF1,Buffalo wins by over 1.5 goals,0.0,0.01,0.01,0.01,,36557,35819,34544,1526.46,1,2026-02-20 00:00:00+00:00,234.75,,,,,,,,,0
Sports,KXNCAAMBTOTAL-26FEB05DENNDSU,Denver at North Dakota St.: Total Points,KXNCAAMBTOTAL-26FEB05DENNDSU-163,Over 163.5 points scored,0.04,0.79,0.415,0.04,0.75,1050,1050,1030,1499.29,1,2026-02-20 01:00:00+00:00,235.75,,,,,,,,,0
Sports,KXNCAAMBTOTAL-26FEB05DENNDSU,Denver at North Dakota St.: Total Points,KXNCAAMBTOTAL-26FEB05DENNDSU-148,Over 148.5 points scored,0.04,0.52,0.28,0.06,0.48,2471,2430,2451,1481.06,1,2026-02-20 01:00:00+00:00,235.75,,,,,,,,,0
Sports,KXNBASPREAD-26FEB05UTAATL,Utah at Atlanta: Spread,KXNBASPREAD-26FEB05UTAATL-ATL22,Atlanta wins by over 22.5 Points,0.0,0.01,0.01,0.01,,2226,2226,2186,1479.53,1,2026-02-20 00:30:00+00:00,235.25,,,,,,,,,0
Sports,KXNHLSPREAD-26FEB05NSHWSH,Nashville at Washington: Spread,KXNHLSPREAD-26FEB05NSHWSH-NSH1,Nashville wins by over 1.5 goals,0.0,0.01,0.01,0.01,,2583,2583,2448,1464.63,1,2026-02-20 00:00:00+00:00,234.75,,,,,,,,,0
Sports,KXNBATOTAL-26FEB05UTAATL,Utah at Atlanta: Total Points,KXNBATOTAL-26FEB05UTAATL-231,Over 231.5 points scored,0.99,1.0,0.995,0.99,0.01,7375,7344,4966,1447.67,1,2026-02-20 00:30:00+00:00,235.25,,,,,,,,,0
Sports,KXNCAAMBTOTAL-26FEB05DENNDSU,Denver at North Dakota St.: Total Points,KXNCAAMBTOTAL-26FEB05DENNDSU-160,Over 160.5 points scored,0.02,0.79,0.405,0.26,0.77,91,91,76,1447.64,1,2026-02-20 01:00:00+00:00,235.75,,,,,,,,,0
Sports,KXNCAAMBTOTAL-26FEB05WIUTNTC,Western Illinois at Tennessee Tech: Total Points,KXNCAAMBTOTAL-26FEB05WIUTNTC-127,Over 127.5 points scored,0.21,0.99,0.6,0.99,0.78,1,1,1,1408.74,1,2026-02-20 01:30:00+00:00,236.25,,,,,,,,,0
Sports,KXNCAAMBTOTAL-26FEB05DENNDSU,Denver at North Dakota St.: Total Points,KXNCAAMBTOTAL-26FEB05DENNDSU-145,Over 145.5 points scored,0.03,0.98,0.505,0.21,0.95,270,219,176,1408.32,1,2026-02-20 01:00:00+00:00,235.75,,,,,,,,,0
Sports,KXNCAAMBTOTAL-26FEB05DENNDSU,Denver at North Dakota St.: Total Points,KXNCAAMBTOTAL-26FEB05DENNDSU-172,Over 172.5 points scored,0.01,0.79,0.4,0.02,0.78,150,0,150,1405.69,1,2026-02-20 01:00:00+00:00,235.75,,,,,,,,,0
Sports,KXNCAAMBTOTAL-26FEB05CITSAM,The Citadel at Samford: Total Points,KXNCAAMBTOTAL-26FEB05CITSAM-133,Over 133.5 points scored,0.99,1.0,0.995,0.99,0.01,11416,11416,11416,1393.52,1,2026-02-20 01:00:00+00:00,235.75,,,,,,,,,0
Sports,KXNCAAMBSPREAD-26FEB05DENNDSU,Denver at North Dakota St.: Spread,KXNCAAMBSPREAD-26FEB05DENNDSU-NDSU2,North Dakota St. wins by over 2.5 Points,0.13,0.63,0.38,0.15,0.5,419,285,355,1383.1,1,2026-02-20 01:00:00+00:00,235.75,,,,,,,,,0
Sports,KXNCAAMBTOTAL-26FEB05DENNDSU,Denver at North Dakota St.: Total Points,KXNCAAMBTOTAL-26FEB05DENNDSU-166,Over 166.5 points scored,0.02,0.79,0.405,0.26,0.77,32,32,32,1352.24,1,2026-02-20 01:00:00+00:00,235.75,,,,,,,,,0
Sports,KXNBATOTAL-26FEB05UTAATL,Utah at Atlanta: Total Points,KXNBATOTAL-26FEB05UTAATL-228,Over 228.5 points scored,0.99,1.0,0.995,0.99,0.01,1148,1148,1141,1336.93,1,2026-02-20 00:30:00+00:00,235.25,,,,,,,,,0
Sports,KXNCAAMBSPREAD-26FEB05ELONHAMP,Elon at Hampton: Spread,KXNCAAMBSPREAD-26FEB05ELONHAMP-ELON10,Elon wins by over 10.5 Points,0.0,0.01,0.01,0.01,,250,250,250,1323.53,1,2026-02-20 00:00:00+00:00,234.75,,,,,,,,,0
Sports,KXNCAAMBTOTAL-26FEB05CITSAM,The Citadel at Samford: Total Points,KXNCAAMBTOTAL-26FEB05CITSAM-127,Over 127.5 points scored,0.99,1.0,0.995,0.99,0.01,300,300,300,1302.33,1,2026-02-20 01:00:00+00:00,235.75,,,,,,,,,0
Sports,KXNCAAMBSPREAD-26FEB05ELONHAMP,Elon at Hampton: Spread,KXNCAAMBSPREAD-26FEB05ELONHAMP-HAMP5,Hampton wins by over 5.5 Points,0.99,1.0,0.995,0.99,0.01,5053,4803,2889,1300.52,1,2026-02-20 00:00:00+00:00,234.75,,,,,,,,,0
Sports,KXNCAAMBSPREAD-26FEB05CITSAM,The Citadel at Samford: Spread,KXNCAAMBSPREAD-26FEB05CITSAM-SAM7,Samford wins by over 7.5 Points,0.22,0.87,0.545,0.78,0.65,8921,8501,7527,1300.44,1,2026-02-20 01:00:00+00:00,235.75,,,,,,,,,0
Sports,KXNCAAMBSPREAD-26FEB05ELONHAMP,Elon at Hampton: Spread,KXNCAAMBSPREAD-26FEB05ELONHAMP-HAMP14,Hampton wins by over 14.5 Points,0.0,0.01,0.01,0.01,,990,620,620,1293.7,1,2026-02-20 00:00:00+00:00,234.75,,,,,,,,,0
Sports,KXNCAAMBSPREAD-26FEB05ELONHAMP,Elon at Hampton: Spread,KXNCAAMBSPREAD-26FEB05ELONHAMP-ELON4,Elon wins by over 4.5 Points,0.0,0.01,0.01,0.01,,15095,15090,10586,1277.32,1,2026-02-20 00:00:00+00:00,234.75,,,,,,,,,0
Sports,KXNBAPTS-26FEB05CHAHOU,Charlotte at Houston: Points,KXNBAPTS-26FEB05CHAHOU-HOUKDURANT7-35,Kevin Durant: 35+,0.0,0.76,0.78,0.78,,2858,1747,2784,1269.55,1,2026-02-20 01:00:00+00:00,235.75,,,,,,,,,0
Sports,KXNCAAMBSPREAD-26FEB05ELONHAMP,Elon at Hampton: Spread,KXNCAAMBSPREAD-26FEB05ELONHAMP-ELON13,Elon wins by over 13.5 Points,0.0,0.01,0.01,0.01,,250,250,250,1247.01,1,2026-02-20 00:00:00+00:00,234.75,,,,,,,,,0
Sports,KXNCAAMBSPREAD-26FEB05DENNDSU,Denver at North Dakota St.: Spread,KXNCAAMBSPREAD-26FEB05DENNDSU-NDSU8,North Dakota St. wins by over 8.5 Points,0.01,0.52,0.265,0.03,0.51,3316,3266,3273,1244.43,1,2026-02-20 01:00:00+00:00,235.75,,,,,,,,,0
Sports,KXNBAPTS-26FEB05CHAHOU,Charlotte at Houston: Points,KXNBAPTS-26FEB05CHAHOU-CHAKKNUEPPEL7-25,Kon Knueppel: 25+,0.0,0.75,0.54,0.54,,601,601,600,1241.46,1,2026-02-20 01:00:00+00:00,235.75,,,,,,,,,0
Sports,KXNHLGOAL-26FEB05FLATB,FLA Panthers at TB Lightning: Anytime Goal,KXNHLGOAL-26FEB05FLATB-TBJGUENTZEL59,Jake Guentzel,0.91,1.0,0.955,0.99,0.09,19449,19449,14434,1224.54,1,2026-02-20 00:30:00+00:00,235.25,,,,,,,,,0
Sports,KXNBASPREAD-26FEB05UTAATL,Utah at Atlanta: Spread,KXNBASPREAD-26FEB05UTAATL-ATL25,Atlanta wins by over 25.5 Points,0.0,0.01,0.01,0.01,,1353,1353,1343,1201.76,1,2026-02-20 00:30:00+00:00,235.25,,,,,,,,,0
Sports,KXNHLSPREAD-26FEB05NSHWSH,Nashville at Washington: Spread,KXNHLSPREAD-26FEB05NSHWSH-NSH2,Nashville wins by over 2.5 goals,0.0,0.01,0.06,0.06,,1495,1495,1394,1200.54,1,2026-02-20 00:00:00+00:00,234.75,,,,,,,,,0
Sports,KXNCAAMBTOTAL-26FEB05DENNDSU,Denver at North Dakota St.: Total Points,KXNCAAMBTOTAL-26FEB05DENNDSU-175,Over 175.5 points scored,0.01,0.42,0.215,0.01,0.41,334,131,334,1186.83,1,2026-02-20 01:00:00+00:00,235.75,,,,,,,,,0
Sports,KXNHLSPREAD-26FEB05FLATB,Florida at Tampa Bay: Spread,KXNHLSPREAD-26FEB05FLATB-FLA2,Florida wins by over 2.5 goals,0.0,0.01,0.01,0.01,,1376,1375,1347,1184.02,1,2026-02-20 00:30:00+00:00,235.25,,,,,,,,,0
Sports,KXNCAAMBSPREAD-26FEB05DENNDSU,Denver at North Dakota St.: Spread,KXNCAAMBSPREAD-26FEB05DENNDSU-NDSU23,North Dakota St. wins by over 23.5 Points,0.0,0.62,0.01,0.01,,1250,1250,1250,1174.91,1,2026-02-20 01:00:00+00:00,235.75,,,,,,,,,0
Sports,KXNCAAMBSPREAD-26FEB05DENNDSU,Denver at North Dakota St.: Spread,KXNCAAMBSPREAD-26FEB05DENNDSU-NDSU20,North Dakota St. wins by over 20.5 Points,0.0,0.64,0.01,0.01,,250,250,250,1171.08,1,2026-02-20 01:00:00+00:00,235.75,,,,,,,,,0
Sports,KXNCAAMBSPREAD-26FEB05LINWUALR,Lindenwood at Little Rock: Spread,KXNCAAMBSPREAD-26FEB05LINWUALR-UALR11,Little Rock wins by over 11.5 Points,0.03,0.25,0.14,0.13,0.22,1,1,1,1161.68,1,2026-02-20 01:00:00+00:00,235.75,,,,,,,,,0
Sports,KXNCAAMBSPREAD-26FEB05ELONHAMP,Elon at Hampton: Spread,KXNCAAMBSPREAD-26FEB05ELONHAMP-ELON7,Elon wins by over 7.5 Points,0.0,0.01,0.01,0.01,,1429,1429,1098,1153.44,1,2026-02-20 00:00:00+00:00,234.75,,,,,,,,,0
Sports,KXNCAAMBTOTAL-26FEB05ACUVU,Abilene Christian at Utah Valley: Total Points,KXNCAAMBTOTAL-26FEB05ACUVU-158,Over 158.5 points scored,0.0,0.01,0.01,0.01,,450,450,450,1152.64,1,2026-02-20 01:00:00+00:00,235.75,,,,,,,,,0
Sports,KXNCAAMBTOTAL-26FEB05CITSAM,The Citadel at Samford: Total Points,KXNCAAMBTOTAL-26FEB05CITSAM-130,Over 130.5 points scored,0.99,1.0,0.995,0.97,0.01,3062,3062,3062,1150.48,1,2026-02-20 01:00:00+00:00,235.75,,,,,,,,,0
Sports,KXNCAAMBSPREAD-26FEB05DENNDSU,Denver at North Dakota St.: Spread,KXNCAAMBSPREAD-26FEB05DENNDSU-NDSU17,North Dakota St. wins by over 17.5 Points,0.0,0.64,0.01,0.01,,390,390,390,1138.06,1,2026-02-20 01:00:00+00:00,235.75,,,,,,,,,0
Sports,KXNCAAMBTOTAL-26FEB05CITSAM,The Citadel at Samford: Total Points,KXNCAAMBTOTAL-26FEB05CITSAM-136,Over 136.5 points scored,0.97,1.0,0.985,0.99,0.03,12597,12597,12226,1112.85,1,2026-02-20 01:00:00+00:00,235.75,,,,,,,,,0
Sports,KXNCAAMBSPREAD-26FEB05DENNDSU,Denver at North Dakota St.: Spread,KXNCAAMBSPREAD-26FEB05DENNDSU-NDSU26,North Dakota St. wins by over 26.5 Points,0.0,0.5,0.01,0.01,,250,250,250,1074.53,1,2026-02-20 01:00:00+00:00,235.75,,,,,,,,,0
Sports,KXNCAAMBSPREAD-26FEB05CITSAM,The Citadel at Samford: Spread,KXNCAAMBSPREAD-26FEB05CITSAM-SAM19,Samford wins by over 19.5 Points,0.01,0.65,0.33,0.03,0.64,122,76,101,1072.76,1,2026-02-20 01:00:00+00:00,235.75,,,,,,,,,0
Sports,KXNBA2D-26FEB05SASDAL,San Antonio at Dallas: Double Doubles,KXNBA2D-26FEB05SASDAL-DALCFLAGG32,Cooper Flagg,0.2,0.4,0.3,0.4,0.2,5373,5350,4976,1064.12,1,2026-02-20 01:30:00+00:00,236.25,,,,,,,,,0
Sports,KXNBAAST-26FEB05SASDAL,San Antonio at Dallas: Assists,KXNBAAST-26FEB05SASDAL-SASVWEMBANYAMA1-4,Victor Wembanyama: 4+,0.32,0.42,0.37,0.33,0.1,82,82,82,1053.28,1,2026-02-20 01:30:00+00:00,236.25,,,,,,,,,0
Sports,KXNCAAMBTOTAL-26FEB05ACUVU,Abilene Christian at Utah Valley: Total Points,KXNCAAMBTOTAL-26FEB05ACUVU-152,Over 152.5 points scored,0.0,0.01,0.01,0.01,,451,451,451,1044.63,1,2026-02-20 01:00:00+00:00,235.75,,,,,,,,,0
Sports,KXNCAAMBSPREAD-26FEB05ELONHAMP,Elon at Hampton: Spread,KXNCAAMBSPREAD-26FEB05ELONHAMP-ELON1,Elon wins by over 1.5 Points,0.0,0.01,0.01,0.01,,54043,50816,27577,1036.25,1,2026-02-20 00:00:00+00:00,234.75,,,,,,,,,0
Sports,KXNCAAMBTOTAL-26FEB05ACUVU,Abilene Christian at Utah Valley: Total Points,KXNCAAMBTOTAL-26FEB05ACUVU-155,Over 155.5 points scored,0.0,0.01,0.01,0.01,,480,480,465,1029.59,1,2026-02-20 01:00:00+00:00,235.75,,,,,,,,,0
Sports,KXNCAAMBTOTAL-26FEB05ACUVU,Abilene Christian at Utah Valley: Total Points,KXNCAAMBTOTAL-26FEB05ACUVU-149,Over 149.5 points scored,0.0,0.01,0.01,0.01,,550,100,550,1020.84,1,2026-02-20 01:00:00+00:00,235.75,,,,,,,,,0
Sports,KXNCAAMBSPREAD-26FEB05DENNDSU,Denver at North Dakota St.: Spread,KXNCAAMBSPREAD-26FEB05DENNDSU-DEN1,Denver wins by over 1.5 Points,0.03,0.79,0.41,0.19,0.76,136,136,123,1001.88,1,2026-02-20 01:00:00+00:00,235.75,,,,,,,,,0
Sports,KXNBA3PT-26FEB05SASDAL,San Antonio at Dallas: Three Pointers,KXNBA3PT-26FEB05SASDAL-SASDFOX4-1,De'Aaron Fox: 1+,0.53,0.59,0.56,0.59,0.06,64,64,64,997.59,1,2026-02-20 01:30:00+00:00,236.25,,,,,,,,,0
Sports,KXNCAAMBSPREAD-26FEB05DENNDSU,Denver at North Dakota St.: Spread,KXNCAAMBSPREAD-26FEB05DENNDSU-DEN4,Denver wins by over 4.5 Points,0.03,0.79,0.41,0.79,0.76,132,0,81,995.39,1,2026-02-20 01:00:00+00:00,235.75,,,,,,,,,0
Sports,KXNBAAST-26FEB05SASDAL,San Antonio at Dallas: Assists,KXNBAAST-26FEB05SASDAL-SASDFOX4-6,De'Aaron Fox: 6+,0.57,0.63,0.6,0.7,0.06,338,338,326,987.18,1,2026-02-20 01:30:00+00:00,236.25,,,,,,,,,0
Sports,KXNBA3PT-26FEB05SASDAL,San Antonio at Dallas: Three Pointers,KXNBA3PT-26FEB05SASDAL-SASDFOX4-2,De'Aaron Fox: 2+,0.18,0.25,0.215,0.62,0.07,594,594,594,978.66,1,2026-02-20 01:30:00+00:00,236.25,,,,,,,,,0
Sports,KXNCAAMBSPREAD-26FEB05ACUVU,Abilene Christian at Utah Valley: Spread,KXNCAAMBSPREAD-26FEB05ACUVU-UVU10,Utah Valley wins by over 10.5 Points,0.5,0.97,0.735,0.73,0.47,1534,1534,1520,965.9,1,2026-02-20 01:00:00+00:00,235.75,,,,,,,,,0
Sports,KXNCAAMBSPREAD-26FEB05DENNDSU,Denver at North Dakota St.: Spread,KXNCAAMBSPREAD-26FEB05DENNDSU-NDSU11,North Dakota St. wins by over 11.5 Points,0.0,0.42,0.01,0.01,,5635,5435,5157,961.17,1,2026-02-20 01:00:00+00:00,235.75,,,,,,,,,0
Sports,KXNCAAMBSPREAD-26FEB05ELONHAMP,Elon at Hampton: Spread,KXNCAAMBSPREAD-26FEB05ELONHAMP-ELON16,Elon wins by over 16.5 Points,0.0,0.01,0.01,0.01,,250,250,250,949.92,1,2026-02-20 00:00:00+00:00,234.75,,,,,,,,,0
Sports,KXNCAAMBSPREAD-26FEB05NEOMUND,Omaha at North Dakota: Spread,KXNCAAMBSPREAD-26FEB05NEOMUND-UND13,North Dakota wins by over 13.5 Points,0.01,0.64,0.325,0.02,0.63,77,77,77,949.26,1,2026-02-20 01:00:00+00:00,235.75,,,,,,,,,0
Sports,KXNCAAMBSPREAD-26FEB05DENNDSU,Denver at North Dakota St.: Spread,KXNCAAMBSPREAD-26FEB05DENNDSU-NDSU14,North Dakota St. wins by over 14.5 Points,0.0,0.06,0.01,0.01,,920,920,880,947.81,1,2026-02-20 01:00:00+00:00,235.75,,,,,,,,,0
Sports,KXNCAAMBSPREAD-26FEB05OSUMD,Ohio St. at Maryland: Spread,KXNCAAMBSPREAD-26FEB05OSUMD-MD5,Maryland wins by over 5.5 Points,0.0,0.03,0.01,0.01,,301,301,301,942.73,1,2026-02-20 01:30:00+00:00,236.25,,,,,,,,,0
Sports,KXNCAAMBSPREAD-26FEB05ELONHAMP,Elon at Hampton: Spread,KXNCAAMBSPREAD-26FEB05ELONHAMP-HAMP11,Hampton wins by over 11.5 Points,0.0,0.01,0.01,0.01,,292,261,267,937.99,1,2026-02-20 00:00:00+00:00,234.75,,,,,,,,,0
Sports,KXNBABLK-26FEB05SASDAL,San Antonio at Dallas: Blocks,KXNBABLK-26FEB05SASDAL-SASVWEMBANYAMA1-3,Victor Wembanyama: 3+,0.26,0.41,0.335,0.22,0.15,876,876,845,931.91,1,2026-02-20 01:30:00+00:00,236.25,,,,,,,,,0
Sports,KXNCAAMBSPREAD-26FEB05CITSAM,The Citadel at Samford: Spread,KXNCAAMBSPREAD-26FEB05CITSAM-SAM13,Samford wins by over 13.5 Points,0.03,0.15,0.09,0.32,0.12,14662,14662,13673,925.21,1,2026-02-20 01:00:00+00:00,235.75,,,,,,,,,0
Sports,KXNCAAMBTOTAL-26FEB05ACUVU,Abilene Christian at Utah Valley: Total Points,KXNCAAMBTOTAL-26FEB05ACUVU-161,Over 161.5 points scored,0.0,0.01,0.01,0.01,,451,451,451,921.99,1,2026-02-20 01:00:00+00:00,235.75,,,,,,,,,0
Sports,KXNBAPTS-26FEB05SASDAL,San Antonio at Dallas: Points,KXNBAPTS-26FEB05SASDAL-SASSCASTLE5-10,Stephon Castle: 10+,0.0,0.93,0.93,0.93,,125,125,125,918.53,1,2026-02-20 01:30:00+00:00,236.25,,,,,,,,,0
Sports,KXNCAAMBSPREAD-26FEB05OSUMD,Ohio St. at Maryland: Spread,KXNCAAMBSPREAD-26FEB05OSUMD-MD8,Maryland wins by over 8.5 Points,0.0,0.03,0.01,0.01,,355,355,355,888.84,1,2026-02-20 01:30:00+00:00,236.25,,,,,,,,,0
Sports,KXNCAAMBSPREAD-26FEB05ELONHAMP,Elon at Hampton: Spread,KXNCAAMBSPREAD-26FEB05ELONHAMP-HAMP2,Hampton wins by over 2.5 Points,0.99,1.0,0.995,0.99,0.01,4068,2891,1783,884.76,1,2026-02-20 00:00:00+00:00,234.75,,,,,,,,,0
Sports,KXNCAAMBSPREAD-26FEB05USIUTM,Southern Indiana at Tennessee-Martin: Spread,KXNCAAMBSPREAD-26FEB05USIUTM-USI1,Southern Indiana wins by over 1.5 Points,0.01,0.79,0.4,0.01,0.78,69,50,69,879.15,1,2026-02-20 01:30:00+00:00,236.25,,,,,,,,,0
Sports,KXNBATOTAL-26FEB05UTAATL,Utah at Atlanta: Total Points,KXNBATOTAL-26FEB05UTAATL-225,Over 225.5 points scored,0.99,1.0,0.995,0.99,0.01,9829,9829,7202,863.24,1,2026-02-20 00:30:00+00:00,235.25,,,,,,,,,0
Sports,KXNHLFIRSTGOAL-26FEB05NSHWSH,NSH Predators at WSH Capitals: First Goal,KXNHLFIRSTGOAL-26FEB05NSHWSH-NSHEHAULA56,Erik Haula,0.0,0.19,0.03,0.03,,1560,1560,1560,839.8,1,2026-02-20 00:00:00+00:00,234.75,,,,,,,,,0
Sports,KXNCAAMBSPREAD-26FEB05CITSAM,The Citadel at Samford: Spread,KXNCAAMBSPREAD-26FEB05CITSAM-SAM22,Samford wins by over 22.5 Points,0.0,0.65,0.01,0.01,,892,642,892,834.62,1,2026-02-20 01:00:00+00:00,235.75,,,,,,,,,0
Sports,KXNCAAMBSPREAD-26FEB05CITSAM,The Citadel at Samford: Spread,KXNCAAMBSPREAD-26FEB05CITSAM-SAM25,Samford wins by over 25.5 Points,0.0,0.79,0.01,0.01,,390,190,390,809.68,1,2026-02-20 01:00:00+00:00,235.75,,,,,,,,,0
Sports,KXNBAPTS-26FEB05CHAHOU,Charlotte at Houston: Points,KXNBAPTS-26FEB05CHAHOU-HOUATHOMPSON1-15,Amen Thompson: 15+,0.0,0.25,0.91,0.91,,838,837,838,767.22,1,2026-02-20 01:00:00+00:00,235.75,,,,,,,,,0
Sports,KXNBAPTS-26FEB05CHAHOU,Charlotte at Houston: Points,KXNBAPTS-26FEB05CHAHOU-CHALBALL1-25,LaMelo Ball: 25+,0.0,0.48,0.55,0.55,,2707,2562,2707,760.81,1,2026-02-20 01:00:00+00:00,235.75,,,,,,,,,0
Sports,KXNBAPTS-26FEB05UTAATL,Utah at Atlanta: Points,KXNBAPTS-26FEB05UTAATL-UTALMARKKANEN23-25,Lauri Markkanen: 25+,0.0,0.97,0.53,0.53,,3828,3828,3796,740.92,1,2026-02-20 00:30:00+00:00,235.25,,,,,,,,,0
Sports,KXNBAAST-26FEB05CHAHOU,Charlotte at Houston: Assists,KXNBAAST-26FEB05CHAHOU-HOUATHOMPSON1-6,Amen Thompson: 6+,0.02,0.98,0.5,0.96,0.96,1106,1106,1106,738.5,1,2026-02-20 01:00:00+00:00,235.75,,,,,,,,,0
Sports,KXNBAREB-26FEB05CHITOR,Chicago at Toronto: Rebounds,KXNBAREB-26FEB05CHITOR-TORSBARNES4-9,Scottie Barnes: 9+,0.0,0.98,0.52,0.52,,1068,1068,1068,738.0,1,2026-02-20 00:30:00+00:00,235.25,,,,,,,,,0
Sports,KXNBAAST-26FEB05CHAHOU,Charlotte at Houston: Assists,KXNBAAST-26FEB05CHAHOU-CHAKKNUEPPEL7-4,Kon Knueppel: 4+,0.04,0.98,0.51,0.79,0.94,435,435,335,734.47,1,2026-02-20 01:00:00+00:00,235.75,,,,,,,,,0
Sports,KXNBAAST-26FEB05SASDAL,San Antonio at Dallas: Assists,KXNBAAST-26FEB05SASDAL-SASVWEMBANYAMA1-3,Victor Wembanyama: 3+,0.65,0.77,0.71,0.52,0.12,930,930,902,733.86,1,2026-02-20 01:30:00+00:00,236.25,,,,,,,,,0
Sports,KXNCAAMBTOTAL-26FEB05ACUVU,Abilene Christian at Utah Valley: Total Points,KXNCAAMBTOTAL-26FEB05ACUVU-146,Over 146.5 points scored,0.0,0.01,0.01,0.01,,3967,3464,3060,731.9,1,2026-02-20 01:00:00+00:00,235.75,,,,,,,,,0
Sports,KXNBAPTS-26FEB05CHAHOU,Charlotte at Houston: Points,KXNBAPTS-26FEB05CHAHOU-HOUKDURANT7-30,Kevin Durant: 30+,0.99,1.0,0.995,0.99,0.01,1963,1634,1927,705.95,1,2026-02-20 01:00:00+00:00,235.75,,,,,,,,,0
Sports,KXNCAAMBSPREAD-26FEB05CITSAM,The Citadel at Samford: Spread,KXNCAAMBSPREAD-26FEB05CITSAM-SAM1,Samford wins by over 1.5 Points,0.21,1.0,0.605,0.99,0.79,250,50,250,704.54,1,2026-02-20 01:00:00+00:00,235.75,,,,,,,,,0
Sports,KXNBAALLSTARS-26,Pro Basketball All Stars?,KXNBAALLSTARS-26-JRAN,Julius Randle,0.02,1.0,0.51,0.02,0.98,10724,0,7999,700.57,1,2026-02-17 15:00:00+00:00,177.75,0.0,0.0,0.0,-0.0,0.0,0.0,1.0,0.0,7
Sports,KXNBAREB-26FEB05CHAHOU,Charlotte at Houston: Rebounds,KXNBAREB-26FEB05CHAHOU-HOUATHOMPSON1-6,Amen Thompson: 6+,0.0,0.98,0.79,0.79,,114,114,114,691.0,1,2026-02-20 01:00:00+00:00,235.75,,,,,,,,,0
Sports,KXNCAAMBSPREAD-26FEB05NEOMUND,Omaha at North Dakota: Spread,KXNCAAMBSPREAD-26FEB05NEOMUND-UND16,North Dakota wins by over 16.5 Points,0.0,0.06,0.01,0.01,,250,250,250,689.37,1,2026-02-20 01:00:00+00:00,235.75,,,,,,,,,0
Sports,KXNCAAMBSPREAD-26FEB05CITSAM,The Citadel at Samford: Spread,KXNCAAMBSPREAD-26FEB05CITSAM-CIT2,The Citadel wins by over 2.5 Points,0.0,0.53,0.01,0.01,,317,317,310,689.3,1,2026-02-20 01:00:00+00:00,235.75,,,,,,,,,0
Sports,KXNBAREB-26FEB05CHAHOU,Charlotte at Houston: Rebounds,KXNBAREB-26FEB05CHAHOU-HOUATHOMPSON1-7,Amen Thompson: 7+,0.02,0.98,0.5,0.99,0.96,331,331,311,689.0,1,2026-02-20 01:00:00+00:00,235.75,,,,,,,,,0
Sports,KXNBABLK-26FEB05SASDAL,San Antonio at Dallas: Blocks,KXNBABLK-26FEB05SASDAL-SASVWEMBANYAMA1-2,Victor Wembanyama: 2+,0.6,0.72,0.66,0.74,0.12,111,111,111,688.12,1,2026-02-20 01:30:00+00:00,236.25,,,,,,,,,0
Sports,KXNCAAMBSPREAD-26FEB05MORESEMO,Morehead St. at Southeast Missouri St.: Spread,KXNCAAMBSPREAD-26FEB05MORESEMO-MORE7,Morehead St. wins by over 7.5 Points,0.01,0.79,0.4,0.01,0.78,275,275,275,686.41,1,2026-02-20 01:30:00+00:00,236.25,,,,,,,,,0
Sports,KXNCAAMBSPREAD-26FEB05ACUVU,Abilene Christian at Utah Valley: Spread,KXNCAAMBSPREAD-26FEB05ACUVU-AC2,Abilene Christian wins by over 2.5 Points,0.0,0.06,0.01,0.01,,402,402,402,685.11,1,2026-02-20 01:00:00+00:00,235.75,,,,,,,,,0
Sports,KXNCAAMBSPREAD-26FEB05ACUVU,Abilene Christian at Utah Valley: Spread,KXNCAAMBSPREAD-26FEB05ACUVU-UVU4,Utah Valley wins by over 4.5 Points,0.21,1.0,0.605,0.99,0.79,290,40,290,659.78,1,2026-02-20 01:00:00+00:00,235.75,,,,,,,,,0
Sports,KXNHLGOAL-26FEB05NSHWSH,NSH Predators at WSH Capitals: Anytime Goal,KXNHLGOAL-26FEB05NSHWSH-NSHROREILLY90,Ryan O'Reilly,0.0,0.96,0.28,0.28,,31,31,31,643.1,1,2026-02-20 00:00:00+00:00,234.75,,,,,,,,,0
Sports,KXNHLGOAL-26FEB05NSHWSH,NSH Predators at WSH Capitals: Anytime Goal,KXNHLGOAL-26FEB05NSHWSH-WSHAOVECHKIN8,Alex Ovechkin,0.0,0.96,0.39,0.39,,1697,1697,1697,642.14,1,2026-02-20 00:00:00+00:00,234.75,,,,,,,,,0
Sports,KXNBAPTS-26FEB05UTAATL,Utah at Atlanta: Points,KXNBAPTS-26FEB05UTAATL-ATLDDANIELS5-15,Dyson Daniels: 15+,0.0,0.97,0.36,0.36,,767,767,766,635.08,1,2026-02-20 00:30:00+00:00,235.25,,,,,,,,,0
Sports,KXNHLGOAL-26FEB05OTTPHI,OTT Senators at PHI Flyers: Anytime Goal,KXNHLGOAL-26FEB05OTTPHI-OTTCGIROUX28,Claude Giroux,0.0,0.94,0.17,0.17,,269,269,269,634.14,1,2026-02-20 00:00:00+00:00,234.75,,,,,,,,,0
Sports,KXNBAPTS-26FEB05UTAATL,Utah at Atlanta: Points,KXNBAPTS-26FEB05UTAATL-ATLCMCCOLLUM3-10,CJ McCollum: 10+,0.0,0.97,0.45,0.45,,403,403,393,627.34,1,2026-02-20 00:30:00+00:00,235.25,,,,,,,,,0
Sports,KXNBAPTS-26FEB05UTAATL,Utah at Atlanta: Points,KXNBAPTS-26FEB05UTAATL-ATLCMCCOLLUM3-15,CJ McCollum: 15+,0.0,0.6,0.05,0.05,,625,625,615,627.18,1,2026-02-20 00:30:00+00:00,235.25,,,,,,,,,0
Sports,KXNHLFIRSTGOAL-26FEB05PITBUF,PIT Penguins at BUF Sabres: First Goal,KXNHLFIRSTGOAL-26FEB05PITBUF-BUFATUCH89,Alex Tuch,0.0,0.23,0.23,0.23,,617,617,617,623.15,1,2026-02-20 00:00:00+00:00,234.75,,,,,,,,,0
Sports,KXNHLGOAL-26FEB05FLATB,FLA Panthers at TB Lightning: Anytime Goal,KXNHLGOAL-26FEB05FLATB-FLASREINHART13,Sam Reinhart,0.0,0.92,0.21,0.21,,3111,3111,3111,622.06,1,2026-02-20 00:30:00+00:00,235.25,,,,,,,,,0
Sports,KXNBA3PT-26FEB05CHITOR,Chicago at Toronto: Three Pointers,KXNBA3PT-26FEB05CHITOR-TORSBARNES4-3,Scottie Barnes: 3+,0.0,0.45,0.18,0.18,,436,436,436,613.87,1,2026-02-20 00:30:00+00:00,235.25,,,,,,,,,0
Sports,KXNHLGOAL-26FEB05NSHWSH,NSH Predators at WSH Capitals: Anytime Goal,KXNHLGOAL-26FEB05NSHWSH-NSHFFORSBERG9,Filip Forsberg,0.0,0.96,0.35,0.35,,52,52,52,612.03,1,2026-02-20 00:00:00+00:00,234.75,,,,,,,,,0
Sports,KXNBABLK-26FEB05SASDAL,San Antonio at Dallas: Blocks,KXNBABLK-26FEB05SASDAL-DALCFLAGG32-1,Cooper Flagg: 1+,0.01,0.89,0.45,0.49,0.88,5932,5932,5932,611.28,1,2026-02-20 01:30:00+00:00,236.25,,,,,,,,,0
Sports,KXNBABLK-26FEB05SASDAL,San Antonio at Dallas: Blocks,KXNBABLK-26FEB05SASDAL-DALCFLAGG32-2,Cooper Flagg: 2+,0.0,0.93,0.24,0.24,,273,273,273,611.0,1,2026-02-20 01:30:00+00:00,236.25,,,,,,,,,0
Sports,KXNBAPTS-26FEB05UTAATL,Utah at Atlanta: Points,KXNBAPTS-26FEB05UTAATL-ATLCMCCOLLUM3-20,CJ McCollum: 20+,0.0,0.97,0.37,0.37,,906,906,823,609.94,1,2026-02-20 00:30:00+00:00,235.25,,,,,,,,,0
Sports,KXNBAPTS-26FEB05UTAATL,Utah at Atlanta: Points,KXNBAPTS-26FEB05UTAATL-ATLNALEXANDERWALKER7-20,Nickeil Alexander-Walker: 20+,0.0,0.98,0.78,0.78,,1789,1789,1789,609.16,1,2026-02-20 00:30:00+00:00,235.25,,,,,,,,,0
Sports,KXNBAREB-26FEB05CHITOR,Chicago at Toronto: Rebounds,KXNBAREB-26FEB05CHITOR-TORSBARNES4-8,Scottie Barnes: 8+,0.0,0.71,0.5,0.5,,782,782,659,608.15,1,2026-02-20 00:30:00+00:00,235.25,,,,,,,,,0
Sports,KXNCAAMBSPREAD-26FEB05ACUVU,Abilene Christian at Utah Valley: Spread,KXNCAAMBSPREAD-26FEB05ACUVU-UVU1,Utah Valley wins by over 1.5 Points,0.98,1.0,0.99,0.99,0.02,250,58,250,606.78,1,2026-02-20 01:00:00+00:00,235.75,,,,,,,,,0
Sports,KXNBAPTS-26FEB05CHITOR,Chicago at Toronto: Points,KXNBAPTS-26FEB05CHITOR-TORSBARNES4-25,Scottie Barnes: 25+,0.0,0.06,0.13,0.13,,453,453,453,606.58,1,2026-02-20 00:30:00+00:00,235.25,,,,,,,,,0
Sports,KXCS2MAP-26FEB01NRGMOUZ-2,IEM Krakow 2026: NRG vs. MOUZ Map 2,KXCS2MAP-26FEB01NRGMOUZ-2-NRG,NRG,0.0,0.1,0.15,0.15,,8944,909,5193,605.62,1,2026-02-15 13:00:00+00:00,127.75,,,,,,,,,0
Sports,KXNBAPTS-26FEB05UTAATL,Utah at Atlanta: Points,KXNBAPTS-26FEB05UTAATL-ATLCMCCOLLUM3-25,CJ McCollum: 25+,0.0,0.06,0.2,0.2,,479,479,418,603.48,1,2026-02-20 00:30:00+00:00,235.25,,,,,,,,,0
Sports,KXNBAPTS-26FEB05UTAATL,Utah at Atlanta: Points,KXNBAPTS-26FEB05UTAATL-ATLJJOHNSON1-25,Jalen Johnson: 25+,0.0,0.95,0.14,0.14,,3955,3955,3487,603.2,1,2026-02-20 00:30:00+00:00,235.25,,,,,,,,,0
Sports,KXNCAAMBSPREAD-26FEB05USIUTM,Southern Indiana at Tennessee-Martin: Spread,KXNCAAMBSPREAD-26FEB05USIUTM-USI4,Southern Indiana wins by over 4.5 Points,0.0,0.06,0.01,0.01,,370,170,370,602.31,1,2026-02-20 01:30:00+00:00,236.25,,,,,,,,,0
Sports,KXNBA2D-26FEB05UTAATL,Utah at Atlanta: Double Doubles,KXNBA2D-26FEB05UTAATL-ATLJJOHNSON1,Jalen Johnson,0.99,1.0,0.995,0.99,0.01,778,778,730,600.0,1,2026-02-20 00:30:00+00:00,235.25,,,,,,,,,0
Sports,KXNCAAMBSPREAD-26FEB05CITSAM,The Citadel at Samford: Spread,KXNCAAMBSPREAD-26FEB05CITSAM-SAM28,Samford wins by over 28.5 Points,0.0,0.06,0.01,0.01,,289,289,289,597.3,1,2026-02-20 01:00:00+00:00,235.75,,,,,,,,,0
Sports,KXNHLGOAL-26FEB05NSHWSH,NSH Predators at WSH Capitals: Anytime Goal,KXNHLGOAL-26FEB05NSHWSH-WSHJSOURDIF34,Justin Sourdif,0.0,0.95,0.2,0.2,,47,47,47,593.39,1,2026-02-20 00:00:00+00:00,234.75,,,,,,,,,0
Sports,KXSSHIELDMATCH-26FEB04REDBLU,New South Wales Blues vs South Australia Redbacks,KXSSHIELDMATCH-26FEB04REDBLU-BLU,New South Wales Blues,0.02,0.99,0.505,0.01,0.97,221,111,111,592.9,1,2026-02-19 23:30:00+00:00,234.25,0.142857,-0.550562,-0.550562,-10.5,0.606742,0.201394,1.0,0.785863,7
Sports,KXNHLGOAL-26FEB05OTTPHI,OTT Senators at PHI Flyers: Anytime Goal,KXNHLGOAL-26FEB05OTTPHI-OTTDBATHERSON19,Drake Batherson,0.0,0.92,0.25,0.25,,524,524,524,590.25,1,2026-02-20 00:00:00+00:00,234.75,,,,,,,,,0
Sports,KXNBAREB-26FEB05SASDAL,San Antonio at Dallas: Rebounds,KXNBAREB-26FEB05SASDAL-SASSCASTLE5-4,Stephon Castle: 4+,0.0,0.97,0.62,0.62,,45,45,44,589.0,1,2026-02-20 01:30:00+00:00,236.25,,,,,,,,,0
Sports,KXNBAAST-26FEB05SASDAL,San Antonio at Dallas: Assists,KXNBAAST-26FEB05SASDAL-SASDFOX4-8,De'Aaron Fox: 8+,0.0,0.97,0.35,0.35,,3502,3502,3502,589.0,1,2026-02-20 01:30:00+00:00,236.25,,,,,,,,,0
Sports,KXNBAREB-26FEB05CHAHOU,Charlotte at Houston: Rebounds,KXNBAREB-26FEB05CHAHOU-CHAKKNUEPPEL7-6,Kon Knueppel: 6+,0.0,0.97,0.42,0.42,,216,216,216,589.0,1,2026-02-20 01:00:00+00:00,235.75,,,,,,,,,0
Sports,KXNHLGOAL-26FEB05FLATB,FLA Panthers at TB Lightning: Anytime Goal,KXNHLGOAL-26FEB05FLATB-FLASBENNETT9,Sam Bennett,0.0,0.9,0.9,0.9,,417,306,417,586.54,1,2026-02-20 00:30:00+00:00,235.25,,,,,,,,,0
Sports,KXNBAPTS-26FEB05UTAATL,Utah at Atlanta: Points,KXNBAPTS-26FEB05UTAATL-UTALMARKKANEN23-30,Lauri Markkanen: 30+,0.0,0.94,0.61,0.61,,164,164,164,578.46,1,2026-02-20 00:30:00+00:00,235.25,,,,,,,,,0
Sports,KXNHLGOAL-26FEB05OTTPHI,OTT Senators at PHI Flyers: Anytime Goal,KXNHLGOAL-26FEB05OTTPHI-OTTSPINTO12,Shane Pinto,0.0,0.96,0.23,0.23,,1,1,1,577.17,1,2026-02-20 00:00:00+00:00,234.75,,,,,,,,,0
Sports,KXNBAPTS-26FEB05SASDAL,San Antonio at Dallas: Points,KXNBAPTS-26FEB05SASDAL-SASDFOX4-20,De'Aaron Fox: 20+,0.0,0.12,0.11,0.11,,6463,3733,6463,574.22,1,2026-02-20 01:30:00+00:00,236.25,,,,,,,,,0
Sports,KXNHLGOAL-26FEB05FLATB,FLA Panthers at TB Lightning: Anytime Goal,KXNHLGOAL-26FEB05FLATB-TBDRADDYSH43,Darren Raddysh,0.0,0.97,0.27,0.27,,1003,1003,1003,572.07,1,2026-02-20 00:30:00+00:00,235.25,,,,,,,,,0
Sports,KXNHLGOAL-26FEB05FLATB,FLA Panthers at TB Lightning: Anytime Goal,KXNHLGOAL-26FEB05FLATB-FLACVERHAEGHE23,Carter Verhaeghe,0.0,0.97,0.94,0.94,,175,63,175,571.1,1,2026-02-20 00:30:00+00:00,235.25,,,,,,,,,0
Sports,KXNHLGOAL-26FEB05PITBUF,PIT Penguins at BUF Sabres: Anytime Goal,KXNHLGOAL-26FEB05PITBUF-PITBRUST17,Bryan Rust,0.0,0.97,0.36,0.36,,248,248,248,571.1,1,2026-02-20 00:00:00+00:00,234.75,,,,,,,,,0
Sports,KXNHLGOAL-26FEB05PITBUF,PIT Penguins at BUF Sabres: Anytime Goal,KXNHLGOAL-26FEB05PITBUF-BUFJDOAN91,Josh Doan,0.0,0.97,0.26,0.26,,254,254,254,571.1,1,2026-02-20 00:00:00+00:00,234.75,,,,,,,,,0
Sports,KXNHLGOAL-26FEB05PITBUF,PIT Penguins at BUF Sabres: Anytime Goal,KXNHLGOAL-26FEB05PITBUF-BUFATUCH89,Alex Tuch,0.0,0.97,0.36,0.36,,254,254,254,571.1,1,2026-02-20 00:00:00+00:00,234.75,,,,,,,,,0
Sports,KXNHLGOAL-26FEB05OTTPHI,OTT Senators at PHI Flyers: Anytime Goal,KXNHLGOAL-26FEB05OTTPHI-PHITZEGRAS46,Trevor Zegras,0.0,0.97,0.28,0.28,,65,65,65,571.1,1,2026-02-20 00:00:00+00:00,234.75,,,,,,,,,0
Sports,KXNHLGOAL-26FEB05OTTPHI,OTT Senators at PHI Flyers: Anytime Goal,KXNHLGOAL-26FEB05OTTPHI-PHIBBRINK10,Bobby Brink,0.0,0.97,0.21,0.21,,13,13,13,571.1,1,2026-02-20 00:00:00+00:00,234.75,,,,,,,,,0
Sports,KXNHLGOAL-26FEB05NYINJ,NYI Islanders at NJ Devils: Anytime Goal,KXNHLGOAL-26FEB05NYINJ-NJTMEIER28,Timo Meier,0.0,0.97,0.3,0.3,,15,15,15,571.1,1,2026-02-20 00:00:00+00:00,234.75,,,,,,,,,0
Sports,KXNHLGOAL-26FEB05NYINJ,NYI Islanders at NJ Devils: Anytime Goal,KXNHLGOAL-26FEB05NYINJ-NJOPALAT18,Ondrej Palat,0.0,0.97,0.2,0.2,,330,330,330,571.1,1,2026-02-20 00:00:00+00:00,234.75,,,,,,,,,0
Sports,KXNHLGOAL-26FEB05NYINJ,NYI Islanders at NJ Devils: Anytime Goal,KXNHLGOAL-26FEB05NYINJ-NJCBROWN16,Connor Brown,0.0,0.97,0.23,0.23,,455,455,455,571.1,1,2026-02-20 00:00:00+00:00,234.75,,,,,,,,,0
Sports,KXNHLGOAL-26FEB05NSHWSH,NSH Predators at WSH Capitals: Anytime Goal,KXNHLGOAL-26FEB05NSHWSH-WSHEFRANK53,Ethen Frank,0.0,0.97,0.2,0.2,,23,23,23,571.1,1,2026-02-20 00:00:00+00:00,234.75,,,,,,,,,0
Sports,KXNBASTL-26FEB05CHAHOU,Charlotte at Houston: Steals,KXNBASTL-26FEB05CHAHOU-CHALBALL1-2,LaMelo Ball: 2+,0.0,0.92,0.31,0.31,,15,15,15,563.04,1,2026-02-20 01:00:00+00:00,235.75,,,,,,,,,0
Sports,KXNBAPTS-26FEB05CHAHOU,Charlotte at Houston: Points,KXNBAPTS-26FEB05CHAHOU-CHAMBRIDGES0-25,Miles Bridges: 25+,0.0,0.1,0.1,0.1,,125,125,125,557.74,1,2026-02-20 01:00:00+00:00,235.75,,,,,,,,,0
Sports,KXNBAPTS-26FEB05SASDAL,San Antonio at Dallas: Points,KXNBAPTS-26FEB05SASDAL-SASDFOX4-30,De'Aaron Fox: 30+,0.0,0.08,0.07,0.07,,326,326,326,554.34,1,2026-02-20 01:30:00+00:00,236.25,,,,,,,,,0
Sports,KXNHLGOAL-26FEB05PITBUF,PIT Penguins at BUF Sabres: Anytime Goal,KXNHLGOAL-26FEB05PITBUF-PITSCROSBY87,Sidney Crosby,0.0,0.92,0.38,0.38,,1617,1617,1617,554.05,1,2026-02-20 00:00:00+00:00,234.75,,,,,,,,,0
Sports,KXNBAPTS-26FEB05CHAHOU,Charlotte at Houston: Points,KXNBAPTS-26FEB05CHAHOU-HOUATHOMPSON1-20,Amen Thompson: 20+,0.0,0.06,0.35,0.35,,627,627,627,553.98,1,2026-02-20 01:00:00+00:00,235.75,,,,,,,,,0
Sports,KXNBAPTS-26FEB05UTAATL,Utah at Atlanta: Points,KXNBAPTS-26FEB05UTAATL-ATLNALEXANDERWALKER7-25,Nickeil Alexander-Walker: 25+,0.0,0.99,0.31,0.31,,70,70,57,553.41,1,2026-02-20 00:30:00+00:00,235.25,,,,,,,,,0
Sports,KXNBAREB-26FEB05SASDAL,San Antonio at Dallas: Rebounds,KXNBAREB-26FEB05SASDAL-SASVWEMBANYAMA1-14,Victor Wembanyama: 14+,0.0,0.96,0.3,0.3,,310,310,310,553.02,1,2026-02-20 01:30:00+00:00,236.25,,,,,,,,,0
Sports,KXNBAREB-26FEB05CHAHOU,Charlotte at Houston: Rebounds,KXNBAREB-26FEB05CHAHOU-HOUKDURANT7-6,Kevin Durant: 6+,0.0,0.96,0.5,0.5,,72,72,72,553.02,1,2026-02-20 01:00:00+00:00,235.75,,,,,,,,,0
Sports,KXNBAREB-26FEB05CHAHOU,Charlotte at Houston: Rebounds,KXNBAREB-26FEB05CHAHOU-HOUASENGUN28-10,Alperen Sengun: 10+,0.0,0.96,0.4,0.4,,975,975,975,553.02,1,2026-02-20 01:00:00+00:00,235.75,,,,,,,,,0
Sports,KXNBAAST-26FEB05CHAHOU,Charlotte at Houston: Assists,KXNBAAST-26FEB05CHAHOU-CHALBALL1-6,LaMelo Ball: 6+,0.0,0.96,0.6,0.6,,808,808,808,553.02,1,2026-02-20 01:00:00+00:00,235.75,,,,,,,,,0
Sports,KXNHLGOAL-26FEB05FLATB,FLA Panthers at TB Lightning: Anytime Goal,KXNHLGOAL-26FEB05FLATB-TBNKUCHEROV86,Nikita Kucherov,0.0,0.93,0.37,0.37,,534,534,534,552.14,1,2026-02-20 00:30:00+00:00,235.25,,,,,,,,,0
Sports,KXNHLGOAL-26FEB05NYINJ,NYI Islanders at NJ Devils: Anytime Goal,KXNHLGOAL-26FEB05NYINJ-NJJBRATT63,Jesper Bratt,0.0,0.93,0.92,0.92,,476,476,476,550.17,1,2026-02-20 00:00:00+00:00,234.75,,,,,,,,,0
Sports,KXNBAPTS-26FEB05UTAATL,Utah at Atlanta: Points,KXNBAPTS-26FEB05UTAATL-ATLDDANIELS5-10,Dyson Daniels: 10+,0.99,1.0,0.995,0.99,0.01,1171,1171,1162,547.71,1,2026-02-20 00:30:00+00:00,235.25,,,,,,,,,0
Sports,KXNBA3PT-26FEB05SASDAL,San Antonio at Dallas: Three Pointers,KXNBA3PT-26FEB05SASDAL-SASDFOX4-5,De'Aaron Fox: 5+,0.0,0.06,0.04,0.04,,12,12,12,547.5,1,2026-02-20 01:30:00+00:00,236.25,,,,,,,,,0
Sports,KXNHLGOAL-26FEB05NSHWSH,NSH Predators at WSH Capitals: Anytime Goal,KXNHLGOAL-26FEB05NSHWSH-WSHRLEONARD9,Ryan Leonard,0.0,0.96,0.23,0.23,,206,206,206,547.08,1,2026-02-20 00:00:00+00:00,234.75,,,,,,,,,0
Sports,KXNBAPTS-26FEB05CHITOR,Chicago at Toronto: Points,KXNBAPTS-26FEB05CHITOR-TORSBARNES4-15,Scottie Barnes: 15+,0.0,0.96,0.2,0.2,,1442,1157,1419,546.19,1,2026-02-20 00:30:00+00:00,235.25,,,,,,,,,0
Sports,KXNHLGOAL-26FEB05FLATB,FLA Panthers at TB Lightning: Anytime Goal,KXNHLGOAL-26FEB05FLATB-TBOBJORKSTRAND22,Oliver Bjorkstrand,0.0,0.92,0.11,0.11,,101,101,101,546.09,1,2026-02-20 00:30:00+00:00,235.25,,,,,,,,,0
Sports,KXNHLGOAL-26FEB05OTTPHI,OTT Senators at PHI Flyers: Anytime Goal,KXNHLGOAL-26FEB05OTTPHI-PHIOTIPPETT74,Owen Tippett,0.0,0.95,0.28,0.28,,428,428,428,544.15,1,2026-02-20 00:00:00+00:00,234.75,,,,,,,,,0
Sports,KXNBAREB-26FEB05CHAHOU,Charlotte at Houston: Rebounds,KXNBAREB-26FEB05CHAHOU-HOUKDURANT7-10,Kevin Durant: 10+,0.0,0.78,0.07,0.07,,356,356,356,539.22,1,2026-02-20 01:00:00+00:00,235.75,,,,,,,,,0
Sports,KXNBASTL-26FEB05CHAHOU,Charlotte at Houston: Steals,KXNBASTL-26FEB05CHAHOU-HOUATHOMPSON1-3,Amen Thompson: 3+,0.0,0.81,0.22,0.22,,38,38,38,538.34,1,2026-02-20 01:00:00+00:00,235.75,,,,,,,,,0
Sports,KXNBAREB-26FEB05CHITOR,Chicago at Toronto: Rebounds,KXNBAREB-26FEB05CHITOR-TORSBARNES4-10,Scottie Barnes: 10+,0.0,0.5,0.43,0.43,,135,135,135,538.2,1,2026-02-20 00:30:00+00:00,235.25,,,,,,,,,0
Sports,KXNBA3PT-26FEB05SASDAL,San Antonio at Dallas: Three Pointers,KXNBA3PT-26FEB05SASDAL-DALCFLAGG32-4,Cooper Flagg: 4+,0.0,0.81,0.07,0.07,,963,963,963,537.36,1,2026-02-20 01:30:00+00:00,236.25,,,,,,,,,0
Sports,KXNHLGOAL-26FEB05PITBUF,PIT Penguins at BUF Sabres: Anytime Goal,KXNHLGOAL-26FEB05PITBUF-PITAMANTHA39,Anthony Mantha,0.0,0.97,0.3,0.3,,135,135,135,537.15,1,2026-02-20 00:00:00+00:00,234.75,,,,,,,,,0
Sports,KXNHLGOAL-26FEB05PITBUF,PIT Penguins at BUF Sabres: Anytime Goal,KXNHLGOAL-26FEB05PITBUF-BUFRDAHLIN26,Rasmus Dahlin,0.0,0.97,0.23,0.23,,904,904,904,537.15,1,2026-02-20 00:00:00+00:00,234.75,,,,,,,,,0
Sports,KXNHLGOAL-26FEB05PITBUF,PIT Penguins at BUF Sabres: Anytime Goal,KXNHLGOAL-26FEB05PITBUF-BUFNOSTLUND86,Noah Ostlund,0.0,0.97,0.18,0.18,,115,115,115,537.15,1,2026-02-20 00:00:00+00:00,234.75,,,,,,,,,0
Sports,KXNHLGOAL-26FEB05PITBUF,PIT Penguins at BUF Sabres: Anytime Goal,KXNHLGOAL-26FEB05PITBUF-BUFJQUINN22,Jack Quinn,0.0,0.97,0.26,0.26,,365,365,365,537.15,1,2026-02-20 00:00:00+00:00,234.75,,,,,,,,,0
Sports,KXNBAREB-26FEB05CHAHOU,Charlotte at Houston: Rebounds,KXNBAREB-26FEB05CHAHOU-CHAMBRIDGES0-8,Miles Bridges: 8+,0.0,0.81,0.17,0.17,,87,87,87,535.77,1,2026-02-20 01:00:00+00:00,235.75,,,,,,,,,0
Sports,KXNBAREB-26FEB05SASDAL,San Antonio at Dallas: Rebounds,KXNBAREB-26FEB05SASDAL-SASVWEMBANYAMA1-16,Victor Wembanyama: 16+,0.0,0.95,0.19,0.19,,806,806,806,535.0,1,2026-02-20 01:30:00+00:00,236.25,,,,,,,,,0
Sports,KXNBA3PT-26FEB05SASDAL,San Antonio at Dallas: Three Pointers,KXNBA3PT-26FEB05SASDAL-SASSCASTLE5-2,Stephon Castle: 2+,0.0,0.95,0.46,0.46,,12,12,12,535.0,1,2026-02-20 01:30:00+00:00,236.25,,,,,,,,,0
Sports,KXNBAAST-26FEB05SASDAL,San Antonio at Dallas: Assists,KXNBAAST-26FEB05SASDAL-SASSCASTLE5-6,Stephon Castle: 6+,0.0,0.95,0.54,0.54,,1470,1470,1470,531.0,1,2026-02-20 01:30:00+00:00,236.25,,,,,,,,,0
Sports,KXNBA3PT-26FEB05CHAHOU,Charlotte at Houston: Three Pointers,KXNBA3PT-26FEB05CHAHOU-CHAKKNUEPPEL7-3,Kon Knueppel: 3+,0.0,0.95,0.78,0.78,,1196,1196,1190,531.0,1,2026-02-20 01:00:00+00:00,235.75,,,,,,,,,0
Sports,KXNHLGOAL-26FEB05FLATB,FLA Panthers at TB Lightning: Anytime Goal,KXNHLGOAL-26FEB05FLATB-TBGGONCALVES93,Gage Goncalves,0.0,0.95,0.17,0.17,,5,5,5,526.1,1,2026-02-20 00:30:00+00:00,235.25,,,,,,,,,0
Sports,KXNHLGOAL-26FEB05FLATB,FLA Panthers at TB Lightning: Anytime Goal,KXNHLGOAL-26FEB05FLATB-TBDJAMES17,Dominic James,0.0,0.95,0.17,0.17,,284,284,284,526.1,1,2026-02-20 00:30:00+00:00,235.25,,,,,,,,,0
Sports,KXNBAPTS-26FEB05CHITOR,Chicago at Toronto: Points,KXNBAPTS-26FEB05CHITOR-TORSBARNES4-20,Scottie Barnes: 20+,0.0,0.19,0.21,0.21,,3332,3332,2429,524.24,1,2026-02-20 00:30:00+00:00,235.25,,,,,,,,,0
Sports,KXNBAREB-26FEB05CHAHOU,Charlotte at Houston: Rebounds,KXNBAREB-26FEB05CHAHOU-HOUASENGUN28-12,Alperen Sengun: 12+,0.0,0.93,0.24,0.24,,155,155,155,519.04,1,2026-02-20 01:00:00+00:00,235.75,,,,,,,,,0
Sports,KXNBAPTS-26FEB05UTAATL,Utah at Atlanta: Points,KXNBAPTS-26FEB05UTAATL-ATLJJOHNSON1-20,Jalen Johnson: 20+,0.99,1.0,0.995,0.99,0.01,2696,2183,2415,518.88,1,2026-02-20 00:30:00+00:00,235.25,,,,,,,,,0
Sports,KXNBAAST-26FEB05CHAHOU,Charlotte at Houston: Assists,KXNBAAST-26FEB05CHAHOU-HOUASENGUN28-6,Alperen Sengun: 6+,0.0,0.92,0.38,0.38,,2750,2750,2724,516.0,1,2026-02-20 01:00:00+00:00,235.75,,,,,,,,,0
Sports,KXNBA3PT-26FEB05CHAHOU,Charlotte at Houston: Three Pointers,KXNBA3PT-26FEB05CHAHOU-CHAKKNUEPPEL7-4,Kon Knueppel: 4+,0.0,0.92,0.36,0.36,,585,585,585,516.0,1,2026-02-20 01:00:00+00:00,235.75,,,,,,,,,0
Sports,KXNBAPTS-26FEB05SASDAL,San Antonio at Dallas: Points,KXNBAPTS-26FEB05SASDAL-SASDFOX4-25,De'Aaron Fox: 25+,0.0,0.08,0.17,0.17,,371,371,371,515.68,1,2026-02-20 01:30:00+00:00,236.25,,,,,,,,,0
Sports,KXCS2MAP-26FEB01NRGMOUZ-2,IEM Krakow 2026: NRG vs. MOUZ Map 2,KXCS2MAP-26FEB01NRGMOUZ-2-MOUZ,MOUZ,0.91,1.0,0.955,0.91,0.09,8193,90,4197,511.61,1,2026-02-15 13:00:00+00:00,127.75,,,,,,,,,0
Sports,KXNBAREB-26FEB05SASDAL,San Antonio at Dallas: Rebounds,KXNBAREB-26FEB05SASDAL-SASDFOX4-4,De'Aaron Fox: 4+,0.0,0.9,0.39,0.39,,123,123,123,511.0,1,2026-02-20 01:30:00+00:00,236.25,,,,,,,,,0
Sports,KXNHLGOAL-26FEB05OTTPHI,OTT Senators at PHI Flyers: Anytime Goal,KXNHLGOAL-26FEB05OTTPHI-PHITKONECNY11,Travis Konecny,0.0,0.91,0.24,0.24,,77,77,77,509.05,1,2026-02-20 00:00:00+00:00,234.75,,,,,,,,,0
Sports,KXNHLGOAL-26FEB05NYINJ,NYI Islanders at NJ Devils: Anytime Goal,KXNHLGOAL-26FEB05NYINJ-NJDMERCER91,Dawson Mercer,0.0,0.97,0.12,0.12,,236,236,236,509.02,1,2026-02-20 00:00:00+00:00,234.75,,,,,,,,,0
Sports,KXNHLGOAL-26FEB05OTTPHI,OTT Senators at PHI Flyers: Anytime Goal,KXNHLGOAL-26FEB05OTTPHI-PHIMMICHKOV39,Matvei Michkov,0.0,0.97,0.24,0.24,,495,495,495,508.05,1,2026-02-20 00:00:00+00:00,234.75,,,,,,,,,0
Sports,KXNHLGOAL-26FEB05OTTPHI,OTT Senators at PHI Flyers: Anytime Goal,KXNHLGOAL-26FEB05OTTPHI-OTTDCOZENS24,Dylan Cozens,0.0,0.97,0.29,0.29,,105,105,105,508.05,1,2026-02-20 00:00:00+00:00,234.75,,,,,,,,,0
Sports,KXNHLGOAL-26FEB05NYINJ,NYI Islanders at NJ Devils: Anytime Goal,KXNHLGOAL-26FEB05NYINJ-NYISHOLMSTROM10,Simon Holmstrom,0.0,0.97,0.2,0.2,,265,265,265,508.05,1,2026-02-20 00:00:00+00:00,234.75,,,,,,,,,0
Sports,KXNHLGOAL-26FEB05NYINJ,NYI Islanders at NJ Devils: Anytime Goal,KXNHLGOAL-26FEB05NYINJ-NYIALEE27,Anders Lee,0.0,0.97,0.22,0.22,,12,12,12,508.05,1,2026-02-20 00:00:00+00:00,234.75,,,,,,,,,0
Sports,KXNHLGOAL-26FEB05NYINJ,NYI Islanders at NJ Devils: Anytime Goal,KXNHLGOAL-26FEB05NYINJ-NJAGRITSYUK81,Arseny Gritsyuk,0.0,0.97,0.19,0.19,,498,498,498,508.05,1,2026-02-20 00:00:00+00:00,234.75,,,,,,,,,0
Sports,KXNHLGOAL-26FEB05NSHWSH,NSH Predators at WSH Capitals: Anytime Goal,KXNHLGOAL-26FEB05NSHWSH-NSHRJOSI59,Roman Josi,0.0,0.97,0.17,0.17,,115,115,115,508.05,1,2026-02-20 00:00:00+00:00,234.75,,,,,,,,,0
Sports,KXNBAPTS-26FEB05CHAHOU,Charlotte at Houston: Points,KXNBAPTS-26FEB05CHAHOU-HOUASENGUN28-20,Alperen Sengun: 20+,0.0,0.04,0.12,0.12,,7727,7727,7709,507.0,1,2026-02-20 01:00:00+00:00,235.75,,,,,,,,,0
Sports,KXCS2MAP-26FEB01NRGMOUZ-1,IEM Krakow 2026: NRG vs. MOUZ Map 1,KXCS2MAP-26FEB01NRGMOUZ-1-MOUZ,MOUZ,0.91,1.0,0.955,0.91,0.09,3689,27,2283,506.38,1,2026-02-15 13:00:00+00:00,127.75,,,,,,,,,0
Sports,KXNBAREB-26FEB05SASDAL,San Antonio at Dallas: Rebounds,KXNBAREB-26FEB05SASDAL-DALCFLAGG32-10,Cooper Flagg: 10+,0.0,0.87,0.32,0.32,,1923,1923,1923,506.05,1,2026-02-20 01:30:00+00:00,236.25,,,,,,,,,0
Sports,KXNBA3PT-26FEB05CHAHOU,Charlotte at Houston: Three Pointers,KXNBA3PT-26FEB05CHAHOU-CHALBALL1-6,LaMelo Ball: 6+,0.13,0.97,0.55,0.42,0.84,390,390,390,504.81,1,2026-02-20 01:00:00+00:00,235.75,,,,,,,,,0
Sports,KXNHLFIRSTGOAL-26FEB05PITBUF,PIT Penguins at BUF Sabres: First Goal,KXNHLFIRSTGOAL-26FEB05PITBUF-BUFTTHOMPSON72,Tage Thompson,0.0,0.22,0.23,0.23,,1372,1372,1372,500.51,1,2026-02-20 00:00:00+00:00,234.75,,,,,,,,,0
Sports,KXNBAPTS-26FEB05CHAHOU,Charlotte at Houston: Points,KXNBAPTS-26FEB05CHAHOU-HOUASENGUN28-25,Alperen Sengun: 25+,0.0,0.84,0.23,0.23,,135,135,135,500.14,1,2026-02-20 01:00:00+00:00,235.75,,,,,,,,,0
Sports,KXNBAPTS-26FEB05SASDAL,San Antonio at Dallas: Points,KXNBAPTS-26FEB05SASDAL-SASVWEMBANYAMA1-20,Victor Wembanyama: 20+,0.99,1.0,0.995,0.99,0.01,2771,2743,2686,499.75,1,2026-02-20 01:30:00+00:00,236.25,,,,,,,,,0
Sports,KXNBAPTS-26FEB05CHAHOU,Charlotte at Houston: Points,KXNBAPTS-26FEB05CHAHOU-CHAKKNUEPPEL7-20,Kon Knueppel: 20+,0.99,1.0,0.995,0.99,0.01,5050,4558,3972,499.62,1,2026-02-20 01:00:00+00:00,235.75,,,,,,,,,0
Sports,KXNHLGOAL-26FEB05FLATB,FLA Panthers at TB Lightning: Anytime Goal,KXNHLGOAL-26FEB05FLATB-FLAALUNDELL15,Anton Lundell,0.0,0.95,0.21,0.21,,30,30,30,494.09,1,2026-02-20 00:30:00+00:00,235.25,,,,,,,,,0
Sports,KXNBAPTS-26FEB05CHAHOU,Charlotte at Houston: Points,KXNBAPTS-26FEB05CHAHOU-CHAMBRIDGES0-15,Miles Bridges: 15+,0.99,1.0,0.995,0.99,0.01,1013,1013,886,493.94,1,2026-02-20 01:00:00+00:00,235.75,,,,,,,,,0
Sports,KXNBAAST-26FEB05CHAHOU,Charlotte at Houston: Assists,KXNBAAST-26FEB05CHAHOU-HOUATHOMPSON1-8,Amen Thompson: 8+,0.0,0.4,0.68,0.68,,2701,2701,2423,493.8,1,2026-02-20 01:00:00+00:00,235.75,,,,,,,,,0
Sports,KXNBAREB-26FEB05SASDAL,San Antonio at Dallas: Rebounds,KXNBAREB-26FEB05SASDAL-SASVWEMBANYAMA1-12,Victor Wembanyama: 12+,0.0,0.98,0.55,0.55,,9723,9723,9622,493.0,1,2026-02-20 01:30:00+00:00,236.25,,,,,,,,,0
Sports,KXNBAREB-26FEB05SASDAL,San Antonio at Dallas: Rebounds,KXNBAREB-26FEB05SASDAL-SASVWEMBANYAMA1-10,Victor Wembanyama: 10+,0.0,0.98,0.83,0.83,,2078,2078,1793,493.0,1,2026-02-20 01:30:00+00:00,236.25,,,,,,,,,0
Sports,KXNBAREB-26FEB05SASDAL,San Antonio at Dallas: Rebounds,KXNBAREB-26FEB05SASDAL-DALCFLAGG32-8,Cooper Flagg: 8+,0.0,0.98,0.45,0.45,,9618,9618,9580,493.0,1,2026-02-20 01:30:00+00:00,236.25,,,,,,,,,0
Sports,KXNBAREB-26FEB05SASDAL,San Antonio at Dallas: Rebounds,KXNBAREB-26FEB05SASDAL-DALCFLAGG32-6,Cooper Flagg: 6+,0.0,0.98,0.98,0.98,,56,56,55,493.0,1,2026-02-20 01:30:00+00:00,236.25,,,,,,,,,0
Sports,KXNBAAST-26FEB05SASDAL,San Antonio at Dallas: Assists,KXNBAAST-26FEB05SASDAL-SASSCASTLE5-8,Stephon Castle: 8+,0.0,0.98,0.42,0.42,,28,28,28,493.0,1,2026-02-20 01:30:00+00:00,236.25,,,,,,,,,0
Sports,KXNBA3PT-26FEB05SASDAL,San Antonio at Dallas: Three Pointers,KXNBA3PT-26FEB05SASDAL-SASSCASTLE5-1,Stephon Castle: 1+,0.0,0.98,0.53,0.53,,232,232,231,493.0,1,2026-02-20 01:30:00+00:00,236.25,,,,,,,,,0
Sports,KXNBAREB-26FEB05CHAHOU,Charlotte at Houston: Rebounds,KXNBAREB-26FEB05CHAHOU-HOUKDURANT7-4,Kevin Durant: 4+,0.0,0.98,0.95,0.95,,69,69,69,493.0,1,2026-02-20 01:00:00+00:00,235.75,,,,,,,,,0
Sports,KXNBAREB-26FEB05CHAHOU,Charlotte at Houston: Rebounds,KXNBAREB-26FEB05CHAHOU-HOUATHOMPSON1-8,Amen Thompson: 8+,0.0,0.98,0.43,0.43,,21,21,21,493.0,1,2026-02-20 01:00:00+00:00,235.75,,,,,,,,,0
Sports,KXNBAREB-26FEB05CHAHOU,Charlotte at Houston: Rebounds,KXNBAREB-26FEB05CHAHOU-HOUASENGUN28-8,Alperen Sengun: 8+,0.0,0.98,0.8,0.8,,2817,2817,2412,493.0,1,2026-02-20 01:00:00+00:00,235.75,,,,,,,,,0
Sports,KXNBAREB-26FEB05CHAHOU,Charlotte at Houston: Rebounds,KXNBAREB-26FEB05CHAHOU-CHAMBRIDGES0-6,Miles Bridges: 6+,0.0,0.98,0.61,0.61,,1758,1758,1657,493.0,1,2026-02-20 01:00:00+00:00,235.75,,,,,,,,,0
Sports,KXNBAREB-26FEB05CHAHOU,Charlotte at Houston: Rebounds,KXNBAREB-26FEB05CHAHOU-CHALBALL1-4,LaMelo Ball: 4+,0.0,0.98,0.89,0.89,,1323,1323,1323,493.0,1,2026-02-20 01:00:00+00:00,235.75,,,,,,,,,0
Sports,KXNBAAST-26FEB05CHAHOU,Charlotte at Houston: Assists,KXNBAAST-26FEB05CHAHOU-HOUASENGUN28-8,Alperen Sengun: 8+,0.0,0.98,0.25,0.25,,40,40,40,493.0,1,2026-02-20 01:00:00+00:00,235.75,,,,,,,,,0
Sports,KXNBAAST-26FEB05CHAHOU,Charlotte at Houston: Assists,KXNBAAST-26FEB05CHAHOU-CHAMBRIDGES0-4,Miles Bridges: 4+,0.0,0.98,0.4,0.4,,1,1,1,493.0,1,2026-02-20 01:00:00+00:00,235.75,,,,,,,,,0
Sports,KXNBA3PT-26FEB05CHAHOU,Charlotte at Houston: Three Pointers,KXNBA3PT-26FEB05CHAHOU-HOUKDURANT7-5,Kevin Durant: 5+,0.0,0.98,0.92,0.92,,653,653,645,493.0,1,2026-02-20 01:00:00+00:00,235.75,,,,,,,,,0
Sports,KXNBA3PT-26FEB05CHAHOU,Charlotte at Houston: Three Pointers,KXNBA3PT-26FEB05CHAHOU-HOUKDURANT7-4,Kevin Durant: 4+,0.0,0.98,0.5,0.5,,1057,1057,1057,493.0,1,2026-02-20 01:00:00+00:00,235.75,,,,,,,,,0
Sports,KXNBA3PT-26FEB05CHAHOU,Charlotte at Houston: Three Pointers,KXNBA3PT-26FEB05CHAHOU-CHAMBRIDGES0-4,Miles Bridges: 4+,0.0,0.98,0.14,0.14,,16,16,16,493.0,1,2026-02-20 01:00:00+00:00,235.75,,,,,,,,,0
Sports,KXNBA3PT-26FEB05CHAHOU,Charlotte at Houston: Three Pointers,KXNBA3PT-26FEB05CHAHOU-CHAMBRIDGES0-3,Miles Bridges: 3+,0.0,0.98,0.3,0.3,,44,44,44,493.0,1,2026-02-20 01:00:00+00:00,235.75,,,,,,,,,0
Sports,KXNBAAST-26FEB05CHAHOU,Charlotte at Houston: Assists,KXNBAAST-26FEB05CHAHOU-CHAKKNUEPPEL7-8,Kon Knueppel: 8+,0.0,0.06,0.05,0.05,,156,156,156,487.96,1,2026-02-20 01:00:00+00:00,235.75,,,,,,,,,0
Sports,KXNBAPTS-26FEB05CHAHOU,Charlotte at Houston: Points,KXNBAPTS-26FEB05CHAHOU-CHALBALL1-30,LaMelo Ball: 30+,0.0,0.16,0.19,0.19,,1316,1267,1316,479.01,1,2026-02-20 01:00:00+00:00,235.75,,,,,,,,,0
Sports,KXNHLFIRSTGOAL-26FEB05PITBUF,PIT Penguins at BUF Sabres: First Goal,KXNHLFIRSTGOAL-26FEB05PITBUF-PITBKINDEL81,Ben Kindel,0.0,0.22,0.04,0.04,,1292,1292,1292,478.69,1,2026-02-20 00:00:00+00:00,234.75,,,,,,,,,0
Sports,KXNHLGOAL-26FEB05PITBUF,PIT Penguins at BUF Sabres: Anytime Goal,KXNHLGOAL-26FEB05PITBUF-PITEMALKIN71,Evgeni Malkin,0.0,0.97,0.31,0.31,,741,741,741,477.01,1,2026-02-20 00:00:00+00:00,234.75,,,,,,,,,0
Sports,KXNHLGOAL-26FEB05PITBUF,PIT Penguins at BUF Sabres: Anytime Goal,KXNHLGOAL-26FEB05PITBUF-BUFRMCLEOD71,Ryan McLeod,0.0,0.97,0.21,0.21,,78,78,78,476.04,1,2026-02-20 00:00:00+00:00,234.75,,,,,,,,,0
Sports,KXNHLGOAL-26FEB05OTTPHI,OTT Senators at PHI Flyers: Anytime Goal,KXNHLGOAL-26FEB05OTTPHI-PHICDVORAK22,Christian Dvorak,0.0,0.97,0.26,0.26,,3,3,3,476.04,1,2026-02-20 00:00:00+00:00,234.75,,,,,,,,,0
Sports,KXNHLGOAL-26FEB05NYINJ,NYI Islanders at NJ Devils: Anytime Goal,KXNHLGOAL-26FEB05NYINJ-NYIEHEINEMAN51,Emil Heineman,0.0,0.97,0.22,0.22,,21,21,21,476.04,1,2026-02-20 00:00:00+00:00,234.75,,,,,,,,,0
Sports,KXNHLFIRSTGOAL-26FEB05PITBUF,PIT Penguins at BUF Sabres: First Goal,KXNHLFIRSTGOAL-26FEB05PITBUF-PITSCROSBY87,Sidney Crosby,0.0,0.23,0.23,0.23,,2869,2869,2869,474.1,1,2026-02-20 00:00:00+00:00,234.75,,,,,,,,,0
Sports,KXNBAPTS-26FEB05SASDAL,San Antonio at Dallas: Points,KXNBAPTS-26FEB05SASDAL-DALCFLAGG32-35,Cooper Flagg: 35+,0.0,0.07,0.09,0.09,,6891,6891,6891,471.73,1,2026-02-20 01:30:00+00:00,236.25,,,,,,,,,0
Sports,KXCS2MAP-26FEB01NRGMOUZ-1,IEM Krakow 2026: NRG vs. MOUZ Map 1,KXCS2MAP-26FEB01NRGMOUZ-1-NRG,NRG,0.0,0.06,0.06,0.06,,9221,879,7767,466.68,1,2026-02-15 13:00:00+00:00,127.75,,,,,,,,,0
Sports,KXNHLFIRSTGOAL-26FEB05PITBUF,PIT Penguins at BUF Sabres: First Goal,KXNHLFIRSTGOAL-26FEB05PITBUF-PITAMANTHA39,Anthony Mantha,0.0,0.23,0.06,0.06,,593,593,593,466.59,1,2026-02-20 00:00:00+00:00,234.75,,,,,,,,,0
Sports,KXNHLGOAL-26FEB05FLATB,FLA Panthers at TB Lightning: Anytime Goal,KXNHLGOAL-26FEB05FLATB-FLAUBALINSKIS26,Uvis Balinskis,0.0,0.98,0.1,0.1,,80,80,80,445.0,1,2026-02-20 00:30:00+00:00,235.25,,,,,,,,,0
Sports,KXNHLGOAL-26FEB05FLATB,FLA Panthers at TB Lightning: Anytime Goal,KXNHLGOAL-26FEB05FLATB-FLAGFORSLING42,Gustav Forsling,0.0,0.98,0.08,0.08,,197,197,197,445.0,1,2026-02-20 00:30:00+00:00,235.25,,,,,,,,,0
Sports,KXNHLGOAL-26FEB05PITBUF,PIT Penguins at BUF Sabres: Anytime Goal,KXNHLGOAL-26FEB05PITBUF-BUFIROSEN63,Isak Rosen,0.0,0.98,0.13,0.13,,700,700,700,445.0,1,2026-02-20 00:00:00+00:00,234.75,,,,,,,,,0
Sports,KXNHLGOAL-26FEB05PITBUF,PIT Penguins at BUF Sabres: Anytime Goal,KXNHLGOAL-26FEB05PITBUF-BUFBBYRAM4,Bowen Byram,0.0,0.98,0.15,0.15,,33,33,33,445.0,1,2026-02-20 00:00:00+00:00,234.75,,,,,,,,,0
Sports,KXNHLGOAL-26FEB05OTTPHI,OTT Senators at PHI Flyers: Anytime Goal,KXNHLGOAL-26FEB05OTTPHI-OTTTCHABOT72,Thomas Chabot,0.0,0.98,0.1,0.1,,72,72,72,445.0,1,2026-02-20 00:00:00+00:00,234.75,,,,,,,,,0
Sports,KXNHLGOAL-26FEB05OTTPHI,OTT Senators at PHI Flyers: Anytime Goal,KXNHLGOAL-26FEB05OTTPHI-OTTJSPENCE10,Jordan Spence,0.0,0.98,0.09,0.09,,1,1,1,445.0,1,2026-02-20 00:00:00+00:00,234.75,,,,,,,,,0
Sports,KXNHLGOAL-26FEB05NYINJ,NYI Islanders at NJ Devils: Anytime Goal,KXNHLGOAL-26FEB05NYINJ-NYITDEANGELO77,Tony DeAngelo,0.0,0.98,0.11,0.11,,17,17,17,445.0,1,2026-02-20 00:00:00+00:00,234.75,,,,,,,,,0
Sports,KXNHLGOAL-26FEB05NYINJ,NYI Islanders at NJ Devils: Anytime Goal,KXNHLGOAL-26FEB05NYINJ-NYIMTSYPLAKOV7,Maxim Tsyplakov,0.0,0.98,0.15,0.15,,157,157,157,445.0,1,2026-02-20 00:00:00+00:00,234.75,,,,,,,,,0
Sports,KXNHLGOAL-26FEB05NYINJ,NYI Islanders at NJ Devils: Anytime Goal,KXNHLGOAL-26FEB05NYINJ-NYIMSCHAEFER48,Matthew Schaefer,0.0,0.98,0.97,0.97,,277,277,277,445.0,1,2026-02-20 00:00:00+00:00,234.75,,,,,,,,,0
Sports,KXNHLGOAL-26FEB05NYINJ,NYI Islanders at NJ Devils: Anytime Goal,KXNHLGOAL-26FEB05NYINJ-NYIJDROUIN29,Jonathan Drouin,0.0,0.98,0.17,0.17,,150,150,150,445.0,1,2026-02-20 00:00:00+00:00,234.75,,,,,,,,,0
Sports,KXNHLGOAL-26FEB05NYINJ,NYI Islanders at NJ Devils: Anytime Goal,KXNHLGOAL-26FEB05NYINJ-NYICRITCHIE64,Calum Ritchie,0.0,0.98,0.17,0.17,,33,33,33,445.0,1,2026-02-20 00:00:00+00:00,234.75,,,,,,,,,0
Sports,KXNHLGOAL-26FEB05NYINJ,NYI Islanders at NJ Devils: Anytime Goal,KXNHLGOAL-26FEB05NYINJ-NJSNEMEC17,Simon Nemec,0.0,0.98,0.08,0.08,,1769,1769,1769,445.0,1,2026-02-20 00:00:00+00:00,234.75,,,,,,,,,0
Sports,KXNHLGOAL-26FEB05NYINJ,NYI Islanders at NJ Devils: Anytime Goal,KXNHLGOAL-26FEB05NYINJ-NJDHAMILTON7,Dougie Hamilton,0.0,0.98,0.12,0.12,,1604,1604,1604,445.0,1,2026-02-20 00:00:00+00:00,234.75,,,,,,,,,0
Sports,KXNHLGOAL-26FEB05NSHWSH,NSH Predators at WSH Capitals: Anytime Goal,KXNHLGOAL-26FEB05NSHWSH-NSHNBLANKENBURG37,Nick Blankenburg,0.0,0.98,0.08,0.08,,176,176,176,445.0,1,2026-02-20 00:00:00+00:00,234.75,,,,,,,,,0
Sports,KXNHLGOAL-26FEB05NSHWSH,NSH Predators at WSH Capitals: Anytime Goal,KXNHLGOAL-26FEB05NSHWSH-NSHMWOOD71,Matthew Wood,0.0,0.98,0.13,0.13,,72,72,72,445.0,1,2026-02-20 00:00:00+00:00,234.75,,,,,,,,,0
Sports,KXNHLFIRSTGOAL-26FEB05NSHWSH,NSH Predators at WSH Capitals: First Goal,KXNHLFIRSTGOAL-26FEB05NSHWSH-NSHSSTAMKOS91,Steven Stamkos,0.0,0.15,0.07,0.07,,804,804,804,439.89,1,2026-02-20 00:00:00+00:00,234.75,,,,,,,,,0
Sports,KXNHLFIRSTGOAL-26FEB05NSHWSH,NSH Predators at WSH Capitals: First Goal,KXNHLFIRSTGOAL-26FEB05NSHWSH-WSHDSTROME17,Dylan Strome,0.0,0.15,0.07,0.07,,268,268,268,439.01,1,2026-02-20 00:00:00+00:00,234.75,,,,,,,,,0
Sports,KXNHLFIRSTGOAL-26FEB05NSHWSH,NSH Predators at WSH Capitals: First Goal,KXNHLFIRSTGOAL-26FEB05NSHWSH-WSHAOVECHKIN8,Alex Ovechkin,0.0,0.15,0.08,0.08,,703,703,703,439.01,1,2026-02-20 00:00:00+00:00,234.75,,,,,,,,,0
Sports,KXNHLFIRSTGOAL-26FEB05PITBUF,PIT Penguins at BUF Sabres: First Goal,KXNHLFIRSTGOAL-26FEB05PITBUF-BUFRMCLEOD71,Ryan McLeod,0.0,0.23,0.04,0.04,,51,51,51,436.51,1,2026-02-20 00:00:00+00:00,234.75,,,,,,,,,0
Sports,KXNHLFIRSTGOAL-26FEB05NSHWSH,NSH Predators at WSH Capitals: First Goal,KXNHLFIRSTGOAL-26FEB05NSHWSH-NSHJMARCHESSAULT81,Jonathan Marchessault,0.0,0.15,0.05,0.05,,1499,1499,1499,436.21,1,2026-02-20 00:00:00+00:00,234.75,,,,,,,,,0
Sports,KXNHLFIRSTGOAL-26FEB05PITBUF,PIT Penguins at BUF Sabres: First Goal,KXNHLFIRSTGOAL-26FEB05PITBUF-BUFJQUINN22,Jack Quinn,0.0,0.23,0.05,0.05,,199,199,199,435.85,1,2026-02-20 00:00:00+00:00,234.75,,,,,,,,,0
Sports,KXNHLFIRSTGOAL-26FEB05PITBUF,PIT Penguins at BUF Sabres: First Goal,KXNHLFIRSTGOAL-26FEB05PITBUF-PITEKARLSSON65,Erik Karlsson,0.0,0.23,0.03,0.03,,62,62,62,434.96,1,2026-02-20 00:00:00+00:00,234.75,,,,,,,,,0
Sports,KXNHLFIRSTGOAL-26FEB05NSHWSH,NSH Predators at WSH Capitals: First Goal,KXNHLFIRSTGOAL-26FEB05NSHWSH-NSHFFORSBERG9,Filip Forsberg,0.0,0.15,0.07,0.07,,403,403,403,433.6,1,2026-02-20 00:00:00+00:00,234.75,,,,,,,,,0
Sports,KXNHLFIRSTGOAL-26FEB05PITBUF,PIT Penguins at BUF Sabres: First Goal,KXNHLFIRSTGOAL-26FEB05PITBUF-BUFJDOAN91,Josh Doan,0.0,0.23,0.05,0.05,,1567,1567,1567,432.16,1,2026-02-20 00:00:00+00:00,234.75,,,,,,,,,0
Sports,KXNHLFIRSTGOAL-26FEB05PITBUF,PIT Penguins at BUF Sabres: First Goal,KXNHLFIRSTGOAL-26FEB05PITBUF-PITBRUST17,Bryan Rust,0.0,0.23,0.06,0.06,,1129,1129,1129,431.29,1,2026-02-20 00:00:00+00:00,234.75,,,,,,,,,0
Sports,KXNHLFIRSTGOAL-26FEB05NSHWSH,NSH Predators at WSH Capitals: First Goal,KXNHLFIRSTGOAL-26FEB05NSHWSH-WSHJCHYCHRUN6,Jakob Chychrun,0.0,0.15,0.04,0.04,,203,203,203,430.12,1,2026-02-20 00:00:00+00:00,234.75,,,,,,,,,0
Sports,KXNHLFIRSTGOAL-26FEB05PITBUF,PIT Penguins at BUF Sabres: First Goal,KXNHLFIRSTGOAL-26FEB05PITBUF-BUFRDAHLIN26,Rasmus Dahlin,0.0,0.23,0.05,0.05,,1294,1294,1294,427.81,1,2026-02-20 00:00:00+00:00,234.75,,,,,,,,,0
Sports,KXNBAAST-26FEB05UTAATL,Utah at Atlanta: Assists,KXNBAAST-26FEB05UTAATL-ATLNALEXANDERWALKER7-8,Nickeil Alexander-Walker: 8+,0.0,0.06,0.06,0.06,,2,2,2,427.62,1,2026-02-20 00:30:00+00:00,235.25,,,,,,,,,0
Sports,KXNHLFIRSTGOAL-26FEB05NSHWSH,NSH Predators at WSH Capitals: First Goal,KXNHLFIRSTGOAL-26FEB05NSHWSH-WSHJCARLSON74,John Carlson,0.0,0.15,0.03,0.03,,2372,2372,2372,427.51,1,2026-02-20 00:00:00+00:00,234.75,,,,,,,,,0
Sports,KXNHLFIRSTGOAL-26FEB05NSHWSH,NSH Predators at WSH Capitals: First Goal,KXNHLFIRSTGOAL-26FEB05NSHWSH-NSHRJOSI59,Roman Josi,0.0,0.15,0.04,0.04,,117,117,117,426.64,1,2026-02-20 00:00:00+00:00,234.75,,,,,,,,,0
Sports,KXNHLFIRSTGOAL-26FEB05NSHWSH,NSH Predators at WSH Capitals: First Goal,KXNHLFIRSTGOAL-26FEB05NSHWSH-NSHROREILLY90,Ryan O'Reilly,0.0,0.15,0.05,0.05,,1858,1858,1858,424.9,1,2026-02-20 00:00:00+00:00,234.75,,,,,,,,,0
Sports,KXNBABLK-26FEB05SASDAL,San Antonio at Dallas: Blocks,KXNBABLK-26FEB05SASDAL-SASVWEMBANYAMA1-4,Victor Wembanyama: 4+,0.0,0.76,0.27,0.27,,372,372,372,423.98,1,2026-02-20 01:30:00+00:00,236.25,,,,,,,,,0
Sports,KXNHLFIRSTGOAL-26FEB05NSHWSH,NSH Predators at WSH Capitals: First Goal,KXNHLFIRSTGOAL-26FEB05NSHWSH-WSHEFRANK53,Ethen Frank,0.0,0.15,0.04,0.04,,70,70,70,423.16,1,2026-02-20 00:00:00+00:00,234.75,,,,,,,,,0
Sports,KXNHLFIRSTGOAL-26FEB05PITBUF,PIT Penguins at BUF Sabres: First Goal,KXNHLFIRSTGOAL-26FEB05PITBUF-PITEMALKIN71,Evgeni Malkin,0.0,0.23,0.06,0.06,,3594,3594,3594,420.85,1,2026-02-20 00:00:00+00:00,234.75,,,,,,,,,0
Sports,KXNHLFIRSTGOAL-26FEB05PITBUF,PIT Penguins at BUF Sabres: First Goal,KXNHLFIRSTGOAL-26FEB05PITBUF-BUFBBYRAM4,Bowen Byram,0.0,0.23,0.03,0.03,,190,190,190,420.85,1,2026-02-20 00:00:00+00:00,234.75,,,,,,,,,0
Sports,KXNHLFIRSTGOAL-26FEB05PITBUF,PIT Penguins at BUF Sabres: First Goal,KXNHLFIRSTGOAL-26FEB05PITBUF-BUFNOSTLUND86,Noah Ostlund,0.0,0.23,0.04,0.04,,382,382,382,419.98,1,2026-02-20 00:00:00+00:00,234.75,,,,,,,,,0
Sports,KXNBA3PT-26FEB05SASDAL,San Antonio at Dallas: Three Pointers,KXNBA3PT-26FEB05SASDAL-SASDFOX4-4,De'Aaron Fox: 4+,0.0,0.98,0.15,0.15,,65,65,65,395.0,1,2026-02-20 01:30:00+00:00,236.25,,,,,,,,,0
Sports,KXNBA3PT-26FEB05SASDAL,San Antonio at Dallas: Three Pointers,KXNBA3PT-26FEB05SASDAL-SASDFOX4-3,De'Aaron Fox: 3+,0.0,0.98,0.29,0.29,,60,60,54,395.0,1,2026-02-20 01:30:00+00:00,236.25,,,,,,,,,0
Sports,KXNBAREB-26FEB05CHAHOU,Charlotte at Houston: Rebounds,KXNBAREB-26FEB05CHAHOU-CHALBALL1-5,LaMelo Ball: 5+,0.0,0.98,0.47,0.47,,106,106,106,395.0,1,2026-02-20 01:00:00+00:00,235.75,,,,,,,,,0
Sports,KXNBAAST-26FEB05CHAHOU,Charlotte at Houston: Assists,KXNBAAST-26FEB05CHAHOU-CHALBALL1-8,LaMelo Ball: 8+,0.0,0.98,0.47,0.47,,2718,2718,2713,395.0,1,2026-02-20 01:00:00+00:00,235.75,,,,,,,,,0
Sports,KXNBA3PT-26FEB05CHAHOU,Charlotte at Houston: Three Pointers,KXNBA3PT-26FEB05CHAHOU-CHALBALL1-5,LaMelo Ball: 5+,0.99,1.0,0.995,0.99,0.01,581,581,581,366.55,1,2026-02-20 01:00:00+00:00,235.75,,,,,,,,,0
Sports,KXNBAPTS-26FEB05CHAHOU,Charlotte at Houston: Points,KXNBAPTS-26FEB05CHAHOU-HOUASENGUN28-30,Alperen Sengun: 30+,0.0,0.06,0.01,0.01,,4315,4315,4275,365.06,1,2026-02-20 01:00:00+00:00,235.75,,,,,,,,,0
Sports,KXNBAAST-26FEB05SASDAL,San Antonio at Dallas: Assists,KXNBAAST-26FEB05SASDAL-SASDFOX4-10,De'Aaron Fox: 10+,0.0,0.97,0.12,0.12,,34,34,34,361.02,1,2026-02-20 01:30:00+00:00,236.25,,,,,,,,,0
Sports,KXNBAREB-26FEB05CHAHOU,Charlotte at Houston: Rebounds,KXNBAREB-26FEB05CHAHOU-CHAKKNUEPPEL7-5,Kon Knueppel: 5+,0.0,0.97,0.59,0.59,,138,138,118,361.02,1,2026-02-20 01:00:00+00:00,235.75,,,,,,,,,0
Sports,KXNBA3PT-26FEB05UTAATL,Utah at Atlanta: Three Pointers,KXNBA3PT-26FEB05UTAATL-ATLJJOHNSON1-4,Jalen Johnson: 4+,0.0,0.97,0.13,0.13,,380,380,380,361.02,1,2026-02-20 00:30:00+00:00,235.25,,,,,,,,,0
Sports,KXNBAAST-26FEB05SASDAL,San Antonio at Dallas: Assists,KXNBAAST-26FEB05SASDAL-SASSCASTLE5-7,Stephon Castle: 7+,0.0,0.96,0.43,0.43,,361,361,361,345.0,1,2026-02-20 01:30:00+00:00,236.25,,,,,,,,,0
Sports,KXNBAREB-26FEB05UTAATL,Utah at Atlanta: Rebounds,KXNBAREB-26FEB05UTAATL-ATLNALEXANDERWALKER7-4,Nickeil Alexander-Walker: 4+,0.0,0.96,0.49,0.49,,936,936,936,345.0,1,2026-02-20 00:30:00+00:00,235.25,,,,,,,,,0
Sports,KXNBAAST-26FEB05UTAATL,Utah at Atlanta: Assists,KXNBAAST-26FEB05UTAATL-UTALMARKKANEN23-4,Lauri Markkanen: 4+,0.0,0.96,0.31,0.31,,6,6,6,345.0,1,2026-02-20 00:30:00+00:00,235.25,,,,,,,,,0
Sports,KXNBA3PT-26FEB05UTAATL,Utah at Atlanta: Three Pointers,KXNBA3PT-26FEB05UTAATL-ATLNALEXANDERWALKER7-4,Nickeil Alexander-Walker: 4+,0.0,0.96,0.4,0.4,,161,161,161,345.0,1,2026-02-20 00:30:00+00:00,235.25,,,,,,,,,0
Sports,KXNBA3PT-26FEB05CHITOR,Chicago at Toronto: Three Pointers,KXNBA3PT-26FEB05CHITOR-TORSBARNES4-1,Scottie Barnes: 1+,0.99,1.0,0.995,0.99,0.01,589,589,550,337.85,1,2026-02-20 00:30:00+00:00,235.25,,,,,,,,,0
Sports,KXNHLFIRSTGOAL-26FEB05NSHWSH,NSH Predators at WSH Capitals: First Goal,KXNHLFIRSTGOAL-26FEB05NSHWSH-WSHTWILSON43,Tom Wilson,0.9,1.0,0.95,0.99,0.1,1173,1173,1133,336.88,1,2026-02-20 00:00:00+00:00,234.75,,,,,,,,,0
Sports,KXNBAREB-26FEB05CHAHOU,Charlotte at Houston: Rebounds,KXNBAREB-26FEB05CHAHOU-CHALBALL1-8,LaMelo Ball: 8+,0.0,0.95,0.16,0.16,,42,42,42,335.0,1,2026-02-20 01:00:00+00:00,235.75,,,,,,,,,0
Sports,KXNBA3PT-26FEB05UTAATL,Utah at Atlanta: Three Pointers,KXNBA3PT-26FEB05UTAATL-ATLJJOHNSON1-2,Jalen Johnson: 2+,0.0,0.94,0.48,0.48,,1205,1205,1200,328.02,1,2026-02-20 00:30:00+00:00,235.25,,,,,,,,,0
Sports,KXNBA2D-26FEB05SASDAL,San Antonio at Dallas: Double Doubles,KXNBA2D-26FEB05SASDAL-SASSCASTLE5,Stephon Castle,0.0,0.18,0.19,0.19,,701,701,701,325.4,1,2026-02-20 01:30:00+00:00,236.25,,,,,,,,,0
Sports,KXNBAPTS-26FEB05UTAATL,Utah at Atlanta: Points,KXNBAPTS-26FEB05UTAATL-ATLDDANIELS5-20,Dyson Daniels: 20+,0.0,0.93,0.18,0.18,,1720,1720,1720,323.04,1,2026-02-20 00:30:00+00:00,235.25,,,,,,,,,0
Sports,KXNBA3PT-26FEB05UTAATL,Utah at Atlanta: Three Pointers,KXNBA3PT-26FEB05UTAATL-ATLNALEXANDERWALKER7-3,Nickeil Alexander-Walker: 3+,0.0,0.93,0.51,0.51,,131,131,131,323.04,1,2026-02-20 00:30:00+00:00,235.25,,,,,,,,,0
Sports,KXNBA3PT-26FEB05SASDAL,San Antonio at Dallas: Three Pointers,KXNBA3PT-26FEB05SASDAL-SASSCASTLE5-3,Stephon Castle: 3+,0.0,0.92,0.12,0.12,,75,75,75,320.0,1,2026-02-20 01:30:00+00:00,236.25,,,,,,,,,0
Sports,KXNBAREB-26FEB05CHAHOU,Charlotte at Houston: Rebounds,KXNBAREB-26FEB05CHAHOU-HOUATHOMPSON1-10,Amen Thompson: 10+,0.0,0.92,0.52,0.52,,306,306,306,320.0,1,2026-02-20 01:00:00+00:00,235.75,,,,,,,,,0
Sports,KXNBAREB-26FEB05CHAHOU,Charlotte at Houston: Rebounds,KXNBAREB-26FEB05CHAHOU-HOUASENGUN28-9,Alperen Sengun: 9+,0.0,0.92,0.53,0.53,,3604,3604,3566,320.0,1,2026-02-20 01:00:00+00:00,235.75,,,,,,,,,0
Sports,KXNBA2D-26FEB05CHITOR,Chicago at Toronto: Double Doubles,KXNBA2D-26FEB05CHITOR-TORSBARNES4,Scottie Barnes,0.0,0.66,0.66,0.66,,1040,1040,780,307.75,1,2026-02-20 00:30:00+00:00,235.25,,,,,,,,,0
Sports,KXNBA3PT-26FEB05CHAHOU,Charlotte at Houston: Three Pointers,KXNBA3PT-26FEB05CHAHOU-CHAMBRIDGES0-2,Miles Bridges: 2+,0.99,1.0,0.995,0.99,0.01,459,459,417,304.29,1,2026-02-20 01:00:00+00:00,235.75,,,,,,,,,0
Sports,KXNBAREB-26FEB05SASDAL,San Antonio at Dallas: Rebounds,KXNBAREB-26FEB05SASDAL-DALCFLAGG32-12,Cooper Flagg: 12+,0.0,0.78,0.11,0.11,,500,500,500,304.02,1,2026-02-20 01:30:00+00:00,236.25,,,,,,,,,0
Sports,KXNBA3PT-26FEB05UTAATL,Utah at Atlanta: Three Pointers,KXNBA3PT-26FEB05UTAATL-ATLCMCCOLLUM3-3,CJ McCollum: 3+,0.01,0.99,0.5,0.89,0.98,687,687,687,298.98,1,2026-02-20 00:30:00+00:00,235.25,,,,,,,,,0
Sports,KXNBAREB-26FEB05SASDAL,San Antonio at Dallas: Rebounds,KXNBAREB-26FEB05SASDAL-SASVWEMBANYAMA1-11,Victor Wembanyama: 11+,0.0,0.99,0.46,0.46,,881,881,874,297.0,1,2026-02-20 01:30:00+00:00,236.25,,,,,,,,,0
Sports,KXNBAREB-26FEB05SASDAL,San Antonio at Dallas: Rebounds,KXNBAREB-26FEB05SASDAL-SASSCASTLE5-6,Stephon Castle: 6+,0.0,0.99,0.42,0.42,,17,17,17,297.0,1,2026-02-20 01:30:00+00:00,236.25,,,,,,,,,0
Sports,KXNBAREB-26FEB05SASDAL,San Antonio at Dallas: Rebounds,KXNBAREB-26FEB05SASDAL-DALCFLAGG32-4,Cooper Flagg: 4+,0.0,0.99,0.93,0.93,,15,15,15,297.0,1,2026-02-20 01:30:00+00:00,236.25,,,,,,,,,0
Sports,KXNBAAST-26FEB05SASDAL,San Antonio at Dallas: Assists,KXNBAAST-26FEB05SASDAL-SASVWEMBANYAMA1-6,Victor Wembanyama: 6+,0.0,0.99,0.08,0.08,,64,64,64,297.0,1,2026-02-20 01:30:00+00:00,236.25,,,,,,,,,0
Sports,KXNBAAST-26FEB05SASDAL,San Antonio at Dallas: Assists,KXNBAAST-26FEB05SASDAL-SASSCASTLE5-10,Stephon Castle: 10+,0.0,0.99,0.18,0.18,,15,15,15,297.0,1,2026-02-20 01:30:00+00:00,236.25,,,,,,,,,0
Sports,KXNBAAST-26FEB05SASDAL,San Antonio at Dallas: Assists,KXNBAAST-26FEB05SASDAL-SASDFOX4-4,De'Aaron Fox: 4+,0.0,0.99,0.9,0.9,,2,2,2,297.0,1,2026-02-20 01:30:00+00:00,236.25,,,,,,,,,0
Sports,KXNBA3PT-26FEB05SASDAL,San Antonio at Dallas: Three Pointers,KXNBA3PT-26FEB05SASDAL-DALCFLAGG32-5,Cooper Flagg: 5+,0.0,0.99,0.03,0.03,,156,156,156,297.0,1,2026-02-20 01:30:00+00:00,236.25,,,,,,,,,0
Sports,KXNBA3PT-26FEB05SASDAL,San Antonio at Dallas: Three Pointers,KXNBA3PT-26FEB05SASDAL-DALCFLAGG32-3,Cooper Flagg: 3+,0.0,0.99,0.19,0.19,,378,378,378,297.0,1,2026-02-20 01:30:00+00:00,236.25,,,,,,,,,0
Sports,KXNBASTL-26FEB05CHAHOU,Charlotte at Houston: Steals,KXNBASTL-26FEB05CHAHOU-CHAMBRIDGES0-3,Miles Bridges: 3+,0.0,0.99,0.13,0.13,,14,14,14,297.0,1,2026-02-20 01:00:00+00:00,235.75,,,,,,,,,0
Sports,KXNBASTL-26FEB05CHAHOU,Charlotte at Houston: Steals,KXNBASTL-26FEB05CHAHOU-CHAKKNUEPPEL7-3,Kon Knueppel: 3+,0.0,0.99,0.1,0.1,,18,18,18,297.0,1,2026-02-20 01:00:00+00:00,235.75,,,,,,,,,0
Sports,KXNBASTL-26FEB05CHAHOU,Charlotte at Houston: Steals,KXNBASTL-26FEB05CHAHOU-HOUATHOMPSON1-2,Amen Thompson: 2+,0.0,0.99,0.47,0.47,,12,12,12,297.0,1,2026-02-20 01:00:00+00:00,235.75,,,,,,,,,0
Sports,KXNBASTL-26FEB05CHAHOU,Charlotte at Houston: Steals,KXNBASTL-26FEB05CHAHOU-CHALBALL1-3,LaMelo Ball: 3+,0.0,0.99,0.12,0.12,,157,157,157,297.0,1,2026-02-20 01:00:00+00:00,235.75,,,,,,,,,0
Sports,KXNBAREB-26FEB05CHAHOU,Charlotte at Houston: Rebounds,KXNBAREB-26FEB05CHAHOU-HOUKDURANT7-8,Kevin Durant: 8+,0.0,0.99,0.98,0.98,,110,110,109,297.0,1,2026-02-20 01:00:00+00:00,235.75,,,,,,,,,0
Sports,KXNBAREB-26FEB05CHAHOU,Charlotte at Houston: Rebounds,KXNBAREB-26FEB05CHAHOU-CHAKKNUEPPEL7-8,Kon Knueppel: 8+,0.0,0.99,0.17,0.17,,373,373,373,297.0,1,2026-02-20 01:00:00+00:00,235.75,,,,,,,,,0
Sports,KXNBAPTS-26FEB05CHAHOU,Charlotte at Houston: Points,KXNBAPTS-26FEB05CHAHOU-HOUATHOMPSON1-25,Amen Thompson: 25+,0.0,0.99,0.14,0.14,,877,877,877,297.0,1,2026-02-20 01:00:00+00:00,235.75,,,,,,,,,0
Sports,KXNBABLK-26FEB05CHAHOU,Charlotte at Houston: Blocks,KXNBABLK-26FEB05CHAHOU-CHAMBRIDGES0-3,Miles Bridges: 3+,0.0,0.99,0.07,0.07,,73,73,73,297.0,1,2026-02-20 01:00:00+00:00,235.75,,,,,,,,,0
Sports,KXNBAAST-26FEB05CHAHOU,Charlotte at Houston: Assists,KXNBAAST-26FEB05CHAHOU-HOUATHOMPSON1-10,Amen Thompson: 10+,0.0,0.99,0.07,0.07,,100,100,100,297.0,1,2026-02-20 01:00:00+00:00,235.75,,,,,,,,,0
Sports,KXNBAAST-26FEB05CHAHOU,Charlotte at Houston: Assists,KXNBAAST-26FEB05CHAHOU-HOUASENGUN28-10,Alperen Sengun: 10+,0.0,0.99,0.09,0.09,,12,12,12,297.0,1,2026-02-20 01:00:00+00:00,235.75,,,,,,,,,0
Sports,KXNBAAST-26FEB05CHAHOU,Charlotte at Houston: Assists,KXNBAAST-26FEB05CHAHOU-CHAMBRIDGES0-8,Miles Bridges: 8+,0.0,0.99,0.08,0.08,,169,169,169,297.0,1,2026-02-20 01:00:00+00:00,235.75,,,,,,,,,0
Sports,KXNBAAST-26FEB05CHAHOU,Charlotte at Houston: Assists,KXNBAAST-26FEB05CHAHOU-CHAMBRIDGES0-6,Miles Bridges: 6+,0.0,0.99,0.11,0.11,,31,31,31,297.0,1,2026-02-20 01:00:00+00:00,235.75,,,,,,,,,0
Sports,KXNBAAST-26FEB05CHAHOU,Charlotte at Houston: Assists,KXNBAAST-26FEB05CHAHOU-CHALBALL1-12,LaMelo Ball: 12+,0.0,0.99,0.18,0.18,,25,25,25,297.0,1,2026-02-20 01:00:00+00:00,235.75,,,,,,,,,0
Sports,KXNBAAST-26FEB05CHAHOU,Charlotte at Houston: Assists,KXNBAAST-26FEB05CHAHOU-CHALBALL1-10,LaMelo Ball: 10+,0.0,0.99,0.23,0.23,,21,21,21,297.0,1,2026-02-20 01:00:00+00:00,235.75,,,,,,,,,0
Sports,KXNBAAST-26FEB05CHAHOU,Charlotte at Houston: Assists,KXNBAAST-26FEB05CHAHOU-CHAKKNUEPPEL7-6,Kon Knueppel: 6+,0.0,0.99,0.16,0.16,,169,169,169,297.0,1,2026-02-20 01:00:00+00:00,235.75,,,,,,,,,0
Sports,KXNBAAST-26FEB05CHAHOU,Charlotte at Houston: Assists,KXNBAAST-26FEB05CHAHOU-CHAKKNUEPPEL7-10,Kon Knueppel: 10+,0.0,0.99,0.03,0.03,,1,1,1,297.0,1,2026-02-20 01:00:00+00:00,235.75,,,,,,,,,0
Sports,KXNBA3PT-26FEB05CHAHOU,Charlotte at Houston: Three Pointers,KXNBA3PT-26FEB05CHAHOU-CHAMBRIDGES0-5,Miles Bridges: 5+,0.0,0.99,0.05,0.05,,2,2,2,297.0,1,2026-02-20 01:00:00+00:00,235.75,,,,,,,,,0
Sports,KXNBA3PT-26FEB05CHAHOU,Charlotte at Houston: Three Pointers,KXNBA3PT-26FEB05CHAHOU-CHAKKNUEPPEL7-5,Kon Knueppel: 5+,0.0,0.99,0.27,0.27,,305,305,298,297.0,1,2026-02-20 01:00:00+00:00,235.75,,,,,,,,,0
Sports,KXNBASTL-26FEB05UTAATL,Utah at Atlanta: Steals,KXNBASTL-26FEB05UTAATL-ATLJJOHNSON1-3,Jalen Johnson: 3+,0.0,0.99,0.16,0.16,,100,100,100,297.0,1,2026-02-20 00:30:00+00:00,235.25,,,,,,,,,0
Sports,KXNBASTL-26FEB05UTAATL,Utah at Atlanta: Steals,KXNBASTL-26FEB05UTAATL-ATLDDANIELS5-3,Dyson Daniels: 3+,0.0,0.99,0.34,0.34,,70,70,70,297.0,1,2026-02-20 00:30:00+00:00,235.25,,,,,,,,,0
Sports,KXNBASTL-26FEB05CHITOR,Chicago at Toronto: Steals,KXNBASTL-26FEB05CHITOR-TORSBARNES4-3,Scottie Barnes: 3+,0.0,0.99,0.16,0.16,,105,105,105,297.0,1,2026-02-20 00:30:00+00:00,235.25,,,,,,,,,0
Sports,KXNBASTL-26FEB05CHITOR,Chicago at Toronto: Steals,KXNBASTL-26FEB05CHITOR-TORSBARNES4-1,Scottie Barnes: 1+,0.0,0.99,0.74,0.74,,3,3,3,297.0,1,2026-02-20 00:30:00+00:00,235.25,,,,,,,,,0
Sports,KXNBAREB-26FEB05UTAATL,Utah at Atlanta: Rebounds,KXNBAREB-26FEB05UTAATL-UTALMARKKANEN23-10,Lauri Markkanen: 10+,0.0,0.99,0.22,0.22,,166,166,166,297.0,1,2026-02-20 00:30:00+00:00,235.25,,,,,,,,,0
Sports,KXNBAREB-26FEB05UTAATL,Utah at Atlanta: Rebounds,KXNBAREB-26FEB05UTAATL-UTALMARKKANEN23-8,Lauri Markkanen: 8+,0.0,0.99,0.4,0.4,,694,694,694,297.0,1,2026-02-20 00:30:00+00:00,235.25,,,,,,,,,0
Sports,KXNBAREB-26FEB05UTAATL,Utah at Atlanta: Rebounds,KXNBAREB-26FEB05UTAATL-UTALMARKKANEN23-7,Lauri Markkanen: 7+,0.0,0.99,0.54,0.54,,51,51,51,297.0,1,2026-02-20 00:30:00+00:00,235.25,,,,,,,,,0
Sports,KXNBAREB-26FEB05UTAATL,Utah at Atlanta: Rebounds,KXNBAREB-26FEB05UTAATL-UTALMARKKANEN23-6,Lauri Markkanen: 6+,0.0,0.99,0.68,0.68,,11,11,11,297.0,1,2026-02-20 00:30:00+00:00,235.25,,,,,,,,,0
Sports,KXNBAREB-26FEB05UTAATL,Utah at Atlanta: Rebounds,KXNBAREB-26FEB05UTAATL-ATLDDANIELS5-7,Dyson Daniels: 7+,0.0,0.99,0.48,0.48,,58,58,58,297.0,1,2026-02-20 00:30:00+00:00,235.25,,,,,,,,,0
Sports,KXNBAREB-26FEB05UTAATL,Utah at Atlanta: Rebounds,KXNBAREB-26FEB05UTAATL-ATLNALEXANDERWALKER7-6,Nickeil Alexander-Walker: 6+,0.0,0.99,0.18,0.18,,140,140,140,297.0,1,2026-02-20 00:30:00+00:00,235.25,,,,,,,,,0
Sports,KXNBAREB-26FEB05CHITOR,Chicago at Toronto: Rebounds,KXNBAREB-26FEB05CHITOR-TORSBARNES4-12,Scottie Barnes: 12+,0.0,0.99,0.23,0.23,,3001,3001,3001,297.0,1,2026-02-20 00:30:00+00:00,235.25,,,,,,,,,0
Sports,KXNBAPTS-26FEB05UTAATL,Utah at Atlanta: Points,KXNBAPTS-26FEB05UTAATL-UTALMARKKANEN23-35,Lauri Markkanen: 35+,0.0,0.99,0.17,0.17,,218,218,218,297.0,1,2026-02-20 00:30:00+00:00,235.25,,,,,,,,,0
Sports,KXNBAPTS-26FEB05UTAATL,Utah at Atlanta: Points,KXNBAPTS-26FEB05UTAATL-UTALMARKKANEN23-20,Lauri Markkanen: 20+,0.0,0.99,0.98,0.98,,1887,1887,1887,297.0,1,2026-02-20 00:30:00+00:00,235.25,,,,,,,,,0
Sports,KXNBAPTS-26FEB05UTAATL,Utah at Atlanta: Points,KXNBAPTS-26FEB05UTAATL-ATLJJOHNSON1-35,Jalen Johnson: 35+,0.0,0.99,0.12,0.12,,39,39,39,297.0,1,2026-02-20 00:30:00+00:00,235.25,,,,,,,,,0
Sports,KXNBAPTS-26FEB05UTAATL,Utah at Atlanta: Points,KXNBAPTS-26FEB05UTAATL-ATLJJOHNSON1-30,Jalen Johnson: 30+,0.0,0.99,0.06,0.06,,192,192,192,297.0,1,2026-02-20 00:30:00+00:00,235.25,,,,,,,,,0
Sports,KXNBAPTS-26FEB05CHITOR,Chicago at Toronto: Points,KXNBAPTS-26FEB05CHITOR-TORSBARNES4-30,Scottie Barnes: 30+,0.0,0.99,0.09,0.09,,575,575,575,297.0,1,2026-02-20 00:30:00+00:00,235.25,,,,,,,,,0
Sports,KXNBABLK-26FEB05CHITOR,Chicago at Toronto: Blocks,KXNBABLK-26FEB05CHITOR-TORSBARNES4-3,Scottie Barnes: 3+,0.0,0.99,0.18,0.18,,4,4,4,297.0,1,2026-02-20 00:30:00+00:00,235.25,,,,,,,,,0
Sports,KXNBABLK-26FEB05CHITOR,Chicago at Toronto: Blocks,KXNBABLK-26FEB05CHITOR-TORSBARNES4-2,Scottie Barnes: 2+,0.0,0.99,0.42,0.42,,140,140,140,297.0,1,2026-02-20 00:30:00+00:00,235.25,,,,,,,,,0
Sports,KXNBAAST-26FEB05UTAATL,Utah at Atlanta: Assists,KXNBAAST-26FEB05UTAATL-UTALMARKKANEN23-3,Lauri Markkanen: 3+,0.0,0.99,0.97,0.97,,101,101,100,297.0,1,2026-02-20 00:30:00+00:00,235.25,,,,,,,,,0
Sports,KXNBAAST-26FEB05UTAATL,Utah at Atlanta: Assists,KXNBAAST-26FEB05UTAATL-UTALMARKKANEN23-2,Lauri Markkanen: 2+,0.0,0.99,0.66,0.66,,38,38,38,297.0,1,2026-02-20 00:30:00+00:00,235.25,,,,,,,,,0
Sports,KXNBAAST-26FEB05UTAATL,Utah at Atlanta: Assists,KXNBAAST-26FEB05UTAATL-ATLNALEXANDERWALKER7-6,Nickeil Alexander-Walker: 6+,0.0,0.99,0.21,0.21,,45,45,45,297.0,1,2026-02-20 00:30:00+00:00,235.25,,,,,,,,,0
Sports,KXNBAAST-26FEB05UTAATL,Utah at Atlanta: Assists,KXNBAAST-26FEB05UTAATL-ATLCMCCOLLUM3-8,CJ McCollum: 8+,0.0,0.99,0.08,0.08,,39,39,39,297.0,1,2026-02-20 00:30:00+00:00,235.25,,,,,,,,,0
Sports,KXNBAAST-26FEB05UTAATL,Utah at Atlanta: Assists,KXNBAAST-26FEB05UTAATL-ATLCMCCOLLUM3-6,CJ McCollum: 6+,0.0,0.99,0.98,0.98,,204,204,204,297.0,1,2026-02-20 00:30:00+00:00,235.25,,,,,,,,,0
Sports,KXNBAAST-26FEB05UTAATL,Utah at Atlanta: Assists,KXNBAAST-26FEB05UTAATL-ATLCMCCOLLUM3-4,CJ McCollum: 4+,0.0,0.99,0.51,0.51,,150,150,150,297.0,1,2026-02-20 00:30:00+00:00,235.25,,,,,,,,,0
Sports,KXNBAAST-26FEB05UTAATL,Utah at Atlanta: Assists,KXNBAAST-26FEB05UTAATL-ATLCMCCOLLUM3-10,CJ McCollum: 10+,0.0,0.99,0.03,0.03,,1,1,1,297.0,1,2026-02-20 00:30:00+00:00,235.25,,,,,,,,,0
Sports,KXNBAAST-26FEB05CHITOR,Chicago at Toronto: Assists,KXNBAAST-26FEB05CHITOR-TORSBARNES4-8,Scottie Barnes: 8+,0.0,0.99,0.22,0.22,,204,204,204,297.0,1,2026-02-20 00:30:00+00:00,235.25,,,,,,,,,0
Sports,KXNBAAST-26FEB05CHITOR,Chicago at Toronto: Assists,KXNBAAST-26FEB05CHITOR-TORSBARNES4-10,Scottie Barnes: 10+,0.0,0.99,0.18,0.18,,36,36,36,297.0,1,2026-02-20 00:30:00+00:00,235.25,,,,,,,,,0
Sports,KXNBA3PT-26FEB05UTAATL,Utah at Atlanta: Three Pointers,KXNBA3PT-26FEB05UTAATL-UTALMARKKANEN23-5,Lauri Markkanen: 5+,0.0,0.99,0.13,0.13,,51,51,51,297.0,1,2026-02-20 00:30:00+00:00,235.25,,,,,,,,,0
Sports,KXNBA3PT-26FEB05UTAATL,Utah at Atlanta: Three Pointers,KXNBA3PT-26FEB05UTAATL-UTALMARKKANEN23-4,Lauri Markkanen: 4+,0.0,0.99,0.29,0.29,,218,218,218,297.0,1,2026-02-20 00:30:00+00:00,235.25,,,,,,,,,0
Sports,KXNBA3PT-26FEB05UTAATL,Utah at Atlanta: Three Pointers,KXNBA3PT-26FEB05UTAATL-ATLNALEXANDERWALKER7-2,Nickeil Alexander-Walker: 2+,0.0,0.99,0.84,0.84,,25,25,25,297.0,1,2026-02-20 00:30:00+00:00,235.25,,,,,,,,,0
Sports,KXNBA3PT-26FEB05UTAATL,Utah at Atlanta: Three Pointers,KXNBA3PT-26FEB05UTAATL-ATLJJOHNSON1-5,Jalen Johnson: 5+,0.0,0.99,0.07,0.07,,2,2,2,297.0,1,2026-02-20 00:30:00+00:00,235.25,,,,,,,,,0
Sports,KXNBA3PT-26FEB05UTAATL,Utah at Atlanta: Three Pointers,KXNBA3PT-26FEB05UTAATL-ATLJJOHNSON1-3,Jalen Johnson: 3+,0.0,0.99,0.31,0.31,,704,704,704,297.0,1,2026-02-20 00:30:00+00:00,235.25,,,,,,,,,0
Sports,KXNBA3PT-26FEB05UTAATL,Utah at Atlanta: Three Pointers,KXNBA3PT-26FEB05UTAATL-ATLJJOHNSON1-1,Jalen Johnson: 1+,0.0,0.99,0.86,0.86,,5,5,5,297.0,1,2026-02-20 00:30:00+00:00,235.25,,,,,,,,,0
Sports,KXNBA3PT-26FEB05UTAATL,Utah at Atlanta: Three Pointers,KXNBA3PT-26FEB05UTAATL-ATLCMCCOLLUM3-5,CJ McCollum: 5+,0.0,0.99,0.16,0.16,,4,4,4,297.0,1,2026-02-20 00:30:00+00:00,235.25,,,,,,,,,0
Sports,KXNBA3PT-26FEB05UTAATL,Utah at Atlanta: Three Pointers,KXNBA3PT-26FEB05UTAATL-ATLCMCCOLLUM3-4,CJ McCollum: 4+,0.0,0.99,0.33,0.33,,50,50,50,297.0,1,2026-02-20 00:30:00+00:00,235.25,,,,,,,,,0
Sports,KXNBA3PT-26FEB05UTAATL,Utah at Atlanta: Three Pointers,KXNBA3PT-26FEB05UTAATL-ATLCMCCOLLUM3-2,CJ McCollum: 2+,0.0,0.99,0.52,0.52,,264,264,264,297.0,1,2026-02-20 00:30:00+00:00,235.25,,,,,,,,,0
Sports,KXNBA3PT-26FEB05CHITOR,Chicago at Toronto: Three Pointers,KXNBA3PT-26FEB05CHITOR-TORSBARNES4-2,Scottie Barnes: 2+,0.0,0.99,0.98,0.98,,1128,1128,1128,297.0,1,2026-02-20 00:30:00+00:00,235.25,,,,,,,,,0
Sports,KXNBA3PT-26FEB05CHAHOU,Charlotte at Houston: Three Pointers,KXNBA3PT-26FEB05CHAHOU-HOUKDURANT7-3,Kevin Durant: 3+,0.99,1.0,0.995,0.99,0.01,745,745,724,292.34,1,2026-02-20 01:00:00+00:00,235.75,,,,,,,,,0
Sports,KXNHLFIRSTGOAL-26FEB05FLATB,FLA Panthers at TB Lightning: First Goal,KXNHLFIRSTGOAL-26FEB05FLATB-TBBHAGEL38,Brandon Hagel,0.99,1.0,0.995,0.99,0.01,1825,1825,1825,278.2,1,2026-02-20 00:30:00+00:00,235.25,,,,,,,,,0
Sports,KXNBA3PT-26FEB05UTAATL,Utah at Atlanta: Three Pointers,KXNBA3PT-26FEB05UTAATL-UTALMARKKANEN23-3,Lauri Markkanen: 3+,0.99,1.0,0.995,0.99,0.01,1843,1837,1616,253.61,1,2026-02-20 00:30:00+00:00,235.25,,,,,,,,,0
Sports,KXNHLFIRSTGOAL-26FEB05OTTPHI,OTT Senators at PHI Flyers: First Goal,KXNHLFIRSTGOAL-26FEB05OTTPHI-PHITZEGRAS46,Trevor Zegras,0.0,0.12,0.06,0.06,,156,156,156,234.69,1,2026-02-20 00:00:00+00:00,234.75,,,,,,,,,0
Sports,KXNHLFIRSTGOAL-26FEB05OTTPHI,OTT Senators at PHI Flyers: First Goal,KXNHLFIRSTGOAL-26FEB05OTTPHI-PHITKONECNY11,Travis Konecny,0.0,0.12,0.07,0.07,,121,121,121,228.37,1,2026-02-20 00:00:00+00:00,234.75,,,,,,,,,0
Sports,KXNBA2D-26FEB05UTAATL,Utah at Atlanta: Double Doubles,KXNBA2D-26FEB05UTAATL-ATLCMCCOLLUM3,CJ McCollum,0.0,0.1,0.04,0.04,,791,791,771,227.6,1,2026-02-20 00:30:00+00:00,235.25,,,,,,,,,0
Sports,KXNBA2D-26FEB05CHAHOU,Charlotte at Houston: Double Doubles,KXNBA2D-26FEB05CHAHOU-HOUKDURANT7,Kevin Durant,0.0,0.2,0.25,0.25,,297,297,250,227.51,1,2026-02-20 01:00:00+00:00,235.75,,,,,,,,,0
Sports,KXNHLFIRSTGOAL-26FEB05OTTPHI,OTT Senators at PHI Flyers: First Goal,KXNHLFIRSTGOAL-26FEB05OTTPHI-OTTJSANDERSON85,Jake Sanderson,0.0,0.12,0.04,0.04,,25,25,25,227.5,1,2026-02-20 00:00:00+00:00,234.75,,,,,,,,,0
Sports,KXNHLFIRSTGOAL-26FEB05OTTPHI,OTT Senators at PHI Flyers: First Goal,KXNHLFIRSTGOAL-26FEB05OTTPHI-OTTDBATHERSON19,Drake Batherson,0.0,0.12,0.06,0.06,,312,312,312,227.5,1,2026-02-20 00:00:00+00:00,234.75,,,,,,,,,0
Sports,KXNHLFIRSTGOAL-26FEB05FLATB,FLA Panthers at TB Lightning: First Goal,KXNHLFIRSTGOAL-26FEB05FLATB-FLASREINHART13,Sam Reinhart,0.0,0.2,0.08,0.08,,950,950,950,225.72,1,2026-02-20 00:30:00+00:00,235.25,,,,,,,,,0
Sports,KXNHLFIRSTGOAL-26FEB05OTTPHI,OTT Senators at PHI Flyers: First Goal,KXNHLFIRSTGOAL-26FEB05OTTPHI-OTTDCOZENS24,Dylan Cozens,0.0,0.12,0.06,0.06,,17,17,17,224.89,1,2026-02-20 00:00:00+00:00,234.75,,,,,,,,,0
Sports,KXNHLFIRSTGOAL-26FEB05FLATB,FLA Panthers at TB Lightning: First Goal,KXNHLFIRSTGOAL-26FEB05FLATB-TBGGONCALVES93,Gage Goncalves,0.0,0.2,0.04,0.04,,23,23,23,223.62,1,2026-02-20 00:30:00+00:00,235.25,,,,,,,,,0
Sports,KXNHLFIRSTGOAL-26FEB05FLATB,FLA Panthers at TB Lightning: First Goal,KXNHLFIRSTGOAL-26FEB05FLATB-FLACVERHAEGHE23,Carter Verhaeghe,0.0,0.2,0.05,0.05,,562,562,562,222.95,1,2026-02-20 00:30:00+00:00,235.25,,,,,,,,,0
Sports,KXNHLFIRSTGOAL-26FEB05FLATB,FLA Panthers at TB Lightning: First Goal,KXNHLFIRSTGOAL-26FEB05FLATB-TBNKUCHEROV86,Nikita Kucherov,0.0,0.2,0.11,0.11,,726,726,726,221.89,1,2026-02-20 00:30:00+00:00,235.25,,,,,,,,,0
Sports,KXNHLFIRSTGOAL-26FEB05OTTPHI,OTT Senators at PHI Flyers: First Goal,KXNHLFIRSTGOAL-26FEB05OTTPHI-PHIJDRYSDALE9,Jamie Drysdale,0.0,0.12,0.03,0.03,,22,22,22,220.54,1,2026-02-20 00:00:00+00:00,234.75,,,,,,,,,0
Sports,KXNHLFIRSTGOAL-26FEB05OTTPHI,OTT Senators at PHI Flyers: First Goal,KXNHLFIRSTGOAL-26FEB05OTTPHI-OTTTSTUTZLE18,Tim Stutzle,0.0,0.12,0.08,0.08,,70,70,70,220.54,1,2026-02-20 00:00:00+00:00,234.75,,,,,,,,,0
Sports,KXNHLFIRSTGOAL-26FEB05OTTPHI,OTT Senators at PHI Flyers: First Goal,KXNHLFIRSTGOAL-26FEB05OTTPHI-OTTSPINTO12,Shane Pinto,0.0,0.12,0.05,0.05,,18,18,18,220.54,1,2026-02-20 00:00:00+00:00,234.75,,,,,,,,,0
Sports,KXNHLFIRSTGOAL-26FEB05FLATB,FLA Panthers at TB Lightning: First Goal,KXNHLFIRSTGOAL-26FEB05FLATB-TBDJAMES17,Dominic James,0.0,0.2,0.04,0.04,,238,238,238,219.7,1,2026-02-20 00:30:00+00:00,235.25,,,,,,,,,0
Sports,KXNHLFIRSTGOAL-26FEB05OTTPHI,OTT Senators at PHI Flyers: First Goal,KXNHLFIRSTGOAL-26FEB05OTTPHI-PHIMMICHKOV39,Matvei Michkov,0.0,0.12,0.05,0.05,,301,301,301,219.67,1,2026-02-20 00:00:00+00:00,234.75,,,,,,,,,0
Sports,KXNHLFIRSTGOAL-26FEB05FLATB,FLA Panthers at TB Lightning: First Goal,KXNHLFIRSTGOAL-26FEB05FLATB-FLAUBALINSKIS26,Uvis Balinskis,0.0,0.2,0.03,0.03,,467,467,467,214.93,1,2026-02-20 00:30:00+00:00,235.25,,,,,,,,,0
Sports,KXNHLFIRSTGOAL-26FEB05FLATB,FLA Panthers at TB Lightning: First Goal,KXNHLFIRSTGOAL-26FEB05FLATB-TBJGUENTZEL59,Jake Guentzel,0.0,0.2,0.1,0.1,,9,9,9,214.8,1,2026-02-20 00:30:00+00:00,235.25,,,,,,,,,0
Sports,KXNBA2D-26FEB05UTAATL,Utah at Atlanta: Double Doubles,KXNBA2D-26FEB05UTAATL-UTALMARKKANEN23,Lauri Markkanen,0.0,0.4,0.36,0.36,,793,793,792,214.0,1,2026-02-20 00:30:00+00:00,235.25,,,,,,,,,0
Sports,KXNHLFIRSTGOAL-26FEB05FLATB,FLA Panthers at TB Lightning: First Goal,KXNHLFIRSTGOAL-26FEB05FLATB-FLAALUNDELL15,Anton Lundell,0.0,0.2,0.04,0.04,,1165,1165,1165,212.32,1,2026-02-20 00:30:00+00:00,235.25,,,,,,,,,0
Sports,KXNHLFIRSTGOAL-26FEB05FLATB,FLA Panthers at TB Lightning: First Goal,KXNHLFIRSTGOAL-26FEB05FLATB-FLASBENNETT9,Sam Bennett,0.0,0.2,0.07,0.07,,1324,1324,1324,211.45,1,2026-02-20 00:30:00+00:00,235.25,,,,,,,,,0
Sports,KXNHLFIRSTGOAL-26FEB05FLATB,FLA Panthers at TB Lightning: First Goal,KXNHLFIRSTGOAL-26FEB05FLATB-TBDRADDYSH43,Darren Raddysh,0.0,0.2,0.04,0.04,,888,888,888,209.2,1,2026-02-20 00:30:00+00:00,235.25,,,,,,,,,0
Sports,KXNHLFIRSTGOAL-26FEB05FLATB,FLA Panthers at TB Lightning: First Goal,KXNHLFIRSTGOAL-26FEB05FLATB-FLAGFORSLING42,Gustav Forsling,0.0,0.2,0.02,0.02,,288,288,288,208.84,1,2026-02-20 00:30:00+00:00,235.25,,,,,,,,,0
Sports,KXNBA2D-26FEB05CHAHOU,Charlotte at Houston: Double Doubles,KXNBA2D-26FEB05CHAHOU-CHAKKNUEPPEL7,Kon Knueppel,0.0,0.1,0.08,0.08,,1091,1091,1091,201.5,1,2026-02-20 01:00:00+00:00,235.75,,,,,,,,,0
Sports,KXNBA2D-26FEB05CHAHOU,Charlotte at Houston: Double Doubles,KXNBA2D-26FEB05CHAHOU-HOUATHOMPSON1,Amen Thompson,0.0,0.99,0.29,0.29,,71,71,71,198.0,1,2026-02-20 01:00:00+00:00,235.75,,,,,,,,,0
Sports,KXNBA2D-26FEB05CHAHOU,Charlotte at Houston: Double Doubles,KXNBA2D-26FEB05CHAHOU-HOUASENGUN28,Alperen Sengun,0.0,0.99,0.55,0.55,,1103,1103,848,198.0,1,2026-02-20 01:00:00+00:00,235.75,,,,,,,,,0
Sports,KXNBA2D-26FEB05CHAHOU,Charlotte at Houston: Double Doubles,KXNBA2D-26FEB05CHAHOU-CHAMBRIDGES0,Miles Bridges,0.0,0.16,0.16,0.16,,354,354,325,187.21,1,2026-02-20 01:00:00+00:00,235.75,,,,,,,,,0
Sports,KXNHLFIRSTGOAL-26FEB05NYINJ,NYI Islanders at NJ Devils: First Goal,KXNHLFIRSTGOAL-26FEB05NYINJ-NYITDEANGELO77,Tony DeAngelo,0.0,0.01,0.03,0.03,,312,312,312,158.62,1,2026-02-20 00:00:00+00:00,234.75,,,,,,,,,0
Sports,KXNHLFIRSTGOAL-26FEB05NYINJ,NYI Islanders at NJ Devils: First Goal,KXNHLFIRSTGOAL-26FEB05NYINJ-NJDMERCER91,Dawson Mercer,0.0,0.01,0.45,0.45,,20,20,20,157.22,1,2026-02-20 00:00:00+00:00,234.75,,,,,,,,,0
Sports,KXNBA3PT-26FEB05SASDAL,San Antonio at Dallas: Three Pointers,KXNBA3PT-26FEB05SASDAL-SASVWEMBANYAMA1-5,Victor Wembanyama: 5+,0.99,1.0,0.995,0.99,0.01,2224,2224,1927,153.87,1,2026-02-20 01:30:00+00:00,236.25,,,,,,,,,0
Sports,KXNHLFIRSTGOAL-26FEB05NYINJ,NYI Islanders at NJ Devils: First Goal,KXNHLFIRSTGOAL-26FEB05NYINJ-NYIBHORVAT14,Bo Horvat,0.0,0.01,0.08,0.08,,128,128,128,151.48,1,2026-02-20 00:00:00+00:00,234.75,,,,,,,,,0
Sports,KXNBAALLSTARS-26,Pro Basketball All Stars?,KXNBAALLSTARS-26-PBAN,Paolo Banchero,0.02,1.0,0.51,0.15,0.98,15052,52,8419,149.94,1,2026-02-17 15:00:00+00:00,177.75,0.0,0.0,0.0,-0.0,0.0,0.0,1.0,0.0,5
Sports,KXNHLFIRSTGOAL-26FEB05NYINJ,NYI Islanders at NJ Devils: First Goal,KXNHLFIRSTGOAL-26FEB05NYINJ-NYIALEE27,Anders Lee,0.0,0.01,0.05,0.05,,307,307,307,148.66,1,2026-02-20 00:00:00+00:00,234.75,,,,,,,,,0
Sports,KXNHLFIRSTGOAL-26FEB05NYINJ,NYI Islanders at NJ Devils: First Goal,KXNHLFIRSTGOAL-26FEB05NYINJ-NYIMSCHAEFER48,Matthew Schaefer,0.0,0.01,0.04,0.04,,514,514,514,144.31,1,2026-02-20 00:00:00+00:00,234.75,,,,,,,,,0
Sports,KXNHLFIRSTGOAL-26FEB05NYINJ,NYI Islanders at NJ Devils: First Goal,KXNHLFIRSTGOAL-26FEB05NYINJ-NJDHAMILTON7,Dougie Hamilton,0.0,0.01,0.03,0.03,,1560,1560,1560,141.7,1,2026-02-20 00:00:00+00:00,234.75,,,,,,,,,0
Sports,KXNHLFIRSTGOAL-26FEB05NYINJ,NYI Islanders at NJ Devils: First Goal,KXNHLFIRSTGOAL-26FEB05NYINJ-NYISHOLMSTROM10,Simon Holmstrom,0.0,0.01,0.05,0.05,,525,525,525,139.09,1,2026-02-20 00:00:00+00:00,234.75,,,,,,,,,0
Sports,KXNHLFIRSTGOAL-26FEB05NYINJ,NYI Islanders at NJ Devils: First Goal,KXNHLFIRSTGOAL-26FEB05NYINJ-NYIMBARZAL13,Mathew Barzal,0.0,0.01,0.06,0.06,,666,666,666,138.22,1,2026-02-20 00:00:00+00:00,234.75,,,,,,,,,0
Sports,KXNHLFIRSTGOAL-26FEB05NYINJ,NYI Islanders at NJ Devils: First Goal,KXNHLFIRSTGOAL-26FEB05NYINJ-NJSNEMEC17,Simon Nemec,0.0,0.01,0.02,0.02,,467,467,467,119.05,1,2026-02-20 00:00:00+00:00,234.75,,,,,,,,,0
Sports,KXNHLFIRSTGOAL-26FEB05NYINJ,NYI Islanders at NJ Devils: First Goal,KXNHLFIRSTGOAL-26FEB05NYINJ-NJJBRATT63,Jesper Bratt,0.0,0.01,0.06,0.06,,245,245,245,117.5,1,2026-02-20 00:00:00+00:00,234.75,,,,,,,,,0
Sports,KXNHLFIRSTGOAL-26FEB05NYINJ,NYI Islanders at NJ Devils: First Goal,KXNHLFIRSTGOAL-26FEB05NYINJ-NJOPALAT18,Ondrej Palat,0.0,0.01,0.05,0.05,,280,280,280,111.22,1,2026-02-20 00:00:00+00:00,234.75,,,,,,,,,0
Sports,KXNBA2D-26FEB05UTAATL,Utah at Atlanta: Double Doubles,KXNBA2D-26FEB05UTAATL-ATLDDANIELS5,Dyson Daniels,0.0,0.35,0.17,0.17,,1124,1124,1124,109.06,1,2026-02-20 00:30:00+00:00,235.25,,,,,,,,,0
Sports,KXNHLGOAL-26FEB05NYINJ,NYI Islanders at NJ Devils: Anytime Goal,KXNHLGOAL-26FEB05NYINJ-NJNHISCHIER13,Nico Hischier,0.99,1.0,0.995,0.99,0.01,1417,1417,1402,107.7,1,2026-02-20 00:00:00+00:00,234.75,,,,,,,,,0
Sports,KXNBA2D-26FEB05SASDAL,San Antonio at Dallas: Double Doubles,KXNBA2D-26FEB05SASDAL-SASDFOX4,De'Aaron Fox,0.0,0.32,0.11,0.11,,2308,2308,2308,105.02,1,2026-02-20 01:30:00+00:00,236.25,,,,,,,,,0
Sports,KXNHLFIRSTGOAL-26FEB05NYINJ,NYI Islanders at NJ Devils: First Goal,KXNHLFIRSTGOAL-26FEB05NYINJ-NJNHISCHIER13,Nico Hischier,0.0,0.01,0.07,0.07,,1930,1930,1930,103.39,1,2026-02-20 00:00:00+00:00,234.75,,,,,,,,,0
Sports,KXNHLGOAL-26FEB05PITBUF,PIT Penguins at BUF Sabres: Anytime Goal,KXNHLGOAL-26FEB05PITBUF-PITBKINDEL81,Ben Kindel,0.99,1.0,0.995,0.99,0.01,527,527,504,101.77,1,2026-02-20 00:00:00+00:00,234.75,,,,,,,,,0
Sports,KXNHLGOAL-26FEB05PITBUF,PIT Penguins at BUF Sabres: Anytime Goal,KXNHLGOAL-26FEB05PITBUF-BUFJZUCKER17,Jason Zucker,0.99,1.0,0.995,0.99,0.01,616,616,591,100.75,1,2026-02-20 00:00:00+00:00,234.75,,,,,,,,,0
Sports,KXNHLGOAL-26FEB05NSHWSH,NSH Predators at WSH Capitals: Anytime Goal,KXNHLGOAL-26FEB05NSHWSH-WSHJCHYCHRUN6,Jakob Chychrun,0.99,1.0,0.995,0.99,0.01,839,839,637,97.98,1,2026-02-20 00:00:00+00:00,234.75,,,,,,,,,0
Sports,KXNBA2D-26FEB05CHAHOU,Charlotte at Houston: Double Doubles,KXNBA2D-26FEB05CHAHOU-CHALBALL1,LaMelo Ball,0.0,0.51,0.24,0.24,,1097,1097,1097,94.37,1,2026-02-20 01:00:00+00:00,235.75,,,,,,,,,0
Sports,KXNHLGOAL-26FEB05FLATB,FLA Panthers at TB Lightning: Anytime Goal,KXNHLGOAL-26FEB05FLATB-TBBHAGEL38,Brandon Hagel,0.99,1.0,0.995,0.99,0.01,3952,3952,3952,81.19,1,2026-02-20 00:30:00+00:00,235.25,,,,,,,,,0
Sports,KXNBA2D-26FEB05UTAATL,Utah at Atlanta: Double Doubles,KXNBA2D-26FEB05UTAATL-ATLNALEXANDERWALKER7,Nickeil Alexander-Walker,0.0,0.1,0.04,0.04,,605,605,605,80.0,1,2026-02-20 00:30:00+00:00,235.25,,,,,,,,,0
Sports,KXNHLPTS-26FEB05FLATB,FLA Panthers at TB Lightning: Points,KXNHLPTS-26FEB05FLATB-TBJGUENTZEL59-2,Jake Guentzel: 2+,0.0,0.98,0.42,0.42,,1,1,1,79.38,1,2026-02-20 00:30:00+00:00,235.25,,,,,,,,,0
Sports,KXNBAAST-26FEB05UTAATL,Utah at Atlanta: Assists,KXNBAAST-26FEB05UTAATL-ATLNALEXANDERWALKER7-4,Nickeil Alexander-Walker: 4+,0.5,1.0,0.75,0.99,0.5,3089,3089,3089,70.58,1,2026-02-20 00:30:00+00:00,235.25,,,,,,,,,0
Sports,KXNHLGOAL-26FEB05NYINJ,NYI Islanders at NJ Devils: Anytime Goal,KXNHLGOAL-26FEB05NYINJ-NYIBHORVAT14,Bo Horvat,0.99,1.0,0.995,0.99,0.01,991,958,958,66.17,1,2026-02-20 00:00:00+00:00,234.75,,,,,,,,,0
Sports,KXNBAREB-26FEB05CHAHOU,Charlotte at Houston: Rebounds,KXNBAREB-26FEB05CHAHOU-CHAKKNUEPPEL7-4,Kon Knueppel: 4+,0.01,1.0,0.505,0.99,0.99,376,376,376,65.34,1,2026-02-20 01:00:00+00:00,235.75,,,,,,,,,0
Sports,KXNBA3D-26FEB05UTAATL,Utah at Atlanta: Triple Doubles,KXNBA3D-26FEB05UTAATL-ATLJJOHNSON1,Jalen Johnson,0.01,1.0,0.505,0.99,0.99,1389,1389,941,65.34,1,2026-02-20 00:30:00+00:00,235.25,,,,,,,,,0
Sports,KXNHLPTS-26FEB05PITBUF,PIT Penguins at BUF Sabres: Points,KXNHLPTS-26FEB05PITBUF-BUFBBYRAM4-1,Bowen Byram: 1+,0.99,1.0,0.995,0.38,0.01,4,4,4,50.0,1,2026-02-20 00:00:00+00:00,234.75,,,,,,,,,0
Sports,KXNHLPTS-26FEB05NSHWSH,NSH Predators at WSH Capitals: Points,KXNHLPTS-26FEB05NSHWSH-WSHJCHYCHRUN6-2,Jakob Chychrun: 2+,0.99,1.0,0.995,0.21,0.01,612,612,612,50.0,1,2026-02-20 00:00:00+00:00,234.75,,,,,,,,,0
Sports,KXNHLPTS-26FEB05NSHWSH,NSH Predators at WSH Capitals: Points,KXNHLPTS-26FEB05NSHWSH-WSHJCARLSON74-1,John Carlson: 1+,0.99,1.0,0.995,0.55,0.01,44,44,44,50.0,1,2026-02-20 00:00:00+00:00,234.75,,,,,,,,,0
Sports,KXNHLAST-26FEB05NSHWSH,NSH Predators at WSH Capitals: Assists,KXNHLAST-26FEB05NSHWSH-WSHJCHYCHRUN6-1,Jakob Chychrun: 1+,0.99,1.0,0.995,0.45,0.01,1,1,1,50.0,1,2026-02-20 00:00:00+00:00,234.75,,,,,,,,,0
Sports,KXNHLAST-26FEB05NSHWSH,NSH Predators at WSH Capitals: Assists,KXNHLAST-26FEB05NSHWSH-WSHJCARLSON74-1,John Carlson: 1+,0.99,1.0,0.995,0.44,0.01,1,1,1,50.0,1,2026-02-20 00:00:00+00:00,234.75,,,,,,,,,0
Sports,KXNHLAST-26FEB05NSHWSH,NSH Predators at WSH Capitals: Assists,KXNHLAST-26FEB05NSHWSH-WSHDSTROME17-1,Dylan Strome: 1+,0.99,1.0,0.995,0.43,0.01,1,1,1,50.0,1,2026-02-20 00:00:00+00:00,234.75,,,,,,,,,0
Sports,KXNHLPTS-26FEB05PITBUF,PIT Penguins at BUF Sabres: Points,KXNHLPTS-26FEB05PITBUF-PITAMANTHA39-1,Anthony Mantha: 1+,0.99,1.0,0.995,0.99,0.01,73,73,63,49.9,1,2026-02-20 00:00:00+00:00,234.75,,,,,,,,,0
Sports,KXNHLGOAL-26FEB05NSHWSH,NSH Predators at WSH Capitals: Anytime Goal,KXNHLGOAL-26FEB05NSHWSH-WSHTWILSON43,Tom Wilson,0.99,1.0,0.995,0.99,0.01,812,812,668,49.56,1,2026-02-20 00:00:00+00:00,234.75,,,,,,,,,0
Sports,KXNHLGOAL-26FEB05NSHWSH,NSH Predators at WSH Capitals: Anytime Goal,KXNHLGOAL-26FEB05NSHWSH-NSHJMARCHESSAULT81,Jonathan Marchessault,0.99,1.0,0.995,0.99,0.01,944,944,754,48.1,1,2026-02-20 00:00:00+00:00,234.75,,,,,,,,,0
Sports,KXNBA3PT-26FEB05CHAHOU,Charlotte at Houston: Three Pointers,KXNBA3PT-26FEB05CHAHOU-CHAKKNUEPPEL7-2,Kon Knueppel: 2+,0.99,1.0,0.995,0.99,0.01,408,408,408,45.0,1,2026-02-20 01:00:00+00:00,235.75,,,,,,,,,0
Sports,KXNHLGOAL-26FEB05PITBUF,PIT Penguins at BUF Sabres: Anytime Goal,KXNHLGOAL-26FEB05PITBUF-BUFTTHOMPSON72,Tage Thompson,0.99,1.0,0.995,0.99,0.01,2426,2426,1835,44.65,1,2026-02-20 00:00:00+00:00,234.75,,,,,,,,,0
Sports,KXNBA3D-26FEB05CHAHOU,Charlotte at Houston: Triple Doubles,KXNBA3D-26FEB05CHAHOU-CHALBALL1,LaMelo Ball,0.0,0.05,0.02,0.02,,2606,2606,2606,42.79,1,2026-02-20 01:00:00+00:00,235.75,,,,,,,,,0
Sports,KXNBA2D-26FEB05SASDAL,San Antonio at Dallas: Double Doubles,KXNBA2D-26FEB05SASDAL-SASVWEMBANYAMA1,Victor Wembanyama,0.5,1.0,0.75,0.98,0.5,1180,1180,1132,25.0,1,2026-02-20 01:30:00+00:00,236.25,,,,,,,,,0
Sports,KXNBAREB-26FEB05UTAATL,Utah at Atlanta: Rebounds,KXNBAREB-26FEB05UTAATL-ATLDDANIELS5-6,Dyson Daniels: 6+,0.01,1.0,0.505,0.99,0.99,633,311,633,21.78,1,2026-02-20 00:30:00+00:00,235.25,,,,,,,,,0
Sports,KXNBAREB-26FEB05UTAATL,Utah at Atlanta: Rebounds,KXNBAREB-26FEB05UTAATL-ATLJJOHNSON1-16,Jalen Johnson: 16+,0.5,1.0,0.75,0.5,0.5,745,385,725,10.0,1,2026-02-20 00:30:00+00:00,235.25,,,,,,,,,0
Sports,KXNHLFIRSTGOAL-26FEB05PITBUF,PIT Penguins at BUF Sabres: First Goal,KXNHLFIRSTGOAL-26FEB05PITBUF-BUFJZUCKER17,Jason Zucker,0.99,1.0,0.995,0.88,0.01,97,97,97,1.0,1,2026-02-20 00:00:00+00:00,234.75,,,,,,,,,0
Sports,KXNHLGOAL-26FEB05OTTPHI,OTT Senators at PHI Flyers: Anytime Goal,KXNHLGOAL-26FEB05OTTPHI-OTTTSTUTZLE18,Tim Stutzle,0.99,1.0,0.995,0.99,0.01,620,75,606,0.55,1,2026-02-20 00:00:00+00:00,234.75,,,,,,,,,0
Sports,KXNBAALLSTARS-26,Pro Basketball All Stars?,KXNBAALLSTARS-26-NVUC,Nikola Vucevic,0.0,1.0,0.06,0.06,,78,0,78,0.0,1,2026-02-17 15:00:00+00:00,177.75,0.0,0.0,0.0,0.0,0.0,0.0,1.0,0.0,3
Sports,KXNBAALLSTARS-26,Pro Basketball All Stars?,KXNBAALLSTARS-26-MBRI,Miles Bridges,0.0,1.0,0.05,0.05,,18,0,18,0.0,1,2026-02-17 15:00:00+00:00,177.75,0.0,0.0,0.0,-0.0,0.0,0.0,1.0,0.0,5
Sports,KXNBAALLSTARS-26,Pro Basketball All Stars?,KXNBAALLSTARS-26-JJAC,Jaren Jackson Jr.,0.0,1.0,0.02,0.02,,748,0,400,0.0,1,2026-02-17 15:00:00+00:00,177.75,0.0,0.0,0.0,-0.0,0.0,0.0,1.0,0.0,5
Sports,KXNBAALLSTARS-26,Pro Basketball All Stars?,KXNBAALLSTARS-26-IZUB,Ivica Zubac,0.0,1.0,0.06,0.06,,37,0,37,0.0,1,2026-02-17 15:00:00+00:00,177.75,0.0,0.0,0.0,-0.0,0.0,0.0,1.0,0.0,5
Sports,KXNBAALLSTARS-26,Pro Basketball All Stars?,KXNBAALLSTARS-26-DSAB,Domantas Sabonis,0.0,1.0,0.07,0.07,,420,0,400,0.0,1,2026-02-17 15:00:00+00:00,177.75,0.0,0.0,0.0,0.0,0.0,0.0,1.0,0.0,5
Sports,KXNBAALLSTARS-26,Pro Basketball All Stars?,KXNBAALLSTARS-26-DDAN,Dyson Daniels,0.0,1.0,0.08,0.08,,110,0,110,0.0,1,2026-02-17 15:00:00+00:00,177.75,0.0,0.0,0.0,-0.0,0.0,0.0,1.0,0.0,5
Sports,KXNBAALLSTARS-26,Pro Basketball All Stars?,KXNBAALLSTARS-26-ASAR,Alex Sarr,0.0,1.0,0.01,0.01,,611,0,75,0.0,1,2026-02-17 15:00:00+00:00,177.75,0.0,0.0,0.0,-0.0,0.0,0.0,1.0,0.0,5
Sports,KXNBAALLSTARS-26SDC,Pro Basketball Slam Dunk Contest Participants?,KXNBAALLSTARS-26SDC-VEDG,V. J. Edgecombe,0.0,1.0,0.99,0.99,,91,0,91,0.0,1,2026-02-16 03:00:00+00:00,141.75,0.0,0.0,0.0,-0.0,0.0,0.0,1.0,0.0,4
Sports,KXNBAALLSTARS-26SDC,Pro Basketball Slam Dunk Contest Participants?,KXNBAALLSTARS-26SDC-SSHA,Shaedon Sharpe,0.0,1.0,0.99,0.99,,1,0,1,0.0,1,2026-02-16 03:00:00+00:00,141.75,0.0,0.0,0.0,-0.0,0.0,0.0,1.0,0.0,4
Sports,KXNBAALLSTARS-26SDC,Pro Basketball Slam Dunk Contest Participants?,KXNBAALLSTARS-26SDC-JMOR,Ja Morant,0.0,1.0,0.99,0.99,,1,0,1,0.0,1,2026-02-16 03:00:00+00:00,141.75,0.0,0.0,0.0,-0.0,0.0,0.0,1.0,0.0,4
Sports,KXNBAALLSTARS-26SDC,Pro Basketball Slam Dunk Contest Participants?,KXNBAALLSTARS-26SDC-AMTHO,Amen Thompson,0.0,1.0,0.99,0.99,,5,0,5,0.0,1,2026-02-16 03:00:00+00:00,141.75,0.0,0.0,0.0,-0.0,0.0,0.0,1.0,0.0,4
Sports,KXSOCCERTRANSFER-26,Who will leave their club during the winter transfer window?,KXSOCCERTRANSFER-26-SAVI,Savinho,0.0,1.0,0.99,0.99,,1,0,1,0.0,1,2026-02-12 04:59:00+00:00,47.74,0.0,0.0,0.0,-0.0,0.0,0.0,1.0,0.0,5
Sports,KXSOCCERTRANSFER-26,Who will leave their club during the winter transfer window?,KXSOCCERTRANSFER-26-MSAL,Mohamed Salah,0.0,1.0,0.5,0.5,,3,0,3,0.0,1,2026-02-12 04:59:00+00:00,47.74,0.0,0.0,0.0,-0.0,0.0,0.0,1.0,0.0,5
Sports,KXSOCCERTRANSFER-26,Who will leave their club during the winter transfer window?,KXSOCCERTRANSFER-26-GJES,Gabriel Jesus,0.0,1.0,0.2,0.2,,4,0,4,0.0,1,2026-02-12 04:59:00+00:00,47.74,0.0,0.0,0.0,-0.0,0.0,0.0,1.0,0.0,5
Sports,KXNBASTL-26FEB05SASDAL,San Antonio at Dallas: Steals,KXNBASTL-26FEB05SASDAL-SASVWEMBANYAMA1-2,Victor Wembanyama: 2+,0.0,1.0,0.99,0.99,,663,663,663,0.0,1,2026-02-20 01:30:00+00:00,236.25,,,,,,,,,0
Sports,KXNBASTL-26FEB05SASDAL,San Antonio at Dallas: Steals,KXNBASTL-26FEB05SASDAL-SASSCASTLE5-3,Stephon Castle: 3+,0.0,1.0,0.99,0.99,,849,849,845,0.0,1,2026-02-20 01:30:00+00:00,236.25,,,,,,,,,0
Sports,KXNBASTL-26FEB05SASDAL,San Antonio at Dallas: Steals,KXNBASTL-26FEB05SASDAL-DALCFLAGG32-2,Cooper Flagg: 2+,0.0,1.0,0.99,0.99,,351,351,351,0.0,1,2026-02-20 01:30:00+00:00,236.25,,,,,,,,,0
Sports,KXNBAAST-26FEB05SASDAL,San Antonio at Dallas: Assists,KXNBAAST-26FEB05SASDAL-SASVWEMBANYAMA1-2,Victor Wembanyama: 2+,0.0,1.0,0.99,0.99,,775,775,663,0.0,1,2026-02-20 01:30:00+00:00,236.25,,,,,,,,,0
Sports,KXNBA3D-26FEB05SASDAL,San Antonio at Dallas: Triple Doubles,KXNBA3D-26FEB05SASDAL-SASVWEMBANYAMA1,Victor Wembanyama,0.0,1.0,0.4,0.4,,255,255,255,0.0,1,2026-02-20 01:30:00+00:00,236.25,,,,,,,,,0
Sports,KXNBASTL-26FEB05CHAHOU,Charlotte at Houston: Steals,KXNBASTL-26FEB05CHAHOU-CHAMBRIDGES0-1,Miles Bridges: 1+,0.0,1.0,0.99,0.99,,300,300,300,0.0,1,2026-02-20 01:00:00+00:00,235.75,,,,,,,,,0
Sports,KXNBASTL-26FEB05CHAHOU,Charlotte at Houston: Steals,KXNBASTL-26FEB05CHAHOU-HOUATHOMPSON1-1,Amen Thompson: 1+,0.0,1.0,0.99,0.99,,300,300,300,0.0,1,2026-02-20 01:00:00+00:00,235.75,,,,,,,,,0
Sports,KXNBABLK-26FEB05CHAHOU,Charlotte at Houston: Blocks,KXNBABLK-26FEB05CHAHOU-HOUATHOMPSON1-1,Amen Thompson: 1+,0.0,1.0,0.99,0.99,,300,300,300,0.0,1,2026-02-20 01:00:00+00:00,235.75,,,,,,,,,0
Sports,KXNBABLK-26FEB05CHAHOU,Charlotte at Houston: Blocks,KXNBABLK-26FEB05CHAHOU-HOUASENGUN28-1,Alperen Sengun: 1+,0.0,1.0,0.99,0.99,,599,599,599,0.0,1,2026-02-20 01:00:00+00:00,235.75,,,,,,,,,0
Sports,KXNBAAST-26FEB05CHAHOU,Charlotte at Houston: Assists,KXNBAAST-26FEB05CHAHOU-CHAKKNUEPPEL7-2,Kon Knueppel: 2+,0.0,1.0,0.99,0.99,,401,401,401,0.0,1,2026-02-20 01:00:00+00:00,235.75,,,,,,,,,0
Sports,KXNBA3D-26FEB05CHAHOU,Charlotte at Houston: Triple Doubles,KXNBA3D-26FEB05CHAHOU-HOUASENGUN28,Alperen Sengun,0.0,1.0,0.06,0.06,,1428,1428,1428,0.0,1,2026-02-20 01:00:00+00:00,235.75,,,,,,,,,0
Sports,KXNHLPTS-26FEB05FLATB,FLA Panthers at TB Lightning: Points,KXNHLPTS-26FEB05FLATB-TBOBJORKSTRAND22-2,Oliver Bjorkstrand: 2+,0.0,1.0,0.12,0.12,,39,39,39,0.0,1,2026-02-20 00:30:00+00:00,235.25,,,,,,,,,0
Sports,KXNHLPTS-26FEB05FLATB,FLA Panthers at TB Lightning: Points,KXNHLPTS-26FEB05FLATB-TBOBJORKSTRAND22-1,Oliver Bjorkstrand: 1+,0.0,1.0,0.44,0.44,,21,21,21,0.0,1,2026-02-20 00:30:00+00:00,235.25,,,,,,,,,0
Sports,KXNHLPTS-26FEB05FLATB,FLA Panthers at TB Lightning: Points,KXNHLPTS-26FEB05FLATB-TBNKUCHEROV86-2,Nikita Kucherov: 2+,0.0,1.0,0.65,0.65,,22,22,22,0.0,1,2026-02-20 00:30:00+00:00,235.25,,,,,,,,,0
Sports,KXNHLPTS-26FEB05FLATB,FLA Panthers at TB Lightning: Points,KXNHLPTS-26FEB05FLATB-TBDRADDYSH43-2,Darren Raddysh: 2+,0.0,1.0,0.27,0.27,,671,671,671,0.0,1,2026-02-20 00:30:00+00:00,235.25,,,,,,,,,0
Sports,KXNHLPTS-26FEB05FLATB,FLA Panthers at TB Lightning: Points,KXNHLPTS-26FEB05FLATB-FLASBENNETT9-2,Sam Bennett: 2+,0.0,1.0,0.19,0.19,,119,119,119,0.0,1,2026-02-20 00:30:00+00:00,235.25,,,,,,,,,0
Sports,KXNHLPTS-26FEB05FLATB,FLA Panthers at TB Lightning: Points,KXNHLPTS-26FEB05FLATB-FLASBENNETT9-1,Sam Bennett: 1+,0.0,1.0,0.54,0.54,,26,26,26,0.0,1,2026-02-20 00:30:00+00:00,235.25,,,,,,,,,0
Sports,KXNHLPTS-26FEB05FLATB,FLA Panthers at TB Lightning: Points,KXNHLPTS-26FEB05FLATB-FLACVERHAEGHE23-1,Carter Verhaeghe: 1+,0.0,1.0,0.54,0.54,,5,5,5,0.0,1,2026-02-20 00:30:00+00:00,235.25,,,,,,,,,0
Sports,KXNHLPTS-26FEB05FLATB,FLA Panthers at TB Lightning: Points,KXNHLPTS-26FEB05FLATB-FLAALUNDELL15-1,Anton Lundell: 1+,0.0,1.0,0.48,0.48,,30,30,30,0.0,1,2026-02-20 00:30:00+00:00,235.25,,,,,,,,,0
Sports,KXNHLAST-26FEB05FLATB,FLA Panthers at TB Lightning: Assists,KXNHLAST-26FEB05FLATB-TBNKUCHEROV86-2,Nikita Kucherov: 2+,0.0,1.0,0.44,0.44,,1,1,1,0.0,1,2026-02-20 00:30:00+00:00,235.25,,,,,,,,,0
Sports,KXNHLAST-26FEB05FLATB,FLA Panthers at TB Lightning: Assists,KXNHLAST-26FEB05FLATB-TBDRADDYSH43-1,Darren Raddysh: 1+,0.0,1.0,0.55,0.55,,15,15,15,0.0,1,2026-02-20 00:30:00+00:00,235.25,,,,,,,,,0
Sports,KXNHLAST-26FEB05FLATB,FLA Panthers at TB Lightning: Assists,KXNHLAST-26FEB05FLATB-FLASREINHART13-1,Sam Reinhart: 1+,0.0,1.0,0.44,0.44,,45,45,45,0.0,1,2026-02-20 00:30:00+00:00,235.25,,,,,,,,,0
Sports,KXNHLAST-26FEB05FLATB,FLA Panthers at TB Lightning: Assists,KXNHLAST-26FEB05FLATB-FLAALUNDELL15-1,Anton Lundell: 1+,0.0,1.0,0.3,0.3,,253,253,253,0.0,1,2026-02-20 00:30:00+00:00,235.25,,,,,,,,,0
Sports,KXNBASTL-26FEB05UTAATL,Utah at Atlanta: Steals,KXNBASTL-26FEB05UTAATL-ATLNALEXANDERWALKER7-1,Nickeil Alexander-Walker: 1+,0.0,1.0,0.99,0.99,,318,318,318,0.0,1,2026-02-20 00:30:00+00:00,235.25,,,,,,,,,0
Sports,KXNBASTL-26FEB05UTAATL,Utah at Atlanta: Steals,KXNBASTL-26FEB05UTAATL-ATLJJOHNSON1-1,Jalen Johnson: 1+,0.0,1.0,0.99,0.99,,304,304,304,0.0,1,2026-02-20 00:30:00+00:00,235.25,,,,,,,,,0
Sports,KXNBAREB-26FEB05CHITOR,Chicago at Toronto: Rebounds,KXNBAREB-26FEB05CHITOR-TORSBARNES4-6,Scottie Barnes: 6+,0.0,1.0,0.99,0.99,,372,72,372,0.0,1,2026-02-20 00:30:00+00:00,235.25,,,,,,,,,0
Sports,KXNBABLK-26FEB05CHITOR,Chicago at Toronto: Blocks,KXNBABLK-26FEB05CHITOR-TORSBARNES4-1,Scottie Barnes: 1+,0.0,1.0,0.99,0.99,,313,313,313,0.0,1,2026-02-20 00:30:00+00:00,235.25,,,,,,,,,0
Sports,KXNHLPTS-26FEB05PITBUF,PIT Penguins at BUF Sabres: Points,KXNHLPTS-26FEB05PITBUF-PITSCROSBY87-2,Sidney Crosby: 2+,0.0,1.0,0.29,0.29,,326,326,326,0.0,1,2026-02-20 00:00:00+00:00,234.75,,,,,,,,,0
Sports,KXNHLPTS-26FEB05PITBUF,PIT Penguins at BUF Sabres: Points,KXNHLPTS-26FEB05PITBUF-PITEMALKIN71-1,Evgeni Malkin: 1+,0.0,1.0,0.62,0.62,,23,23,23,0.0,1,2026-02-20 00:00:00+00:00,234.75,,,,,,,,,0
Sports,KXNHLPTS-26FEB05PITBUF,PIT Penguins at BUF Sabres: Points,KXNHLPTS-26FEB05PITBUF-PITBKINDEL81-2,Ben Kindel: 2+,0.0,1.0,0.11,0.11,,42,42,42,0.0,1,2026-02-20 00:00:00+00:00,234.75,,,,,,,,,0
Sports,KXNHLPTS-26FEB05PITBUF,PIT Penguins at BUF Sabres: Points,KXNHLPTS-26FEB05PITBUF-BUFTTHOMPSON72-2,Tage Thompson: 2+,0.0,1.0,0.37,0.37,,63,63,63,0.0,1,2026-02-20 00:00:00+00:00,234.75,,,,,,,,,0
Sports,KXNHLPTS-26FEB05PITBUF,PIT Penguins at BUF Sabres: Points,KXNHLPTS-26FEB05PITBUF-BUFRDAHLIN26-3,Rasmus Dahlin: 3+,0.0,1.0,0.11,0.11,,42,42,42,0.0,1,2026-02-20 00:00:00+00:00,234.75,,,,,,,,,0
Sports,KXNHLPTS-26FEB05PITBUF,PIT Penguins at BUF Sabres: Points,KXNHLPTS-26FEB05PITBUF-BUFRDAHLIN26-2,Rasmus Dahlin: 2+,0.0,1.0,0.29,0.29,,391,391,391,0.0,1,2026-02-20 00:00:00+00:00,234.75,,,,,,,,,0
Sports,KXNHLPTS-26FEB05PITBUF,PIT Penguins at BUF Sabres: Points,KXNHLPTS-26FEB05PITBUF-BUFJQUINN22-3,Jack Quinn: 3+,0.0,1.0,0.07,0.07,,40,40,40,0.0,1,2026-02-20 00:00:00+00:00,234.75,,,,,,,,,0
Sports,KXNHLPTS-26FEB05PITBUF,PIT Penguins at BUF Sabres: Points,KXNHLPTS-26FEB05PITBUF-BUFJQUINN22-1,Jack Quinn: 1+,0.0,1.0,0.55,0.55,,26,26,26,0.0,1,2026-02-20 00:00:00+00:00,234.75,,,,,,,,,0
Sports,KXNHLPTS-26FEB05PITBUF,PIT Penguins at BUF Sabres: Points,KXNHLPTS-26FEB05PITBUF-BUFJDOAN91-2,Josh Doan: 2+,0.0,1.0,0.16,0.16,,23,23,23,0.0,1,2026-02-20 00:00:00+00:00,234.75,,,,,,,,,0
Sports,KXNHLPTS-26FEB05PITBUF,PIT Penguins at BUF Sabres: Points,KXNHLPTS-26FEB05PITBUF-BUFJDOAN91-1,Josh Doan: 1+,0.0,1.0,0.52,0.52,,1,1,1,0.0,1,2026-02-20 00:00:00+00:00,234.75,,,,,,,,,0
Sports,KXNHLPTS-26FEB05PITBUF,PIT Penguins at BUF Sabres: Points,KXNHLPTS-26FEB05PITBUF-BUFIROSEN63-1,Isak Rosen: 1+,0.0,1.0,0.2,0.2,,7,7,7,0.0,1,2026-02-20 00:00:00+00:00,234.75,,,,,,,,,0
Sports,KXNHLPTS-26FEB05PITBUF,PIT Penguins at BUF Sabres: Points,KXNHLPTS-26FEB05PITBUF-BUFATUCH89-3,Alex Tuch: 3+,0.0,1.0,0.09,0.09,,166,166,166,0.0,1,2026-02-20 00:00:00+00:00,234.75,,,,,,,,,0
Sports,KXNHLPTS-26FEB05PITBUF,PIT Penguins at BUF Sabres: Points,KXNHLPTS-26FEB05PITBUF-BUFATUCH89-2,Alex Tuch: 2+,0.0,1.0,0.24,0.24,,154,154,154,0.0,1,2026-02-20 00:00:00+00:00,234.75,,,,,,,,,0
Sports,KXNHLPTS-26FEB05OTTPHI,OTT Senators at PHI Flyers: Points,KXNHLPTS-26FEB05OTTPHI-PHITZEGRAS46-1,Trevor Zegras: 1+,0.0,1.0,0.57,0.57,,51,51,51,0.0,1,2026-02-20 00:00:00+00:00,234.75,,,,,,,,,0
Sports,KXNHLPTS-26FEB05OTTPHI,OTT Senators at PHI Flyers: Points,KXNHLPTS-26FEB05OTTPHI-PHINCATES27-2,Noah Cates: 2+,0.0,1.0,0.08,0.08,,58,58,58,0.0,1,2026-02-20 00:00:00+00:00,234.75,,,,,,,,,0
Sports,KXNHLPTS-26FEB05OTTPHI,OTT Senators at PHI Flyers: Points,KXNHLPTS-26FEB05OTTPHI-PHIMMICHKOV39-2,Matvei Michkov: 2+,0.0,1.0,0.13,0.13,,1942,1942,1942,0.0,1,2026-02-20 00:00:00+00:00,234.75,,,,,,,,,0
Sports,KXNHLPTS-26FEB05OTTPHI,OTT Senators at PHI Flyers: Points,KXNHLPTS-26FEB05OTTPHI-OTTTCHABOT72-2,Thomas Chabot: 2+,0.0,1.0,0.11,0.11,,42,42,42,0.0,1,2026-02-20 00:00:00+00:00,234.75,,,,,,,,,0
Sports,KXNHLPTS-26FEB05OTTPHI,OTT Senators at PHI Flyers: Points,KXNHLPTS-26FEB05OTTPHI-OTTJSANDERSON85-1,Jake Sanderson: 1+,0.0,1.0,0.62,0.62,,39,39,39,0.0,1,2026-02-20 00:00:00+00:00,234.75,,,,,,,,,0
Sports,KXNHLPTS-26FEB05OTTPHI,OTT Senators at PHI Flyers: Points,KXNHLPTS-26FEB05OTTPHI-OTTCGIROUX28-2,Claude Giroux: 2+,0.0,1.0,0.14,0.14,,1010,1010,1010,0.0,1,2026-02-20 00:00:00+00:00,234.75,,,,,,,,,0
Sports,KXNHLPTS-26FEB05OTTPHI,OTT Senators at PHI Flyers: Points,KXNHLPTS-26FEB05OTTPHI-OTTCGIROUX28-1,Claude Giroux: 1+,0.0,1.0,0.47,0.47,,5,5,5,0.0,1,2026-02-20 00:00:00+00:00,234.75,,,,,,,,,0
Sports,KXNHLPTS-26FEB05NYINJ,NYI Islanders at NJ Devils: Points,KXNHLPTS-26FEB05NYINJ-NYIMSCHAEFER48-2,Matthew Schaefer: 2+,0.0,1.0,0.16,0.16,,372,372,372,0.0,1,2026-02-20 00:00:00+00:00,234.75,,,,,,,,,0
Sports,KXNHLPTS-26FEB05NYINJ,NYI Islanders at NJ Devils: Points,KXNHLPTS-26FEB05NYINJ-NYIMSCHAEFER48-1,Matthew Schaefer: 1+,0.0,1.0,0.48,0.48,,98,98,98,0.0,1,2026-02-20 00:00:00+00:00,234.75,,,,,,,,,0
Sports,KXNHLPTS-26FEB05NYINJ,NYI Islanders at NJ Devils: Points,KXNHLPTS-26FEB05NYINJ-NYIMBARZAL13-2,Mathew Barzal: 2+,0.0,1.0,0.25,0.25,,19,19,19,0.0,1,2026-02-20 00:00:00+00:00,234.75,,,,,,,,,0
Sports,KXNHLPTS-26FEB05NYINJ,NYI Islanders at NJ Devils: Points,KXNHLPTS-26FEB05NYINJ-NYIEHEINEMAN51-2,Emil Heineman: 2+,0.0,1.0,0.1,0.1,,47,47,47,0.0,1,2026-02-20 00:00:00+00:00,234.75,,,,,,,,,0
Sports,KXNHLPTS-26FEB05NYINJ,NYI Islanders at NJ Devils: Points,KXNHLPTS-26FEB05NYINJ-NJDHAMILTON7-1,Dougie Hamilton: 1+,0.0,1.0,0.5,0.5,,48,48,48,0.0,1,2026-02-20 00:00:00+00:00,234.75,,,,,,,,,0
Sports,KXNHLPTS-26FEB05NYINJ,NYI Islanders at NJ Devils: Points,KXNHLPTS-26FEB05NYINJ-NJAGRITSYUK81-2,Arseny Gritsyuk: 2+,0.0,1.0,0.1,0.1,,47,47,47,0.0,1,2026-02-20 00:00:00+00:00,234.75,,,,,,,,,0
Sports,KXNHLPTS-26FEB05NSHWSH,NSH Predators at WSH Capitals: Points,KXNHLPTS-26FEB05NSHWSH-WSHDSTROME17-2,Dylan Strome: 2+,0.0,1.0,0.28,0.28,,166,166,166,0.0,1,2026-02-20 00:00:00+00:00,234.75,,,,,,,,,0
Sports,KXNHLPTS-26FEB05NSHWSH,NSH Predators at WSH Capitals: Points,KXNHLPTS-26FEB05NSHWSH-WSHAOVECHKIN8-1,Alex Ovechkin: 1+,0.0,1.0,0.65,0.65,,22,22,22,0.0,1,2026-02-20 00:00:00+00:00,234.75,,,,,,,,,0
Sports,KXNHLPTS-26FEB05NSHWSH,NSH Predators at WSH Capitals: Points,KXNHLPTS-26FEB05NSHWSH-NSHSSTAMKOS91-1,Steven Stamkos: 1+,0.0,1.0,0.57,0.57,,3,3,3,0.0,1,2026-02-20 00:00:00+00:00,234.75,,,,,,,,,0
Sports,KXNHLPTS-26FEB05NSHWSH,NSH Predators at WSH Capitals: Points,KXNHLPTS-26FEB05NSHWSH-NSHRJOSI59-2,Roman Josi: 2+,0.0,1.0,0.26,0.26,,91,91,91,0.0,1,2026-02-20 00:00:00+00:00,234.75,,,,,,,,,0
Sports,KXNHLPTS-26FEB05NSHWSH,NSH Predators at WSH Capitals: Points,KXNHLPTS-26FEB05NSHWSH-NSHRJOSI59-1,Roman Josi: 1+,0.0,1.0,0.62,0.62,,16,16,16,0.0,1,2026-02-20 00:00:00+00:00,234.75,,,,,,,,,0
Sports,KXNHLPTS-26FEB05NSHWSH,NSH Predators at WSH Capitals: Points,KXNHLPTS-26FEB05NSHWSH-NSHEHAULA56-2,Erik Haula: 2+,0.0,1.0,0.1,0.1,,47,47,47,0.0,1,2026-02-20 00:00:00+00:00,234.75,,,,,,,,,0
Sports,KXNHLGOAL-26FEB05OTTPHI,OTT Senators at PHI Flyers: Anytime Goal,KXNHLGOAL-26FEB05OTTPHI-PHIJDRYSDALE9,Jamie Drysdale,0.0,1.0,0.99,0.99,,450,450,450,0.0,1,2026-02-20 00:00:00+00:00,234.75,,,,,,,,,0
Sports,KXNHLGOAL-26FEB05NYINJ,NYI Islanders at NJ Devils: Anytime Goal,KXNHLGOAL-26FEB05NYINJ-NYIMBARZAL13,Mathew Barzal,0.0,1.0,0.99,0.99,,760,760,760,0.0,1,2026-02-20 00:00:00+00:00,234.75,,,,,,,,,0
Sports,KXNHLAST-26FEB05PITBUF,PIT Penguins at BUF Sabres: Assists,KXNHLAST-26FEB05PITBUF-PITSCROSBY87-1,Sidney Crosby: 1+,0.0,1.0,0.48,0.48,,606,606,606,0.0,1,2026-02-20 00:00:00+00:00,234.75,,,,,,,,,0
Sports,KXNHLAST-26FEB05PITBUF,PIT Penguins at BUF Sabres: Assists,KXNHLAST-26FEB05PITBUF-PITEMALKIN71-1,Evgeni Malkin: 1+,0.0,1.0,0.47,0.47,,51,51,51,0.0,1,2026-02-20 00:00:00+00:00,234.75,,,,,,,,,0
Sports,KXNHLAST-26FEB05PITBUF,PIT Penguins at BUF Sabres: Assists,KXNHLAST-26FEB05PITBUF-PITBKINDEL81-1,Ben Kindel: 1+,0.0,1.0,0.26,0.26,,546,546,546,0.0,1,2026-02-20 00:00:00+00:00,234.75,,,,,,,,,0
Sports,KXNHLAST-26FEB05PITBUF,PIT Penguins at BUF Sabres: Assists,KXNHLAST-26FEB05PITBUF-BUFRMCLEOD71-2,Ryan McLeod: 2+,0.0,1.0,0.12,0.12,,827,827,827,0.0,1,2026-02-20 00:00:00+00:00,234.75,,,,,,,,,0
Sports,KXNHLAST-26FEB05PITBUF,PIT Penguins at BUF Sabres: Assists,KXNHLAST-26FEB05PITBUF-BUFRDAHLIN26-1,Rasmus Dahlin: 1+,0.0,1.0,0.59,0.59,,40,40,40,0.0,1,2026-02-20 00:00:00+00:00,234.75,,,,,,,,,0
Sports,KXNHLAST-26FEB05PITBUF,PIT Penguins at BUF Sabres: Assists,KXNHLAST-26FEB05PITBUF-BUFJZUCKER17-2,Jason Zucker: 2+,0.0,1.0,0.1,0.1,,18,18,18,0.0,1,2026-02-20 00:00:00+00:00,234.75,,,,,,,,,0
Sports,KXNHLAST-26FEB05NYINJ,NYI Islanders at NJ Devils: Assists,KXNHLAST-26FEB05NYINJ-NJJBRATT63-1,Jesper Bratt: 1+,0.0,1.0,0.4,0.4,,2,2,2,0.0,1,2026-02-20 00:00:00+00:00,234.75,,,,,,,,,0
Sports,KXNHLAST-26FEB05NSHWSH,NSH Predators at WSH Capitals: Assists,KXNHLAST-26FEB05NSHWSH-WSHTWILSON43-1,Tom Wilson: 1+,0.0,1.0,0.46,0.46,,1,1,1,0.0,1,2026-02-20 00:00:00+00:00,234.75,,,,,,,,,0
