category,event_ticker,event_title,market_ticker,market_title,yes_bid,yes_ask,mid_yes,last_price,spread_yes,liquidity,tick_size,close_time,time_to_close_hours
Climate and Weather,KXHMONTH-26JAN,This Jan 2026 is the hottest January ever?,KXHMONTH-26JAN,Hottest ever,0.0,0.02,0.02,0.02,,2466.65,1,2026-02-16 04:59:00+00:00,144.53
Climate and Weather,KXHMONTHRANGE-26JAN,Jan 2026 temperature increase?,KXHMONTHRANGE-26JAN-T1.30,1.30001 or above,0.02,0.03,0.025,0.06,0.01,1411.51,1,2026-02-16 04:59:00+00:00,144.53
Climate and Weather,KXHMONTHRANGE-26JAN,Jan 2026 temperature increase?,KXHMONTHRANGE-26JAN-T1.03,1.02999 or below,0.03,0.11,0.07,0.11,0.08,847.15,1,2026-02-16 04:59:00+00:00,144.53
Climate and Weather,KXHMONTHRANGE-26JAN,Jan 2026 temperature increase?,KXHMONTHRANGE-26JAN-B1.130,1.10 to 1.16,0.37,0.5,0.435,0.5,0.13,600.09,1,2026-02-16 04:59:00+00:00,144.53
Climate and Weather,KXHMONTHRANGE-26JAN,Jan 2026 temperature increase?,KXHMONTHRANGE-26JAN-B1.270,1.24 to 1.30,0.0,0.05,0.01,0.01,,540.02,1,2026-02-16 04:59:00+00:00,144.53
Climate and Weather,KXHMONTHRANGE-26JAN,Jan 2026 temperature increase?,KXHMONTHRANGE-26JAN-B1.200,1.17 to 1.23,0.05,0.15,0.1,0.15,0.1,416.55,1,2026-02-16 04:59:00+00:00,144.53
Climate and Weather,KXHMONTHRANGE-26JAN,Jan 2026 temperature increase?,KXHMONTHRANGE-26JAN-B1.060,1.03 to 1.09,0.25,0.5,0.375,0.48,0.25,184.05,1,2026-02-16 04:59:00+00:00,144.53
Economics,KXGDPYEAR-25,GDP growth in 2025?,KXGDPYEAR-25-B3.8,3.6 to 4.0,0.0,0.01,0.01,0.01,,387223.67,1,2026-02-20 13:29:00+00:00,249.03
Economics,KXGDPYEAR-25,GDP growth in 2025?,KXGDPYEAR-25-T0.1,0.0 or below,0.0,0.01,0.01,0.01,,384355.46,1,2026-02-20 13:29:00+00:00,249.03
Economics,KXGDPYEAR-25,GDP growth in 2025?,KXGDPYEAR-25-B0.8,0.6 to 1.0,0.0,0.01,0.01,0.01,,384237.85,1,2026-02-20 13:29:00+00:00,249.03
Economics,KXGDPYEAR-25,GDP growth in 2025?,KXGDPYEAR-25-T5.0,5.1 or above,0.0,0.01,0.01,0.01,,384191.02,1,2026-02-20 13:29:00+00:00,249.03
Economics,KXGDPYEAR-25,GDP growth in 2025?,KXGDPYEAR-25-B0.3,0.1 to 0.5,0.0,0.01,0.01,0.01,,383803.7,1,2026-02-20 13:29:00+00:00,249.03
Economics,KXGDPYEAR-25,GDP growth in 2025?,KXGDPYEAR-25-B4.3,4.1 to 4.5,0.0,0.01,0.01,0.01,,383606.42,1,2026-02-20 13:29:00+00:00,249.03
Economics,KXGDPYEAR-25,GDP growth in 2025?,KXGDPYEAR-25-B4.8,4.6 to 5.0,0.0,0.01,0.01,0.01,,383289.85,1,2026-02-20 13:29:00+00:00,249.03
Economics,KXGDPYEAR-25,GDP growth in 2025?,KXGDPYEAR-25-B1.3,1.1 to 1.5,0.0,0.01,0.01,0.01,,382080.08,1,2026-02-20 13:29:00+00:00,249.03
Economics,KXGDPYEAR-25,GDP growth in 2025?,KXGDPYEAR-25-B3.3,3.1 to 3.5,0.02,0.03,0.025,0.02,0.01,371932.72,1,2026-02-20 13:29:00+00:00,249.03
Economics,KXCPICORE-26JAN,CPI core in Jan 2026?,KXCPICORE-26JAN-T0.2,Above 0.2%,0.42,0.74,0.58,0.74,0.32,79931.73,1,2026-02-11 13:25:00+00:00,32.96
Economics,KXECONSTATCPICORE-26JAN,CPI core month-over-month in Jan 2026?,KXECONSTATCPICORE-26JAN-T0.3,Exactly 0.3%,0.41,0.55,0.48,0.64,0.14,77972.2,1,2026-02-11 13:29:00+00:00,33.03
Economics,KXGDPYEAR-25,GDP growth in 2025?,KXGDPYEAR-25-B2.8,2.6 to 3.0,0.04,0.06,0.05,0.05,0.02,75594.96,1,2026-02-20 13:29:00+00:00,249.03
Economics,KXECONSTATCPICORE-26JAN,CPI core month-over-month in Jan 2026?,KXECONSTATCPICORE-26JAN-T0.2,Exactly 0.2%,0.19,0.65,0.42,0.2,0.46,68876.19,1,2026-02-11 13:29:00+00:00,33.03
Economics,KXCPIYOY-26JAN,Inflation in Jan 2026? (CPI YoY),KXCPIYOY-26JAN-T2.2,Above 2.2%,0.92,0.94,0.93,0.94,0.02,64091.7,1,2026-02-11 13:29:00+00:00,33.03
Economics,KXECONSTATCPIYOY-26JAN,CPI year-over-year in Jan 2026?,KXECONSTATCPIYOY-26JAN-T2.4,Exactly 2.4%,0.26,0.5,0.38,0.26,0.24,58191.42,1,2026-02-11 13:29:00+00:00,33.03
Economics,KXCPI-26JAN,CPI in Jan 2026?,KXCPI-26JAN-T0.0,Above 0.0%,0.9,0.91,0.905,0.9,0.01,56152.34,1,2026-02-11 13:29:00+00:00,33.03
Economics,KXCPICOREYOY-26JAN,Core inflation in Jan 2026? (Core CPI YoY),KXCPICOREYOY-26JAN-T2.4,Above 2.4%,0.71,0.8,0.755,0.7,0.09,55556.24,1,2026-02-11 13:25:00+00:00,32.96
Economics,KXGDP-26JAN30,US GDP growth in Q4 2025?,KXGDP-26JAN30-T1.5,Above 1.5%,0.95,0.97,0.96,0.95,0.02,53483.96,1,2026-02-20 13:29:00+00:00,249.03
Economics,KXECONSTATCPI-26JAN,CPI month-over-month in Jan 2026?,KXECONSTATCPI-26JAN-T0.2,Exactly 0.2%,0.23,0.49,0.36,0.54,0.26,50462.87,1,2026-02-11 13:29:00+00:00,33.03
Economics,KXECONSTATCORECPIYOY-26JAN,CPI core year-over-year in Jan 2026?,KXECONSTATCORECPIYOY-26JAN-T2.5,Exactly 2.5%,0.15,0.57,0.36,0.15,0.42,50094.43,1,2026-02-11 13:29:00+00:00,33.03
Economics,KXCPIYOY-26JAN,Inflation in Jan 2026? (CPI YoY),KXCPIYOY-26JAN-T2.3,Above 2.3%,0.81,0.82,0.815,0.82,0.01,48015.89,1,2026-02-11 13:29:00+00:00,33.03
Economics,KXCPI-26JAN,CPI in Jan 2026?,KXCPI-26JAN-T0.1,Above 0.1%,0.74,0.76,0.75,0.75,0.02,47484.99,1,2026-02-11 13:29:00+00:00,33.03
Economics,KXECONSTATCPIYOY-26JAN,CPI year-over-year in Jan 2026?,KXECONSTATCPIYOY-26JAN-T2.5,Exactly 2.5%,0.15,0.5,0.325,0.17,0.35,43017.27,1,2026-02-11 13:29:00+00:00,33.03
Economics,KXCPICORE-26JAN,CPI core in Jan 2026?,KXCPICORE-26JAN-T0.1,Above 0.1%,0.9,0.94,0.92,0.95,0.04,40013.08,1,2026-02-11 13:25:00+00:00,32.96
Economics,KXECONSTATCPICORE-26JAN,CPI core month-over-month in Jan 2026?,KXECONSTATCPICORE-26JAN-T0.1,Exactly 0.1%,0.06,0.28,0.17,0.06,0.22,39914.29,1,2026-02-11 13:29:00+00:00,33.03
Economics,KXECONSTATCPI-26JAN,CPI month-over-month in Jan 2026?,KXECONSTATCPI-26JAN-T0.1,Exactly 0.1%,0.12,0.43,0.275,0.15,0.31,38099.53,1,2026-02-11 13:29:00+00:00,33.03
Economics,KXCPICORE-26JAN,CPI core in Jan 2026?,KXCPICORE-26JAN-T0.0,Above 0.0%,0.9,1.0,0.95,0.0,0.1,37353.7,1,2026-02-11 13:25:00+00:00,32.96
Economics,KXCPIYOY-26JAN,Inflation in Jan 2026? (CPI YoY),KXCPIYOY-26JAN-T2.4,Above 2.4%,0.57,0.59,0.58,0.59,0.02,36652.07,1,2026-02-11 13:29:00+00:00,33.03
Economics,KXGDPYEAR-25,GDP growth in 2025?,KXGDPYEAR-25-B2.3,2.1 to 2.5,0.93,0.95,0.94,0.95,0.02,34916.49,1,2026-02-20 13:29:00+00:00,249.03
Economics,KXECONSTATCPI-26JAN,CPI month-over-month in Jan 2026?,KXECONSTATCPI-26JAN-T0.0,Exactly 0.0%,0.03,0.05,0.04,0.03,0.02,34716.16,1,2026-02-11 13:29:00+00:00,33.03
Economics,KXECONSTATCPI-26JAN,CPI month-over-month in Jan 2026?,KXECONSTATCPI-26JAN-T0.3,Exactly 0.3%,0.19,0.29,0.24,0.3,0.1,34667.73,1,2026-02-11 13:29:00+00:00,33.03
Economics,KXCPICORE-26JAN,CPI core in Jan 2026?,KXCPICORE-26JAN-T0.3,Above 0.3%,0.35,0.45,0.4,0.44,0.1,31980.96,1,2026-02-11 13:25:00+00:00,32.96
Economics,KXCPI-26JAN,CPI in Jan 2026?,KXCPI-26JAN-T0.2,Above 0.2%,0.39,0.4,0.395,0.39,0.01,30704.31,1,2026-02-11 13:29:00+00:00,33.03
Economics,KXECONSTATCORECPIYOY-26JAN,CPI core year-over-year in Jan 2026?,KXECONSTATCORECPIYOY-26JAN-T2.4,Exactly 2.4%,0.18,0.65,0.415,0.18,0.47,28396.25,1,2026-02-11 13:29:00+00:00,33.03
Economics,KXECONSTATCORECPIYOY-26JAN,CPI core year-over-year in Jan 2026?,KXECONSTATCORECPIYOY-26JAN-T2.3,Exactly 2.3%,0.06,0.97,0.515,0.08,0.91,27075.92,1,2026-02-11 13:29:00+00:00,33.03
Economics,KXECONSTATCORECPIYOY-26JAN,CPI core year-over-year in Jan 2026?,KXECONSTATCORECPIYOY-26JAN-T2.6,Exactly 2.6%,0.05,0.97,0.51,0.06,0.92,26530.74,1,2026-02-11 13:29:00+00:00,33.03
Economics,KXGDP-26JAN30,US GDP growth in Q4 2025?,KXGDP-26JAN30-T1.75,Above 1.75%,0.94,0.97,0.955,0.93,0.03,26380.14,1,2026-02-20 13:29:00+00:00,249.03
Economics,KXECONSTATCPIYOY-26JAN,CPI year-over-year in Jan 2026?,KXECONSTATCPIYOY-26JAN-T2.3,Exactly 2.3%,0.19,0.24,0.215,0.19,0.05,25588.41,1,2026-02-11 13:29:00+00:00,33.03
Economics,KXECONSTATCPI-26JAN,CPI month-over-month in Jan 2026?,KXECONSTATCPI-26JAN-T0.4,Exactly 0.4%,0.04,0.3,0.17,0.03,0.26,25184.78,1,2026-02-11 13:29:00+00:00,33.03
Economics,KXCPIYOY-26JAN,Inflation in Jan 2026? (CPI YoY),KXCPIYOY-26JAN-T2.5,Above 2.5%,0.3,0.31,0.305,0.3,0.01,24613.59,1,2026-02-11 13:29:00+00:00,33.03
Economics,KXGDP-26JAN30,US GDP growth in Q4 2025?,KXGDP-26JAN30-T2.0,Above 2.0%,0.87,0.88,0.875,0.88,0.01,23312.28,1,2026-02-20 13:29:00+00:00,249.03
Economics,KXEGGS-JAN,Will egg prices go up in Jan 2026?,KXEGGS-JAN-0,above 0%,0.15,0.38,0.265,0.36,0.23,22834.62,1,2026-02-11 13:25:00+00:00,32.96
Economics,KXGDP-26JAN30,US GDP growth in Q4 2025?,KXGDP-26JAN30-T5.5,Above 5.5%,0.04,0.08,0.06,0.07,0.04,22023.55,1,2026-02-20 13:29:00+00:00,249.03
Economics,KXGDPYEAR-25,GDP growth in 2025?,KXGDPYEAR-25-B1.8,1.6 to 2.0,0.01,0.02,0.015,0.02,0.01,21833.04,1,2026-02-20 13:29:00+00:00,249.03
Economics,KXGDP-26JAN30,US GDP growth in Q4 2025?,KXGDP-26JAN30-T4.5,Above 4.5%,0.1,0.28,0.19,0.17,0.18,21731.78,1,2026-02-20 13:29:00+00:00,249.03
Economics,KXGDP-26JAN30,US GDP growth in Q4 2025?,KXGDP-26JAN30-T5,Above 5%,0.12,0.15,0.135,0.11,0.03,21124.94,1,2026-02-20 13:29:00+00:00,249.03
Economics,KXCPI-26JAN,CPI in Jan 2026?,KXCPI-26JAN-T0.3,Above 0.3%,0.13,0.15,0.14,0.13,0.02,20973.19,1,2026-02-11 13:29:00+00:00,33.03
Economics,KXCPICOREYOY-26JAN,Core inflation in Jan 2026? (Core CPI YoY),KXCPICOREYOY-26JAN-T2.5,Above 2.5%,0.34,0.51,0.425,0.52,0.17,20342.87,1,2026-02-11 13:25:00+00:00,32.96
Economics,KXGDP-26JAN30,US GDP growth in Q4 2025?,KXGDP-26JAN30-T3.5,Above 3.5%,0.38,0.42,0.4,0.42,0.04,20012.21,1,2026-02-20 13:29:00+00:00,249.03
Economics,KXGDP-26JAN30,US GDP growth in Q4 2025?,KXGDP-26JAN30-T2.5,Above 2.5%,0.78,0.82,0.8,0.8,0.04,18901.34,1,2026-02-20 13:29:00+00:00,249.03
Economics,KXCPICOREYOY-26JAN,Core inflation in Jan 2026? (Core CPI YoY),KXCPICOREYOY-26JAN-T2.6,Above 2.6%,0.04,0.35,0.195,0.01,0.31,17644.29,1,2026-02-11 13:25:00+00:00,32.96
Economics,KXECONSTATCPIYOY-26JAN,CPI year-over-year in Jan 2026?,KXECONSTATCPIYOY-26JAN-T2.6,Exactly 2.6%,0.06,0.45,0.255,0.0,0.39,15614.18,1,2026-02-11 13:29:00+00:00,33.03
Economics,KXGDP-26JAN30,US GDP growth in Q4 2025?,KXGDP-26JAN30-T3.0,Above 3.0%,0.57,0.67,0.62,0.67,0.1,15092.61,1,2026-02-20 13:29:00+00:00,249.03
Economics,KXCPI-26JAN,CPI in Jan 2026?,KXCPI-26JAN-T0.4,Above 0.4%,0.04,0.05,0.045,0.03,0.01,15003.47,1,2026-02-11 13:29:00+00:00,33.03
Economics,KXCPICORE-26JAN,CPI core in Jan 2026?,KXCPICORE-26JAN-T0.4,Above 0.4%,0.0,0.17,0.16,0.16,,13394.7,1,2026-02-11 13:25:00+00:00,32.96
Economics,KXCPICOREYOY-26JAN,Core inflation in Jan 2026? (Core CPI YoY),KXCPICOREYOY-26JAN-T2.7,Above 2.7%,0.01,0.23,0.12,0.24,0.22,12959.87,1,2026-02-11 13:25:00+00:00,32.96
Economics,KXCPI-26JAN,CPI in Jan 2026?,KXCPI-26JAN-T-0.1,Above -0.1%,0.98,0.99,0.985,0.99,0.01,10752.5,1,2026-02-11 13:29:00+00:00,33.03
Economics,KXECONSTATCPIYOY-26JAN,CPI year-over-year in Jan 2026?,KXECONSTATCPIYOY-26JAN-T2.7,Exactly 2.7%,0.03,0.07,0.05,0.11,0.04,10590.25,1,2026-02-11 13:29:00+00:00,33.03
Economics,KXCPICOREYOY-26JAN,Core inflation in Jan 2026? (Core CPI YoY),KXCPICOREYOY-26JAN-T2.8,Above 2.8%,0.02,0.1,0.06,0.1,0.08,10416.49,1,2026-02-11 13:25:00+00:00,32.96
Economics,KXCPIYOY-26JAN,Inflation in Jan 2026? (CPI YoY),KXCPIYOY-26JAN-T2.6,Above 2.6%,0.13,0.14,0.135,0.14,0.01,9986.77,1,2026-02-11 13:29:00+00:00,33.03
Economics,KXCPICOREYOY-26JAN,Core inflation in Jan 2026? (Core CPI YoY),KXCPICOREYOY-26JAN-T2.9,Above 2.9%,0.02,0.07,0.045,0.02,0.05,9965.25,1,2026-02-11 13:25:00+00:00,32.96
Economics,KXGDP-26JAN30,US GDP growth in Q4 2025?,KXGDP-26JAN30-T6,Above 6%,0.01,0.02,0.015,0.01,0.01,9889.6,1,2026-02-20 13:29:00+00:00,249.03
Economics,KXCPICOREYOY-26JAN,Core inflation in Jan 2026? (Core CPI YoY),KXCPICOREYOY-26JAN-T3.0,Above 3.0%,0.0,0.06,0.07,0.07,,8830.32,1,2026-02-11 13:25:00+00:00,32.96
Economics,KXCPICOREYOY-26JAN,Core inflation in Jan 2026? (Core CPI YoY),KXCPICOREYOY-26JAN-T3.1,Above 3.1%,0.0,0.04,0.05,0.05,,8770.92,1,2026-02-11 13:25:00+00:00,32.96
Economics,KXCPICORE-26JAN,CPI core in Jan 2026?,KXCPICORE-26JAN-T0.5,Above 0.5%,0.0,0.1,0.08,0.08,,8550.05,1,2026-02-11 13:25:00+00:00,32.96
Economics,KXCPIYOY-26JAN,Inflation in Jan 2026? (CPI YoY),KXCPIYOY-26JAN-T3.1,Above 3.1%,0.0,0.02,0.01,0.01,,8375.87,1,2026-02-11 13:29:00+00:00,33.03
Economics,KXCPIYOY-26JAN,Inflation in Jan 2026? (CPI YoY),KXCPIYOY-26JAN-T2.7,Above 2.7%,0.04,0.05,0.045,0.03,0.01,8134.93,1,2026-02-11 13:29:00+00:00,33.03
Economics,KXECONSTATCPICORE-26JAN,CPI core month-over-month in Jan 2026?,KXECONSTATCPICORE-26JAN-T0.4,Exactly 0.4%,0.0,0.32,0.4,0.4,,7940.0,1,2026-02-11 13:29:00+00:00,33.03
Economics,KXCPIYOY-26JAN,Inflation in Jan 2026? (CPI YoY),KXCPIYOY-26JAN-T2.9,Above 2.9%,0.0,0.02,0.01,0.01,,7938.01,1,2026-02-11 13:29:00+00:00,33.03
Economics,KXECONSTATCPI-26JAN,CPI month-over-month in Jan 2026?,KXECONSTATCPI-26JAN-T-0.1,Exactly -0.1%,0.0,0.16,0.37,0.37,,7826.0,1,2026-02-11 13:29:00+00:00,33.03
Economics,KXECONSTATCPI-26JAN,CPI month-over-month in Jan 2026?,KXECONSTATCPI-26JAN-T0.5,Exactly 0.5%,0.0,0.2,0.3,0.3,,7452.25,1,2026-02-11 13:29:00+00:00,33.03
Economics,KXECONSTATCPICORE-26JAN,CPI core month-over-month in Jan 2026?,KXECONSTATCPICORE-26JAN-T0.5,Exactly 0.5%,0.0,0.21,0.38,0.38,,7233.14,1,2026-02-11 13:29:00+00:00,33.03
Economics,KXECONSTATCORECPIYOY-26JAN,CPI core year-over-year in Jan 2026?,KXECONSTATCORECPIYOY-26JAN-T2.9,Exactly 2.9%,0.0,0.1,0.3,0.3,,7110.74,1,2026-02-11 13:29:00+00:00,33.03
Economics,KXGDP-26JAN30,US GDP growth in Q4 2025?,KXGDP-26JAN30-T4,Above 4%,0.27,0.45,0.36,0.44,0.18,7066.21,1,2026-02-20 13:29:00+00:00,249.03
Economics,KXCPIYOY-26JAN,Inflation in Jan 2026? (CPI YoY),KXCPIYOY-26JAN-T2.1,Above 2.1%,0.98,1.0,0.99,0.98,0.02,6638.26,1,2026-02-11 13:29:00+00:00,33.03
Economics,KXECONSTATCPI-26JAN,CPI month-over-month in Jan 2026?,KXECONSTATCPI-26JAN-T0.6,Exactly 0.6%,0.0,0.15,0.28,0.28,,6620.55,1,2026-02-11 13:29:00+00:00,33.03
Economics,KXECONSTATCPI-26JAN,CPI month-over-month in Jan 2026?,KXECONSTATCPI-26JAN-T-0.2,Exactly -0.2%,0.0,0.12,0.29,0.29,,6464.97,1,2026-02-11 13:29:00+00:00,33.03
Economics,KXCPIYOY-26JAN,Inflation in Jan 2026? (CPI YoY),KXCPIYOY-26JAN-T3.0,Above 3.0%,0.0,0.02,0.01,0.01,,6356.08,1,2026-02-11 13:29:00+00:00,33.03
Economics,KXCPIYOY-26JAN,Inflation in Jan 2026? (CPI YoY),KXCPIYOY-26JAN-T2.8,Above 2.8%,0.0,0.04,0.03,0.03,,6349.52,1,2026-02-11 13:29:00+00:00,33.03
Economics,KXECONSTATCPIYOY-26JAN,CPI year-over-year in Jan 2026?,KXECONSTATCPIYOY-26JAN-T3.0,Exactly 3.0%,0.0,0.11,0.19,0.19,,6171.24,1,2026-02-11 13:29:00+00:00,33.03
Economics,KXECONSTATCORECPIYOY-26JAN,CPI core year-over-year in Jan 2026?,KXECONSTATCORECPIYOY-26JAN-T3.0,Exactly 3.0%,0.0,0.08,0.25,0.25,,6067.84,1,2026-02-11 13:29:00+00:00,33.03
Economics,KXECONSTATCPIYOY-26JAN,CPI year-over-year in Jan 2026?,KXECONSTATCPIYOY-26JAN-T2.8,Exactly 2.8%,0.0,0.16,0.0,0.0,,6063.23,1,2026-02-11 13:29:00+00:00,33.03
Economics,KXECONSTATCORECPIYOY-26JAN,CPI core year-over-year in Jan 2026?,KXECONSTATCORECPIYOY-26JAN-T3.1,Exactly 3.1%,0.0,0.08,0.2,0.2,,6032.24,1,2026-02-11 13:29:00+00:00,33.03
Economics,KXECONSTATCORECPIYOY-26JAN,CPI core year-over-year in Jan 2026?,KXECONSTATCORECPIYOY-26JAN-T3.4,Exactly 3.4%,0.0,0.08,0.0,0.0,,6030.66,1,2026-02-11 13:29:00+00:00,33.03
Economics,KXECONSTATCORECPIYOY-26JAN,CPI core year-over-year in Jan 2026?,KXECONSTATCORECPIYOY-26JAN-T3.5,Exactly 3.5%,0.0,0.08,0.0,0.0,,6026.2,1,2026-02-11 13:29:00+00:00,33.03
Economics,KXECONSTATCORECPIYOY-26JAN,CPI core year-over-year in Jan 2026?,KXECONSTATCORECPIYOY-26JAN-T3.6,Exactly 3.6%,0.0,0.08,0.0,0.0,,6023.16,1,2026-02-11 13:29:00+00:00,33.03
Economics,KXECONSTATCORECPIYOY-26JAN,CPI core year-over-year in Jan 2026?,KXECONSTATCORECPIYOY-26JAN-T3.3,Exactly 3.3%,0.0,0.08,0.0,0.0,,6010.94,1,2026-02-11 13:29:00+00:00,33.03
Economics,KXECONSTATCORECPIYOY-26JAN,CPI core year-over-year in Jan 2026?,KXECONSTATCORECPIYOY-26JAN-T3.2,Exactly 3.2%,0.0,0.08,0.0,0.0,,6001.0,1,2026-02-11 13:29:00+00:00,33.03
Economics,KXGDP-26JAN30,US GDP growth in Q4 2025?,KXGDP-26JAN30-T0,Above 0%,0.99,1.0,0.995,0.99,0.01,5859.7,1,2026-02-20 13:29:00+00:00,249.03
Economics,KXECONSTATCPICORE-26JAN,CPI core month-over-month in Jan 2026?,KXECONSTATCPICORE-26JAN-T0.0,Exactly 0.0%,0.0,0.15,0.0,0.0,,5838.63,1,2026-02-11 13:29:00+00:00,33.03
Economics,KXECONSTATCORECPIYOY-26JAN,CPI core year-over-year in Jan 2026?,KXECONSTATCORECPIYOY-26JAN-T2.2,Exactly 2.2%,0.0,0.15,0.0,0.0,,5818.81,1,2026-02-11 13:29:00+00:00,33.03
Economics,KXECONSTATCORECPIYOY-26JAN,CPI core year-over-year in Jan 2026?,KXECONSTATCORECPIYOY-26JAN-T2.8,Exactly 2.8%,0.0,0.15,0.15,0.15,,5785.44,1,2026-02-11 13:29:00+00:00,33.03
Economics,KXECONSTATCPIYOY-26JAN,CPI year-over-year in Jan 2026?,KXECONSTATCPIYOY-26JAN-T2.2,Exactly 2.2%,0.01,0.04,0.025,0.0,0.03,5775.08,1,2026-02-11 13:29:00+00:00,33.03
Economics,KXECONSTATCORECPIYOY-26JAN,CPI core year-over-year in Jan 2026?,KXECONSTATCORECPIYOY-26JAN-T2.7,Exactly 2.7%,0.0,0.15,0.0,0.0,,5744.59,1,2026-02-11 13:29:00+00:00,33.03
Economics,KXJOBLESSCLAIMS-26FEB12,"How many initial jobless claims for the week ending Feb 7, 2026?",KXJOBLESSCLAIMS-26FEB12-230000,At least 230000,0.27,0.28,0.275,0.22,0.01,5736.03,1,2026-02-12 13:30:00+00:00,57.05
Economics,KXECONSTATCPIYOY-26JAN,CPI year-over-year in Jan 2026?,KXECONSTATCPIYOY-26JAN-T2.9,Exactly 2.9%,0.0,0.14,0.3,0.3,,5727.48,1,2026-02-11 13:29:00+00:00,33.03
Economics,KXECONSTATCPIYOY-26JAN,CPI year-over-year in Jan 2026?,KXECONSTATCPIYOY-26JAN-T2.1,Exactly 2.1%,0.0,0.18,0.37,0.37,,5573.78,1,2026-02-11 13:29:00+00:00,33.03
Economics,KXECONSTATCPIYOY-26JAN,CPI year-over-year in Jan 2026?,KXECONSTATCPIYOY-26JAN-T3.1,Exactly 3.1%,0.0,0.1,0.02,0.02,,5446.47,1,2026-02-11 13:29:00+00:00,33.03
Economics,KXECONSTATCORECPIYOY-26JAN,CPI core year-over-year in Jan 2026?,KXECONSTATCORECPIYOY-26JAN-T3.7,Exactly 3.7%,0.0,0.06,0.0,0.0,,5238.48,1,2026-02-11 13:29:00+00:00,33.03
Economics,KXECONSTATCPIYOY-26JAN,CPI year-over-year in Jan 2026?,KXECONSTATCPIYOY-26JAN-T3.3,Exactly 3.3%,0.0,0.08,0.28,0.28,,5146.72,1,2026-02-11 13:29:00+00:00,33.03
Economics,KXCBDECISIONRUSSIA-26FEB13,What will the Bank of Russia do at the February key rate meeting?,KXCBDECISIONRUSSIA-26FEB13-HOLD,Maintain current rate,0.63,0.69,0.66,0.7,0.06,4967.29,1,2026-02-13 10:29:00+00:00,78.03
Economics,KXECONSTATCPIYOY-26JAN,CPI year-over-year in Jan 2026?,KXECONSTATCPIYOY-26JAN-T3.5,Exactly 3.5%,0.0,0.07,0.0,0.0,,4875.04,1,2026-02-11 13:29:00+00:00,33.03
Economics,KXECONSTATCPICORE-26JAN,CPI core month-over-month in Jan 2026?,KXECONSTATCPICORE-26JAN-T-0.1,Exactly -0.1%,0.0,0.1,0.38,0.38,,4851.76,1,2026-02-11 13:29:00+00:00,33.03
Economics,KXECONSTATCPICORE-26JAN,CPI core month-over-month in Jan 2026?,KXECONSTATCPICORE-26JAN-T-0.2,Exactly -0.2%,0.0,0.1,0.25,0.25,,4848.85,1,2026-02-11 13:29:00+00:00,33.03
Economics,KXECONSTATCPIYOY-26JAN,CPI year-over-year in Jan 2026?,KXECONSTATCPIYOY-26JAN-T2.0,Exactly 2.0%,0.0,0.13,0.34,0.34,,4809.16,1,2026-02-11 13:29:00+00:00,33.03
Economics,KXJOBLESSCLAIMS-26FEB12,"How many initial jobless claims for the week ending Feb 7, 2026?",KXJOBLESSCLAIMS-26FEB12-210000,At least 210000,0.63,0.74,0.685,0.73,0.11,4689.07,1,2026-02-12 13:30:00+00:00,57.05
Economics,KXJOBLESSCLAIMS-26FEB12,"How many initial jobless claims for the week ending Feb 7, 2026?",KXJOBLESSCLAIMS-26FEB12-215000,At least 215000,0.59,0.6,0.595,0.5,0.01,4686.84,1,2026-02-12 13:30:00+00:00,57.05
Economics,KXECONSTATCPIYOY-26JAN,CPI year-over-year in Jan 2026?,KXECONSTATCPIYOY-26JAN-T3.4,Exactly 3.4%,0.0,0.06,0.0,0.0,,4681.29,1,2026-02-11 13:29:00+00:00,33.03
Economics,KXECONSTATCPIYOY-26JAN,CPI year-over-year in Jan 2026?,KXECONSTATCPIYOY-26JAN-T3.2,Exactly 3.2%,0.0,0.06,0.3,0.3,,4627.96,1,2026-02-11 13:29:00+00:00,33.03
Economics,KXJOBLESSCLAIMS-26FEB12,"How many initial jobless claims for the week ending Feb 7, 2026?",KXJOBLESSCLAIMS-26FEB12-225000,At least 225000,0.36,0.39,0.375,0.32,0.03,4507.09,1,2026-02-12 13:30:00+00:00,57.05
Economics,KXJOBLESSCLAIMS-26FEB12,"How many initial jobless claims for the week ending Feb 7, 2026?",KXJOBLESSCLAIMS-26FEB12-220000,At least 220000,0.45,0.47,0.46,0.42,0.02,4381.11,1,2026-02-12 13:30:00+00:00,57.05
Economics,KXCBDECISIONRUSSIA-26FEB13,What will the Bank of Russia do at the February key rate meeting?,KXCBDECISIONRUSSIA-26FEB13-C50,Cut 50 basis points,0.23,0.3,0.265,0.3,0.07,3822.64,1,2026-02-13 10:29:00+00:00,78.03
Economics,KXJOBLESSCLAIMS-26FEB12,"How many initial jobless claims for the week ending Feb 7, 2026?",KXJOBLESSCLAIMS-26FEB12-200000,At least 200000,0.82,0.85,0.835,0.83,0.03,3618.13,1,2026-02-12 13:30:00+00:00,57.05
Economics,KXJOBLESSCLAIMS-26FEB12,"How many initial jobless claims for the week ending Feb 7, 2026?",KXJOBLESSCLAIMS-26FEB12-240000,At least 240000,0.05,0.16,0.105,0.14,0.11,3184.53,1,2026-02-12 13:30:00+00:00,57.05
Economics,KXCBDECISIONRUSSIA-26FEB13,What will the Bank of Russia do at the February key rate meeting?,KXCBDECISIONRUSSIA-26FEB13-C25,Cut 25 basis points,0.05,0.14,0.095,0.14,0.09,3136.76,1,2026-02-13 10:29:00+00:00,78.03
Economics,KXJOBSRELEASE-26MAR,When will the January 2026 jobs report be published?,KXJOBSRELEASE-26MAR-26FEB17,"Before Feb 17, 2026",0.99,1.0,0.995,0.99,0.01,3104.47,1,2026-02-17 04:59:00+00:00,168.53
Economics,KXGDP-26JAN30,US GDP growth in Q4 2025?,KXGDP-26JAN30-T1.25,Above 1.25%,0.95,1.0,0.975,0.95,0.05,2156.4,1,2026-02-20 13:29:00+00:00,249.03
Economics,KXCPICOREYOY-26JAN,Core inflation in Jan 2026? (Core CPI YoY),KXCPICOREYOY-26JAN-T3.2,Above 3.2%,0.0,0.06,0.12,0.12,,2076.29,1,2026-02-11 13:25:00+00:00,32.96
Economics,KXCPICOREYOY-26JAN,Core inflation in Jan 2026? (Core CPI YoY),KXCPICOREYOY-26JAN-T3.4,Above 3.4%,0.0,0.08,0.0,0.0,,1690.0,1,2026-02-11 13:25:00+00:00,32.96
Economics,KXCPICOREYOY-26JAN,Core inflation in Jan 2026? (Core CPI YoY),KXCPICOREYOY-26JAN-T3.5,Above 3.5%,0.0,0.05,0.06,0.06,,1638.27,1,2026-02-11 13:25:00+00:00,32.96
Economics,KXCPICOREYOY-26JAN,Core inflation in Jan 2026? (Core CPI YoY),KXCPICOREYOY-26JAN-T3.3,Above 3.3%,0.0,0.08,0.0,0.0,,1617.16,1,2026-02-11 13:25:00+00:00,32.96
Economics,KXGDP-26JAN30,US GDP growth in Q4 2025?,KXGDP-26JAN30-T1.0,Above 1.0%,0.98,1.0,0.99,0.98,0.02,1483.42,1,2026-02-20 13:29:00+00:00,249.03
Economics,KXJOBLESSCLAIMS-26FEB12,"How many initial jobless claims for the week ending Feb 7, 2026?",KXJOBLESSCLAIMS-26FEB12-260000,At least 260000,0.0,0.08,0.0,0.0,,1391.01,1,2026-02-12 13:30:00+00:00,57.05
Economics,KXJOBLESSCLAIMS-26FEB12,"How many initial jobless claims for the week ending Feb 7, 2026?",KXJOBLESSCLAIMS-26FEB12-270000,At least 270000,0.0,0.07,0.0,0.0,,1364.03,1,2026-02-12 13:30:00+00:00,57.05
Economics,KXJOBLESSCLAIMS-26FEB12,"How many initial jobless claims for the week ending Feb 7, 2026?",KXJOBLESSCLAIMS-26FEB12-250000,At least 250000,0.0,0.11,0.0,0.0,,1354.8,1,2026-02-12 13:30:00+00:00,57.05
Economics,KXCBDECISIONRUSSIA-26FEB13,What will the Bank of Russia do at the February key rate meeting?,KXCBDECISIONRUSSIA-26FEB13-H50P,Hike more than 50bp,0.0,0.01,0.03,0.03,,1324.04,1,2026-02-13 10:29:00+00:00,78.03
Economics,KXCBDECISIONRUSSIA-26FEB13,What will the Bank of Russia do at the February key rate meeting?,KXCBDECISIONRUSSIA-26FEB13-H25P,Hike 25 basis points,0.0,0.01,0.02,0.02,,1269.2,1,2026-02-13 10:29:00+00:00,78.03
Economics,KXCBDECISIONRUSSIA-26FEB13,What will the Bank of Russia do at the February key rate meeting?,KXCBDECISIONRUSSIA-26FEB13-H50,Hike 50 basis points,0.0,0.01,0.05,0.05,,1253.98,1,2026-02-13 10:29:00+00:00,78.03
Economics,KXCBDECISIONRUSSIA-26FEB13,What will the Bank of Russia do at the February key rate meeting?,KXCBDECISIONRUSSIA-26FEB13-C50P,Cut more than 50bp,0.0,0.01,0.05,0.05,,1221.59,1,2026-02-13 10:29:00+00:00,78.03
Economics,KXJOBSRELEASE-26MAR,When will the January 2026 jobs report be published?,KXJOBSRELEASE-26MAR-26FEB14,"Before Feb 14, 2026",0.99,1.0,0.995,0.99,0.01,1111.63,1,2026-02-14 04:59:00+00:00,96.53
Economics,KXGDP-26JAN30,US GDP growth in Q4 2025?,KXGDP-26JAN30-T.5,Above 0.5%,0.98,1.0,0.99,0.99,0.02,950.4,1,2026-02-20 13:29:00+00:00,249.03
Economics,KXGDP-26JAN30,US GDP growth in Q4 2025?,KXGDP-26JAN30-T-0.5,Above -0.5%,0.99,1.0,0.995,0.99,0.01,871.01,1,2026-02-20 13:29:00+00:00,249.03
Entertainment,KXTOPALBUMTHEFALLOFF-26FEB21,Will J. Cole's The Fall-Off debut at #1?,KXTOPALBUMTHEFALLOFF-26FEB21-FAL,The Fall-Off,0.84,0.88,0.86,0.85,0.04,1038891.71,1,2026-02-16 04:59:00+00:00,144.53
Entertainment,KXSBGUESTS-26,Who will attend the Big Game?,KXSBGUESTS-26-ROG,Roger Federer,0.46,0.7,0.58,0.33,0.24,173727.32,1,2026-02-13 15:00:00+00:00,82.55
Entertainment,KXSBGUESTS-26,Who will attend the Big Game?,KXSBGUESTS-26-JBEZ,Jeff Bezos,0.27,0.28,0.275,0.27,0.01,144314.68,1,2026-02-13 15:00:00+00:00,82.55
Entertainment,KXSBGUESTS-26,Who will attend the Big Game?,KXSBGUESTS-26-TOM,Tom Cruise,0.04,0.37,0.205,0.38,0.33,124987.51,1,2026-02-13 15:00:00+00:00,82.55
Entertainment,KXSBGUESTS-26,Who will attend the Big Game?,KXSBGUESTS-26-KLAM,Kendrick Lamar,0.53,0.58,0.555,0.58,0.05,118564.37,1,2026-02-13 15:00:00+00:00,82.55
Entertainment,KXSBGUESTS-26,Who will attend the Big Game?,KXSBGUESTS-26-TCHA,Timothée Chalamet,0.35,0.37,0.36,0.36,0.02,84618.47,1,2026-02-13 15:00:00+00:00,82.55
Entertainment,KXSBGUESTS-26,Who will attend the Big Game?,KXSBGUESTS-26-DJT,Donald Trump,0.02,0.03,0.025,0.03,0.01,78721.33,1,2026-02-13 15:00:00+00:00,82.55
Entertainment,KXSBGUESTS-26,Who will attend the Big Game?,KXSBGUESTS-26-EM,Elon Musk,0.39,0.43,0.41,0.43,0.04,18414.66,1,2026-02-13 15:00:00+00:00,82.55
Entertainment,KXSBGUESTS-26,Who will attend the Big Game?,KXSBGUESTS-26-JB,Jill Biden,0.05,0.06,0.055,0.06,0.01,17775.88,1,2026-02-13 15:00:00+00:00,82.55
Entertainment,KXSBGUESTS-26,Who will attend the Big Game?,KXSBGUESTS-26-TS,Taylor Swift,0.2,0.22,0.21,0.22,0.02,17465.24,1,2026-02-13 15:00:00+00:00,82.55
Entertainment,KXSBGUESTS-26,Who will attend the Big Game?,KXSBGUESTS-26-LGAG,Lady Gaga,0.57,0.68,0.625,0.69,0.11,16900.61,1,2026-02-13 15:00:00+00:00,82.55
Entertainment,KXSBGUESTS-26,Who will attend the Big Game?,KXSBGUESTS-26-JDV,JD Vance,0.02,0.03,0.025,0.04,0.01,16294.95,1,2026-02-13 15:00:00+00:00,82.55
Entertainment,KXALBUMSALES-FAL,"How many album sales will J. Cole's ''The Fall-Off' have on the chart dated Feb 12, 2026?",KXALBUMSALES-FAL-100000,"At least 100,000 albums",0.46,0.56,0.51,0.5,0.1,16287.54,1,2026-02-13 04:59:00+00:00,72.53
Entertainment,KXSBGUESTS-26,Who will attend the Big Game?,KXSBGUESTS-26-BO,Barack Obama,0.08,0.09,0.085,0.09,0.01,16047.2,1,2026-02-13 15:00:00+00:00,82.55
Entertainment,KXRANKLISTSONGTOP10-26FEB14,"Which songs will be in the top 10 on the Billboard Hot 100 chart for the week of February 14, 2026?",KXRANKLISTSONGTOP10-26FEB14-OPA,Opalite,0.03,0.4,0.215,0.39,0.37,14955.23,1,2026-02-14 15:00:00+00:00,106.55
Entertainment,KXRT-WUT,"""Wuthering Heights"" Rotten Tomatoes score?",KXRT-WUT-75,Above 75,0.66,0.68,0.67,0.68,0.02,13531.57,1,2026-02-16 15:00:00+00:00,154.55
Entertainment,KXSBGUESTS-26,Who will attend the Big Game?,KXSBGUESTS-26-DRA,Drake,0.2,0.26,0.23,0.25,0.06,13312.18,1,2026-02-13 15:00:00+00:00,82.55
Entertainment,KXSBGUESTS-26,Who will attend the Big Game?,KXSBGUESTS-26-PDAV,Pete Davidson,0.46,0.56,0.51,0.58,0.1,12215.49,1,2026-02-13 15:00:00+00:00,82.55
Entertainment,KXSBGUESTS-26,Who will attend the Big Game?,KXSBGUESTS-26-LM,Lionel Messi,0.19,0.24,0.215,0.19,0.05,11853.72,1,2026-02-13 15:00:00+00:00,82.55
Entertainment,KXRT-WUT,"""Wuthering Heights"" Rotten Tomatoes score?",KXRT-WUT-85,Above 85,0.3,0.32,0.31,0.32,0.02,11621.04,1,2026-02-16 15:00:00+00:00,154.55
Entertainment,KXSBGUESTS-26,Who will attend the Big Game?,KXSBGUESTS-26-MWAH,Mark Wahlberg,0.61,0.75,0.68,0.75,0.14,11391.37,1,2026-02-13 15:00:00+00:00,82.55
Entertainment,KXSBGUESTS-26,Who will attend the Big Game?,KXSBGUESTS-26-KN,Kristi Noem,0.1,0.11,0.105,0.1,0.01,11167.95,1,2026-02-13 15:00:00+00:00,82.55
Entertainment,KXALBUMSALES-FAL,"How many album sales will J. Cole's ''The Fall-Off' have on the chart dated Feb 12, 2026?",KXALBUMSALES-FAL-125000,"At least 125,000 albums",0.18,0.28,0.23,0.28,0.1,10954.44,1,2026-02-13 04:59:00+00:00,72.53
Entertainment,KXALBUMSALES-FAL,"How many album sales will J. Cole's ''The Fall-Off' have on the chart dated Feb 12, 2026?",KXALBUMSALES-FAL-50000,"At least 50,000 albums",0.8,0.87,0.835,0.8,0.07,10903.03,1,2026-02-13 04:59:00+00:00,72.53
Entertainment,KXSBGUESTS-26,Who will attend the Big Game?,KXSBGUESTS-26-KKAR,Kim Kardashian,0.58,0.63,0.605,0.56,0.05,10772.33,1,2026-02-13 15:00:00+00:00,82.55
Entertainment,KXSBGUESTS-26,Who will attend the Big Game?,KXSBGUESTS-26-SSWE,Sydney Sweeney,0.54,0.59,0.565,0.59,0.05,10572.21,1,2026-02-13 15:00:00+00:00,82.55
Entertainment,KXSBGUESTS-26,Who will attend the Big Game?,KXSBGUESTS-26-BGAT,Bill Gates,0.08,0.09,0.085,0.08,0.01,9985.62,1,2026-02-13 15:00:00+00:00,82.55
Entertainment,KXSBGUESTS-26,Who will attend the Big Game?,KXSBGUESTS-26-BAFF,Ben Affleck,0.65,0.97,0.81,0.97,0.32,9489.04,1,2026-02-13 15:00:00+00:00,82.55
Entertainment,KXRT-WUT,"""Wuthering Heights"" Rotten Tomatoes score?",KXRT-WUT-70,Above 70,0.78,0.84,0.81,0.77,0.06,9433.92,1,2026-02-16 15:00:00+00:00,154.55
Entertainment,KXRT-WUT,"""Wuthering Heights"" Rotten Tomatoes score?",KXRT-WUT-45,Above 45,0.99,1.0,0.995,0.97,0.01,9251.8,1,2026-02-16 15:00:00+00:00,154.55
Entertainment,KXALBUMSALES-FAL,"How many album sales will J. Cole's ''The Fall-Off' have on the chart dated Feb 12, 2026?",KXALBUMSALES-FAL-60000,"At least 60,000 albums",0.68,0.83,0.755,0.7,0.15,9042.15,1,2026-02-13 04:59:00+00:00,72.53
Entertainment,KXSBGUESTS-26,Who will attend the Big Game?,KXSBGUESTS-26-CARB,Cardi B,0.96,0.98,0.97,0.95,0.02,8987.74,1,2026-02-13 15:00:00+00:00,82.55
Entertainment,KXSBGUESTS-26,Who will attend the Big Game?,KXSBGUESTS-26-TH,Tom Homan,0.04,0.06,0.05,0.06,0.02,8936.4,1,2026-02-13 15:00:00+00:00,82.55
Entertainment,KXALBUMSALES-FAL,"How many album sales will J. Cole's ''The Fall-Off' have on the chart dated Feb 12, 2026?",KXALBUMSALES-FAL-80000,"At least 80,000 albums",0.48,0.69,0.585,0.46,0.21,8806.81,1,2026-02-13 04:59:00+00:00,72.53
Entertainment,KXRT-WUT,"""Wuthering Heights"" Rotten Tomatoes score?",KXRT-WUT-90,Above 90,0.12,0.13,0.125,0.16,0.01,8687.52,1,2026-02-16 15:00:00+00:00,154.55
Entertainment,KXALBUMSALES-FAL,"How many album sales will J. Cole's ''The Fall-Off' have on the chart dated Feb 12, 2026?",KXALBUMSALES-FAL-70000,"At least 70,000 albums",0.68,0.77,0.725,0.66,0.09,8316.72,1,2026-02-13 04:59:00+00:00,72.53
Entertainment,KXRT-WUT,"""Wuthering Heights"" Rotten Tomatoes score?",KXRT-WUT-80,Above 80,0.48,0.54,0.51,0.53,0.06,8154.66,1,2026-02-16 15:00:00+00:00,154.55
Entertainment,KXSBGUESTS-26,Who will attend the Big Game?,KXSBGUESTS-26-SALT,Sam Altman,0.16,0.33,0.245,0.33,0.17,8052.71,1,2026-02-13 15:00:00+00:00,82.55
Entertainment,KXBILLBOARDRUNNERUPALBUM-26FEB21,"Billboard 200 #2 on Feb 21, 2026 chart?",KXBILLBOARDRUNNERUPALBUM-26FEB21-DEB,Debi Tirar Mas Fotos,0.28,0.78,0.53,0.0,0.5,7853.0,1,2026-02-16 03:59:00+00:00,143.53
Entertainment,KXRT-CRI,"""Crime 101"" Rotten Tomatoes score?",KXRT-CRI-45,Above 45,0.98,1.0,0.99,0.97,0.02,7540.52,1,2026-02-16 15:00:00+00:00,154.55
Entertainment,KXRANKLISTSONGTOP10-26FEB14,"Which songs will be in the top 10 on the Billboard Hot 100 chart for the week of February 14, 2026?",KXRANKLISTSONGTOP10-26FEB14-FOL,Folded,0.52,0.97,0.745,0.93,0.45,7537.36,1,2026-02-14 15:00:00+00:00,106.55
Entertainment,KXSPOTIFYW-26FEB12,"Top Song on Weekly Top Songs USA on Feb 12, 2026?",KXSPOTIFYW-26FEB12-MAN,Man I Need,0.01,0.5,0.255,0.0,0.49,7468.02,1,2026-02-13 04:59:00+00:00,72.53
Entertainment,KXSBGUESTS-26,Who will attend the Big Game?,KXSBGUESTS-26-AHAT,Anne Hathaway,0.15,0.35,0.25,0.34,0.2,7017.42,1,2026-02-13 15:00:00+00:00,82.55
Entertainment,KXSBGUESTS-26,Who will attend the Big Game?,KXSBGUESTS-26-ZEN,Zendaya,0.13,0.33,0.23,0.33,0.2,6854.6,1,2026-02-13 15:00:00+00:00,82.55
Entertainment,KXSBGUESTS-26,Who will attend the Big Game?,KXSBGUESTS-26-JK,Jason Kelce,0.91,0.96,0.935,0.96,0.05,6714.3,1,2026-02-13 15:00:00+00:00,82.55
Entertainment,KXSBGUESTS-26,Who will attend the Big Game?,KXSBGUESTS-26-KHAR,Kamala Harris,0.18,0.19,0.185,0.18,0.01,6682.9,1,2026-02-13 15:00:00+00:00,82.55
Entertainment,KXSBGUESTS-26,Who will attend the Big Game?,KXSBGUESTS-26-GNEW,Gavin Newsom,0.82,0.92,0.87,0.91,0.1,6586.98,1,2026-02-13 15:00:00+00:00,82.55
Entertainment,KXSBGUESTS-26,Who will attend the Big Game?,KXSBGUESTS-26-PHIL,Paris Hilton,0.11,0.27,0.19,0.09,0.16,6547.97,1,2026-02-13 15:00:00+00:00,82.55
Entertainment,KXSBGUESTS-26,Who will attend the Big Game?,KXSBGUESTS-26-MDAM,Matt Damon,0.76,0.81,0.785,0.81,0.05,6476.95,1,2026-02-13 15:00:00+00:00,82.55
Entertainment,KXALBUMSALES-FAL,"How many album sales will J. Cole's ''The Fall-Off' have on the chart dated Feb 12, 2026?",KXALBUMSALES-FAL-150000,"At least 150,000 albums",0.12,0.21,0.165,0.21,0.09,6048.22,1,2026-02-13 04:59:00+00:00,72.53
Entertainment,KXTOPSONG-26FEB21,"Billboard Hot 100 #1 on Feb 21, 2026 chart?",KXTOPSONG-26FEB21-OPA,Opalite,0.37,0.53,0.45,0.53,0.16,5978.66,1,2026-02-16 03:59:00+00:00,143.53
Entertainment,KXSBGUESTS-26,Who will attend the Big Game?,KXSBGUESTS-26-TBRA,Tom Brady,0.67,0.95,0.81,0.67,0.28,5953.4,1,2026-02-13 15:00:00+00:00,82.55
Entertainment,KXALBUMSALES-FAL,"How many album sales will J. Cole's ''The Fall-Off' have on the chart dated Feb 12, 2026?",KXALBUMSALES-FAL-30000,"At least 30,000 albums",0.91,0.93,0.92,0.92,0.02,5320.41,1,2026-02-13 04:59:00+00:00,72.53
Entertainment,KXSBGUESTS-26,Who will attend the Big Game?,KXSBGUESTS-26-DOE,Doechii,0.1,0.27,0.185,0.06,0.17,5106.93,1,2026-02-13 15:00:00+00:00,82.55
Entertainment,KXRT-WUT,"""Wuthering Heights"" Rotten Tomatoes score?",KXRT-WUT-65,Above 65,0.9,0.91,0.905,0.91,0.01,4976.79,1,2026-02-16 15:00:00+00:00,154.55
Entertainment,KXRANKLISTSONGTOP10-26FEB14,"Which songs will be in the top 10 on the Billboard Hot 100 chart for the week of February 14, 2026?",KXRANKLISTSONGTOP10-26FEB14-APE,Aperture,0.05,0.19,0.12,0.19,0.14,4751.53,1,2026-02-14 15:00:00+00:00,106.55
Entertainment,KXALBUMSALES-FAL,"How many album sales will J. Cole's ''The Fall-Off' have on the chart dated Feb 12, 2026?",KXALBUMSALES-FAL-40000,"At least 40,000 albums",0.87,0.97,0.92,0.83,0.1,4541.82,1,2026-02-13 04:59:00+00:00,72.53
Entertainment,KXRT-CRI,"""Crime 101"" Rotten Tomatoes score?",KXRT-CRI-60,Above 60,0.93,0.97,0.95,0.97,0.04,4500.39,1,2026-02-16 15:00:00+00:00,154.55
Entertainment,KXTOPALBUM-26FEB21,"Billboard Top 200 #1 on Feb 21, 2026 chart?",KXTOPALBUM-26FEB21-DEB,Debi Tirar Mas Fotos,0.1,0.5,0.3,0.0,0.4,4428.82,1,2026-02-16 03:59:00+00:00,143.53
Entertainment,KXALBUMSALES-WUT,"How many album sales will Charlie xcx's 'Wuthering Heights' have on the chart dated Feb 19, 2026?",KXALBUMSALES-WUT-25000,"At least 25,000 albums",0.55,0.59,0.57,0.54,0.04,4208.6,1,2026-02-20 04:59:00+00:00,240.53
Entertainment,KXRT-CRI,"""Crime 101"" Rotten Tomatoes score?",KXRT-CRI-75,Above 75,0.68,0.73,0.705,0.71,0.05,4106.84,1,2026-02-16 15:00:00+00:00,154.55
Entertainment,KXRT-WUT,"""Wuthering Heights"" Rotten Tomatoes score?",KXRT-WUT-60,Above 60,0.94,0.98,0.96,0.97,0.04,4074.05,1,2026-02-16 15:00:00+00:00,154.55
Entertainment,KXALBUMSALES-WUT,"How many album sales will Charlie xcx's 'Wuthering Heights' have on the chart dated Feb 19, 2026?",KXALBUMSALES-WUT-20000,"At least 20,000 albums",0.57,0.64,0.605,0.64,0.07,4057.38,1,2026-02-20 04:59:00+00:00,240.53
Entertainment,KXALBUMSALES-WUT,"How many album sales will Charlie xcx's 'Wuthering Heights' have on the chart dated Feb 19, 2026?",KXALBUMSALES-WUT-5000,"At least 5,000 albums",0.85,0.93,0.89,0.99,0.08,4056.8,1,2026-02-20 04:59:00+00:00,240.53
Entertainment,KXBILLBOARDRUNNERUPSONG-26FEB21,"Billboard Hot 100 #2 on Feb 21, 2026 chart?",KXBILLBOARDRUNNERUPSONG-26FEB21-CHO,Choosin' Texas,0.02,0.97,0.495,0.0,0.95,3963.39,1,2026-02-16 03:59:00+00:00,143.53
Entertainment,KXBILLBOARDRUNNERUPSONG-26FEB21,"Billboard Hot 100 #2 on Feb 21, 2026 chart?",KXBILLBOARDRUNNERUPSONG-26FEB21-MAN,Man I Need,0.02,0.97,0.495,0.0,0.95,3958.44,1,2026-02-16 03:59:00+00:00,143.53
Entertainment,KXRANKLISTSONGTOP10-26FEB14,"Which songs will be in the top 10 on the Billboard Hot 100 chart for the week of February 14, 2026?",KXRANKLISTSONGTOP10-26FEB14-MUT,Mutt,0.0,0.1,0.0,0.0,,3780.0,1,2026-02-14 15:00:00+00:00,106.55
Entertainment,KXRANKLISTSONGTOP10-26FEB14,"Which songs will be in the top 10 on the Billboard Hot 100 chart for the week of February 14, 2026?",KXRANKLISTSONGTOP10-26FEB14-BAC,Back To Friends,0.94,1.0,0.97,0.0,0.06,3770.06,1,2026-02-14 15:00:00+00:00,106.55
Entertainment,KXRANKLISTSONGTOP10-26FEB14,"Which songs will be in the top 10 on the Billboard Hot 100 chart for the week of February 14, 2026?",KXRANKLISTSONGTOP10-26FEB14-DAI,Daisies,0.0,0.07,0.05,0.05,,3722.59,1,2026-02-14 15:00:00+00:00,106.55
Entertainment,KXRANKLISTSONGTOP10-26FEB14,"Which songs will be in the top 10 on the Billboard Hot 100 chart for the week of February 14, 2026?",KXRANKLISTSONGTOP10-26FEB14-COU,A Couple Minutes,0.0,0.07,0.05,0.05,,3721.89,1,2026-02-14 15:00:00+00:00,106.55
Entertainment,KXALBUMSALES-WUT,"How many album sales will Charlie xcx's 'Wuthering Heights' have on the chart dated Feb 19, 2026?",KXALBUMSALES-WUT-35000,"At least 35,000 albums",0.28,0.35,0.315,0.0,0.07,3686.2,1,2026-02-20 04:59:00+00:00,240.53
Entertainment,KXALBUMSALES-WUT,"How many album sales will Charlie xcx's 'Wuthering Heights' have on the chart dated Feb 19, 2026?",KXALBUMSALES-WUT-30000,"At least 30,000 albums",0.38,0.42,0.4,0.43,0.04,3664.73,1,2026-02-20 04:59:00+00:00,240.53
Entertainment,KXALBUMSALES-WUT,"How many album sales will Charlie xcx's 'Wuthering Heights' have on the chart dated Feb 19, 2026?",KXALBUMSALES-WUT-40000,"At least 40,000 albums",0.21,0.31,0.26,0.38,0.1,3356.33,1,2026-02-20 04:59:00+00:00,240.53
Entertainment,KXRT-CRI,"""Crime 101"" Rotten Tomatoes score?",KXRT-CRI-85,Above 85,0.26,0.36,0.31,0.35,0.1,3336.32,1,2026-02-16 15:00:00+00:00,154.55
Entertainment,KXRT-CRI,"""Crime 101"" Rotten Tomatoes score?",KXRT-CRI-80,Above 80,0.31,0.52,0.415,0.22,0.21,3300.29,1,2026-02-16 15:00:00+00:00,154.55
Entertainment,KXSONGRELEASEDATEBTS,When will BTS release a new song?,KXSONGRELEASEDATEBTS-FEB14-26,"Before Feb 14, 2026",0.13,0.21,0.17,0.0,0.08,3274.45,1,2026-02-14 15:00:00+00:00,106.55
Entertainment,KXTOPALBUM-26FEB21,"Billboard Top 200 #1 on Feb 21, 2026 chart?",KXTOPALBUM-26FEB21-IMT,I'm The Problem,0.0,0.04,0.0,0.0,,3091.0,1,2026-02-16 03:59:00+00:00,143.53
Entertainment,KXTOPALBUM-26FEB21,"Billboard Top 200 #1 on Feb 21, 2026 chart?",KXTOPALBUM-26FEB21-THE,The Art Of Loving,0.0,0.05,0.0,0.0,,3090.0,1,2026-02-16 03:59:00+00:00,143.53
Entertainment,KXBILLBOARDRUNNERUPALBUM-26FEB21,"Billboard 200 #2 on Feb 21, 2026 chart?",KXBILLBOARDRUNNERUPALBUM-26FEB21-THEL,The Life Of A Showgirl,0.0,0.03,0.01,0.01,,3032.0,1,2026-02-16 03:59:00+00:00,143.53
Entertainment,KXBILLBOARDRUNNERUPSONG-26FEB21,"Billboard Hot 100 #2 on Feb 21, 2026 chart?",KXBILLBOARDRUNNERUPSONG-26FEB21-FOL,Folded,0.0,0.01,0.01,0.01,,3021.0,1,2026-02-16 03:59:00+00:00,143.53
Entertainment,KXBILLBOARDRUNNERUPSONG-26FEB21,"Billboard Hot 100 #2 on Feb 21, 2026 chart?",KXBILLBOARDRUNNERUPSONG-26FEB21-BAC,Back To Friends,0.0,0.01,0.01,0.01,,3021.0,1,2026-02-16 03:59:00+00:00,143.53
Entertainment,KXBILLBOARDRUNNERUPSONG-26FEB21,"Billboard Hot 100 #2 on Feb 21, 2026 chart?",KXBILLBOARDRUNNERUPSONG-26FEB21-APE,Aperture,0.0,0.01,0.01,0.01,,3019.0,1,2026-02-16 03:59:00+00:00,143.53
Entertainment,KXBILLBOARDRUNNERUPALBUM-26FEB21,"Billboard 200 #2 on Feb 21, 2026 chart?",KXBILLBOARDRUNNERUPALBUM-26FEB21-WIT,With Heaven On Top,0.0,0.01,0.01,0.01,,3000.0,1,2026-02-16 03:59:00+00:00,143.53
Entertainment,KXBILLBOARDRUNNERUPALBUM-26FEB21,"Billboard 200 #2 on Feb 21, 2026 chart?",KXBILLBOARDRUNNERUPALBUM-26FEB21-SOS,SOS,0.0,0.01,0.01,0.01,,3000.0,1,2026-02-16 03:59:00+00:00,143.53
Entertainment,KXBILLBOARDRUNNERUPALBUM-26FEB21,"Billboard 200 #2 on Feb 21, 2026 chart?",KXBILLBOARDRUNNERUPALBUM-26FEB21-SLI,Slime Cry,0.0,0.01,0.01,0.01,,3000.0,1,2026-02-16 03:59:00+00:00,143.53
Entertainment,KXBILLBOARDRUNNERUPALBUM-26FEB21,"Billboard 200 #2 on Feb 21, 2026 chart?",KXBILLBOARDRUNNERUPALBUM-26FEB21-MEG,Megadeth,0.0,0.01,0.01,0.01,,3000.0,1,2026-02-16 03:59:00+00:00,143.53
Entertainment,KXBILLBOARDRUNNERUPALBUM-26FEB21,"Billboard 200 #2 on Feb 21, 2026 chart?",KXBILLBOARDRUNNERUPALBUM-26FEB21-KPO,KPop Demon Hunters,0.0,0.01,0.01,0.01,,3000.0,1,2026-02-16 03:59:00+00:00,143.53
Entertainment,KXBILLBOARDRUNNERUPALBUM-26FEB21,"Billboard 200 #2 on Feb 21, 2026 chart?",KXBILLBOARDRUNNERUPALBUM-26FEB21-DON,Don't Be Dumb,0.0,0.01,0.01,0.01,,3000.0,1,2026-02-16 03:59:00+00:00,143.53
Entertainment,KXTOPSONG-26FEB21,"Billboard Hot 100 #1 on Feb 21, 2026 chart?",KXTOPSONG-26FEB21-FOL,Folded,0.0,0.01,0.01,0.01,,2991.0,1,2026-02-16 03:59:00+00:00,143.53
Entertainment,KXTOPSONG-26FEB21,"Billboard Hot 100 #1 on Feb 21, 2026 chart?",KXTOPSONG-26FEB21-BAC,Back To Friends,0.0,0.01,0.01,0.01,,2991.0,1,2026-02-16 03:59:00+00:00,143.53
Entertainment,KXTOPSONG-26FEB21,"Billboard Hot 100 #1 on Feb 21, 2026 chart?",KXTOPSONG-26FEB21-APE,Aperture,0.0,0.01,0.01,0.01,,2991.0,1,2026-02-16 03:59:00+00:00,143.53
Entertainment,KXBILLBOARDRUNNERUPSONG-26FEB21,"Billboard Hot 100 #2 on Feb 21, 2026 chart?",KXBILLBOARDRUNNERUPSONG-26FEB21-THE,The Fate Of Ophelia,0.0,0.04,0.01,0.01,,2989.7,1,2026-02-16 03:59:00+00:00,143.53
Entertainment,KXBILLBOARDRUNNERUPSONG-26FEB21,"Billboard Hot 100 #2 on Feb 21, 2026 chart?",KXBILLBOARDRUNNERUPSONG-26FEB21-ORD,Ordinary,0.0,0.98,0.01,0.01,,2989.5,1,2026-02-16 03:59:00+00:00,143.53
Entertainment,KXTOPALBUM-26FEB21,"Billboard Top 200 #1 on Feb 21, 2026 chart?",KXTOPALBUM-26FEB21-MEG,Megadeth,0.0,0.01,0.0,0.0,,2979.0,1,2026-02-16 03:59:00+00:00,143.53
Entertainment,KXTOPALBUM-26FEB21,"Billboard Top 200 #1 on Feb 21, 2026 chart?",KXTOPALBUM-26FEB21-WIT,With Heaven On Top,0.0,0.01,0.0,0.0,,2978.0,1,2026-02-16 03:59:00+00:00,143.53
Entertainment,KXTOPALBUM-26FEB21,"Billboard Top 200 #1 on Feb 21, 2026 chart?",KXTOPALBUM-26FEB21-THEL,The Life Of A Showgirl,0.0,0.01,0.0,0.0,,2978.0,1,2026-02-16 03:59:00+00:00,143.53
Entertainment,KXTOPALBUM-26FEB21,"Billboard Top 200 #1 on Feb 21, 2026 chart?",KXTOPALBUM-26FEB21-SOS,SOS,0.0,0.01,0.0,0.0,,2978.0,1,2026-02-16 03:59:00+00:00,143.53
Entertainment,KXTOPALBUM-26FEB21,"Billboard Top 200 #1 on Feb 21, 2026 chart?",KXTOPALBUM-26FEB21-SLI,Slime Cry,0.0,0.01,0.0,0.0,,2978.0,1,2026-02-16 03:59:00+00:00,143.53
Entertainment,KXTOPALBUM-26FEB21,"Billboard Top 200 #1 on Feb 21, 2026 chart?",KXTOPALBUM-26FEB21-KPO,KPop Demon Hunters,0.0,0.01,0.0,0.0,,2978.0,1,2026-02-16 03:59:00+00:00,143.53
Entertainment,KXTOPALBUM-26FEB21,"Billboard Top 200 #1 on Feb 21, 2026 chart?",KXTOPALBUM-26FEB21-DON,Don't Be Dumb,0.0,0.01,0.0,0.0,,2978.0,1,2026-02-16 03:59:00+00:00,143.53
Entertainment,KXTOPSONG-26FEB21,"Billboard Hot 100 #1 on Feb 21, 2026 chart?",KXTOPSONG-26FEB21-THE,The Fate Of Ophelia,0.0,0.89,0.01,0.01,,2962.0,1,2026-02-16 03:59:00+00:00,143.53
Entertainment,KXTOPSONG-26FEB21,"Billboard Hot 100 #1 on Feb 21, 2026 chart?",KXTOPSONG-26FEB21-ORD,Ordinary,0.0,0.89,0.01,0.01,,2962.0,1,2026-02-16 03:59:00+00:00,143.53
Entertainment,KXSPOTIFYALBUMW-26FEB12,"Top Album on Weekly Top Albums USA on Feb 12, 2026?",KXSPOTIFYALBUMW-26FEB12-DEB,DeBÍ TiRAR MáS FOToS,0.01,0.85,0.43,0.0,0.84,2858.5,1,2026-02-13 04:59:00+00:00,72.53
Entertainment,KXTOPSONG-26FEB21,"Billboard Hot 100 #1 on Feb 21, 2026 chart?",KXTOPSONG-26FEB21-GOL,Golden,0.0,0.84,0.01,0.01,,2812.0,1,2026-02-16 03:59:00+00:00,143.53
Entertainment,KXBILLBOARDRUNNERUPALBUM-26FEB21,"Billboard 200 #2 on Feb 21, 2026 chart?",KXBILLBOARDRUNNERUPALBUM-26FEB21-THE,The Art Of Loving,0.04,0.12,0.08,0.12,0.08,2723.76,1,2026-02-16 03:59:00+00:00,143.53
Entertainment,KXALBUMSALES-FAL,"How many album sales will J. Cole's ''The Fall-Off' have on the chart dated Feb 12, 2026?",KXALBUMSALES-FAL-200000,"At least 200,000 albums",0.08,0.2,0.14,0.2,0.12,2642.58,1,2026-02-13 04:59:00+00:00,72.53
Entertainment,KXRT-CRI,"""Crime 101"" Rotten Tomatoes score?",KXRT-CRI-90,Above 90,0.21,0.24,0.225,0.2,0.03,2440.72,1,2026-02-16 15:00:00+00:00,154.55
Entertainment,KXBILLBOARDRUNNERUPALBUM-26FEB21,"Billboard 200 #2 on Feb 21, 2026 chart?",KXBILLBOARDRUNNERUPALBUM-26FEB21-IMT,I'm The Problem,0.01,0.13,0.07,0.13,0.12,2405.25,1,2026-02-16 03:59:00+00:00,143.53
Entertainment,KXSPOTIFYW-26FEB12,"Top Song on Weekly Top Songs USA on Feb 12, 2026?",KXSPOTIFYW-26FEB12-CHO,Choosin' Texas,0.0,0.09,0.0,0.0,,2331.0,1,2026-02-13 04:59:00+00:00,72.53
Entertainment,KXSPOTIFYARTISTW-26FEB12,"Top Artist on Weekly Top Artists USA on Feb 12, 2026?",KXSPOTIFYARTISTW-26FEB12-BAD,Bad Bunny,0.71,0.98,0.845,0.0,0.27,2297.0,1,2026-02-13 04:59:00+00:00,72.53
Entertainment,KXTOPSONG-26FEB21,"Billboard Hot 100 #1 on Feb 21, 2026 chart?",KXTOPSONG-26FEB21-CHO,Choosin' Texas,0.01,0.39,0.2,0.0,0.38,2284.11,1,2026-02-16 03:59:00+00:00,143.53
Entertainment,KXSPOTIFYALBUMW-26FEB12,"Top Album on Weekly Top Albums USA on Feb 12, 2026?",KXSPOTIFYALBUMW-26FEB12-IMT,I’m The Problem,0.0,0.8,0.0,0.0,,2260.0,1,2026-02-13 04:59:00+00:00,72.53
Entertainment,KXSPOTIFYARTISTW-26FEB12,"Top Artist on Weekly Top Artists USA on Feb 12, 2026?",KXSPOTIFYARTISTW-26FEB12-DRA,Drake,0.02,0.19,0.105,0.0,0.17,2252.1,1,2026-02-13 04:59:00+00:00,72.53
Entertainment,KXTOPSONG-26FEB21,"Billboard Hot 100 #1 on Feb 21, 2026 chart?",KXTOPSONG-26FEB21-MAN,Man I Need,0.01,0.39,0.2,0.39,0.38,2196.12,1,2026-02-16 03:59:00+00:00,143.53
Entertainment,KXSPOTIFYARTISTW-26FEB12,"Top Artist on Weekly Top Artists USA on Feb 12, 2026?",KXSPOTIFYARTISTW-26FEB12-TAY,Taylor Swift,0.01,0.14,0.075,0.0,0.13,2095.0,1,2026-02-13 04:59:00+00:00,72.53
Entertainment,KXSPOTIFYW-26FEB12,"Top Song on Weekly Top Songs USA on Feb 12, 2026?",KXSPOTIFYW-26FEB12-STA,Stateside + Zara Larsson,0.0,0.12,0.0,0.0,,1918.56,1,2026-02-13 04:59:00+00:00,72.53
Entertainment,KXALBUMSALES-WUT,"How many album sales will Charlie xcx's 'Wuthering Heights' have on the chart dated Feb 19, 2026?",KXALBUMSALES-WUT-15000,"At least 15,000 albums",0.65,0.74,0.695,0.0,0.09,1854.4,1,2026-02-20 04:59:00+00:00,240.53
Entertainment,KXBILLBOARDRUNNERUPSONG-26FEB21,"Billboard Hot 100 #2 on Feb 21, 2026 chart?",KXBILLBOARDRUNNERUPSONG-26FEB21-GOL,Golden,0.01,0.78,0.395,0.0,0.77,1809.14,1,2026-02-16 03:59:00+00:00,143.53
Entertainment,KXRT-CRI,"""Crime 101"" Rotten Tomatoes score?",KXRT-CRI-65,Above 65,0.86,0.97,0.915,0.96,0.11,1742.29,1,2026-02-16 15:00:00+00:00,154.55
Entertainment,KXALBUMSALES-FAL,"How many album sales will J. Cole's ''The Fall-Off' have on the chart dated Feb 12, 2026?",KXALBUMSALES-FAL-25000,"At least 25,000 albums",0.89,0.98,0.935,0.98,0.09,1637.89,1,2026-02-13 04:59:00+00:00,72.53
Entertainment,KXRANKLISTSONGTOP10-26FEB14,"Which songs will be in the top 10 on the Billboard Hot 100 chart for the week of February 14, 2026?",KXRANKLISTSONGTOP10-26FEB14-SOE,So Easy (To Fall In Love),0.04,0.95,0.495,0.96,0.91,1619.94,1,2026-02-14 15:00:00+00:00,106.55
Entertainment,KXTOPSONG-26FEB21,"Billboard Hot 100 #1 on Feb 21, 2026 chart?",KXTOPSONG-26FEB21-IJU,I Just Might,0.01,0.67,0.34,0.0,0.66,1553.05,1,2026-02-16 03:59:00+00:00,143.53
Entertainment,KXBILLBOARDRUNNERUPSONG-26FEB21,"Billboard Hot 100 #2 on Feb 21, 2026 chart?",KXBILLBOARDRUNNERUPSONG-26FEB21-IJU,I Just Might,0.01,0.79,0.4,0.0,0.78,1521.8,1,2026-02-16 03:59:00+00:00,143.53
Entertainment,KXALBUMSALES-WUT,"How many album sales will Charlie xcx's 'Wuthering Heights' have on the chart dated Feb 19, 2026?",KXALBUMSALES-WUT-10000,"At least 10,000 albums",0.76,0.79,0.775,0.75,0.03,1519.17,1,2026-02-20 04:59:00+00:00,240.53
Entertainment,KXRT-CRI,"""Crime 101"" Rotten Tomatoes score?",KXRT-CRI-70,Above 70,0.78,0.97,0.875,0.84,0.19,1514.35,1,2026-02-16 15:00:00+00:00,154.55
Entertainment,KXSPOTIFYW-26FEB12,"Top Song on Weekly Top Songs USA on Feb 12, 2026?",KXSPOTIFYW-26FEB12-APE,Aperture,0.0,0.12,0.0,0.0,,1453.56,1,2026-02-13 04:59:00+00:00,72.53
Entertainment,KXSPOTIFYW-26FEB12,"Top Song on Weekly Top Songs USA on Feb 12, 2026?",KXSPOTIFYW-26FEB12-END,End of Beginning,0.0,0.14,0.0,0.0,,1443.0,1,2026-02-13 04:59:00+00:00,72.53
Entertainment,KXSPOTIFYW-26FEB12,"Top Song on Weekly Top Songs USA on Feb 12, 2026?",KXSPOTIFYW-26FEB12-IJU,I Just Might,0.0,0.15,0.0,0.0,,1401.0,1,2026-02-13 04:59:00+00:00,72.53
Entertainment,KXRANKLISTSONGTOP10-26FEB14,"Which songs will be in the top 10 on the Billboard Hot 100 chart for the week of February 14, 2026?",KXRANKLISTSONGTOP10-26FEB14-GRE,The Great Divide,0.8,1.0,0.9,0.0,0.2,1370.5,1,2026-02-14 15:00:00+00:00,106.55
Entertainment,KXALBUMSALES-WUT,"How many album sales will Charlie xcx's 'Wuthering Heights' have on the chart dated Feb 19, 2026?",KXALBUMSALES-WUT-45000,"At least 45,000 albums",0.12,0.25,0.185,0.16,0.13,1345.7,1,2026-02-20 04:59:00+00:00,240.53
Entertainment,KXBILLBOARDRUNNERUPSONG-26FEB21,"Billboard Hot 100 #2 on Feb 21, 2026 chart?",KXBILLBOARDRUNNERUPSONG-26FEB21-OPA,Opalite,0.02,0.8,0.41,0.0,0.78,1240.3,1,2026-02-16 03:59:00+00:00,143.53
Entertainment,KXSPOTIFYARTISTW-26FEB12,"Top Artist on Weekly Top Artists USA on Feb 12, 2026?",KXSPOTIFYARTISTW-26FEB12-ZAC,Zach Bryan,0.0,0.94,0.0,0.0,,1236.0,1,2026-02-13 04:59:00+00:00,72.53
Entertainment,KXSPOTIFYARTISTW-26FEB12,"Top Artist on Weekly Top Artists USA on Feb 12, 2026?",KXSPOTIFYARTISTW-26FEB12-YOU,YoungBoy Never Broke Again,0.0,0.94,0.0,0.0,,1236.0,1,2026-02-13 04:59:00+00:00,72.53
Entertainment,KXSPOTIFYARTISTW-26FEB12,"Top Artist on Weekly Top Artists USA on Feb 12, 2026?",KXSPOTIFYARTISTW-26FEB12-THE,The Weeknd,0.0,0.94,0.0,0.0,,1236.0,1,2026-02-13 04:59:00+00:00,72.53
Entertainment,KXSPOTIFYARTISTW-26FEB12,"Top Artist on Weekly Top Artists USA on Feb 12, 2026?",KXSPOTIFYARTISTW-26FEB12-RIH,Rihanna,0.0,0.94,0.0,0.0,,1236.0,1,2026-02-13 04:59:00+00:00,72.53
Entertainment,KXSPOTIFYARTISTW-26FEB12,"Top Artist on Weekly Top Artists USA on Feb 12, 2026?",KXSPOTIFYARTISTW-26FEB12-OLI,Olivia Dean,0.0,0.94,0.0,0.0,,1236.0,1,2026-02-13 04:59:00+00:00,72.53
Entertainment,KXSPOTIFYARTISTW-26FEB12,"Top Artist on Weekly Top Artists USA on Feb 12, 2026?",KXSPOTIFYARTISTW-26FEB12-MOR,Morgan Wallen,0.0,0.94,0.0,0.0,,1236.0,1,2026-02-13 04:59:00+00:00,72.53
Entertainment,KXSPOTIFYARTISTW-26FEB12,"Top Artist on Weekly Top Artists USA on Feb 12, 2026?",KXSPOTIFYARTISTW-26FEB12-KEN,Kendrick Lamar,0.0,0.94,0.0,0.0,,1236.0,1,2026-02-13 04:59:00+00:00,72.53
Entertainment,KXSPOTIFYARTISTW-26FEB12,"Top Artist on Weekly Top Artists USA on Feb 12, 2026?",KXSPOTIFYARTISTW-26FEB12-KAN,Kanye West,0.0,0.94,0.0,0.0,,1236.0,1,2026-02-13 04:59:00+00:00,72.53
Entertainment,KXSPOTIFYARTISTW-26FEB12,"Top Artist on Weekly Top Artists USA on Feb 12, 2026?",KXSPOTIFYARTISTW-26FEB12-FUT,Future,0.0,0.94,0.0,0.0,,1236.0,1,2026-02-13 04:59:00+00:00,72.53
Entertainment,KXSPOTIFYARTISTW-26FEB12,"Top Artist on Weekly Top Artists USA on Feb 12, 2026?",KXSPOTIFYARTISTW-26FEB12-BRU,Bruno Mars,0.0,0.94,0.0,0.0,,1236.0,1,2026-02-13 04:59:00+00:00,72.53
Entertainment,KXSPOTIFYARTISTW-26FEB12,"Top Artist on Weekly Top Artists USA on Feb 12, 2026?",KXSPOTIFYARTISTW-26FEB12-ARI,Ariana Grande,0.0,0.94,0.0,0.0,,1236.0,1,2026-02-13 04:59:00+00:00,72.53
Entertainment,KXSPOTIFYARTISTW-26FEB12,"Top Artist on Weekly Top Artists USA on Feb 12, 2026?",KXSPOTIFYARTISTW-26FEB12-AAP,A$AP Rocky,0.0,0.94,0.0,0.0,,1236.0,1,2026-02-13 04:59:00+00:00,72.53
Entertainment,KXALBUMSALES-WUT,"How many album sales will Charlie xcx's 'Wuthering Heights' have on the chart dated Feb 19, 2026?",KXALBUMSALES-WUT-50000,"At least 50,000 albums",0.12,0.19,0.155,0.14,0.07,1203.3,1,2026-02-20 04:59:00+00:00,240.53
Entertainment,KXSPOTIFYALBUMW-26FEB12,"Top Album on Weekly Top Albums USA on Feb 12, 2026?",KXSPOTIFYALBUMW-26FEB12-THE,The Art of Loving,0.0,0.5,0.0,0.0,,1200.0,1,2026-02-13 04:59:00+00:00,72.53
Entertainment,KXSPOTIFYW-26FEB12,"Top Song on Weekly Top Songs USA on Feb 12, 2026?",KXSPOTIFYW-26FEB12-THE,The Fate of Ophelia,0.0,0.1,0.0,0.0,,1151.0,1,2026-02-13 04:59:00+00:00,72.53
Entertainment,KXSPOTIFYW-26FEB12,"Top Song on Weekly Top Songs USA on Feb 12, 2026?",KXSPOTIFYW-26FEB12-ORD,Ordinary,0.0,0.1,0.0,0.0,,1151.0,1,2026-02-13 04:59:00+00:00,72.53
Entertainment,KXSPOTIFYW-26FEB12,"Top Song on Weekly Top Songs USA on Feb 12, 2026?",KXSPOTIFYW-26FEB12-GOL,Golden,0.0,0.1,0.0,0.0,,1151.0,1,2026-02-13 04:59:00+00:00,72.53
Entertainment,KXALBUMSALES-WUT,"How many album sales will Charlie xcx's 'Wuthering Heights' have on the chart dated Feb 19, 2026?",KXALBUMSALES-WUT-55000,"At least 55,000 albums",0.04,0.16,0.1,0.1,0.12,1145.25,1,2026-02-20 04:59:00+00:00,240.53
Entertainment,KXSPOTIFYALBUMW-26FEB12,"Top Album on Weekly Top Albums USA on Feb 12, 2026?",KXSPOTIFYALBUMW-26FEB12-TAK,Take Care (Deluxe),0.0,0.24,0.0,0.0,,990.0,1,2026-02-13 04:59:00+00:00,72.53
Entertainment,KXALBUMSALES-FAL,"How many album sales will J. Cole's ''The Fall-Off' have on the chart dated Feb 12, 2026?",KXALBUMSALES-FAL-10000,"At least 10,000 albums",0.01,1.0,0.505,0.96,0.99,990.0,1,2026-02-13 04:59:00+00:00,72.53
Entertainment,KXSPOTIFYALBUMW-26FEB12,"Top Album on Weekly Top Albums USA on Feb 12, 2026?",KXSPOTIFYALBUMW-26FEB12-THEL,The Life of a Showgirl,0.0,0.95,0.0,0.0,,950.0,1,2026-02-13 04:59:00+00:00,72.53
Entertainment,KXSPOTIFYW-26FEB12,"Top Song on Weekly Top Songs USA on Feb 12, 2026?",KXSPOTIFYW-26FEB12-WHE,WHERE IS MY HUSBAND!,0.0,0.05,0.0,0.0,,901.0,1,2026-02-13 04:59:00+00:00,72.53
Entertainment,KXSPOTIFYW-26FEB12,"Top Song on Weekly Top Songs USA on Feb 12, 2026?",KXSPOTIFYW-26FEB12-WHA,What You Saying,0.0,0.05,0.0,0.0,,901.0,1,2026-02-13 04:59:00+00:00,72.53
Entertainment,KXSPOTIFYW-26FEB12,"Top Song on Weekly Top Songs USA on Feb 12, 2026?",KXSPOTIFYW-26FEB12-SOE,So Easy (To Fall In Love),0.0,0.05,0.0,0.0,,901.0,1,2026-02-13 04:59:00+00:00,72.53
Entertainment,KXSPOTIFYW-26FEB12,"Top Song on Weekly Top Songs USA on Feb 12, 2026?",KXSPOTIFYW-26FEB12-ITH,I Thought I Saw Your Face Today,0.0,0.05,0.0,0.0,,901.0,1,2026-02-13 04:59:00+00:00,72.53
Entertainment,KXSPOTIFYW-26FEB12,"Top Song on Weekly Top Songs USA on Feb 12, 2026?",KXSPOTIFYW-26FEB12-BAC,back to friends,0.0,0.05,0.0,0.0,,901.0,1,2026-02-13 04:59:00+00:00,72.53
Entertainment,KXSPOTIFYW-26FEB12,"Top Song on Weekly Top Songs USA on Feb 12, 2026?",KXSPOTIFYW-26FEB12-4RA,4 Raws,0.0,0.05,0.0,0.0,,901.0,1,2026-02-13 04:59:00+00:00,72.53
Entertainment,KXSPOTIFYALBUMW-26FEB12,"Top Album on Weekly Top Albums USA on Feb 12, 2026?",KXSPOTIFYALBUMW-26FEB12-WIT,With Heaven On Top,0.0,0.5,0.0,0.0,,500.0,1,2026-02-13 04:59:00+00:00,72.53
Entertainment,KXSPOTIFYALBUMW-26FEB12,"Top Album on Weekly Top Albums USA on Feb 12, 2026?",KXSPOTIFYALBUMW-26FEB12-STI,Stick Season,0.0,0.5,0.0,0.0,,500.0,1,2026-02-13 04:59:00+00:00,72.53
Entertainment,KXSPOTIFYALBUMW-26FEB12,"Top Album on Weekly Top Albums USA on Feb 12, 2026?",KXSPOTIFYALBUMW-26FEB12-SOS,SOS Deluxe: LANA,0.0,0.5,0.0,0.0,,500.0,1,2026-02-13 04:59:00+00:00,72.53
Entertainment,KXSPOTIFYALBUMW-26FEB12,"Top Album on Weekly Top Albums USA on Feb 12, 2026?",KXSPOTIFYALBUMW-26FEB12-SOC,SO CLOSE TO WHAT??? (deluxe),0.0,0.5,0.0,0.0,,500.0,1,2026-02-13 04:59:00+00:00,72.53
Entertainment,KXSPOTIFYALBUMW-26FEB12,"Top Album on Weekly Top Albums USA on Feb 12, 2026?",KXSPOTIFYALBUMW-26FEB12-REB,Rebel,0.0,0.5,0.0,0.0,,500.0,1,2026-02-13 04:59:00+00:00,72.53
Entertainment,KXSPOTIFYALBUMW-26FEB12,"Top Album on Weekly Top Albums USA on Feb 12, 2026?",KXSPOTIFYALBUMW-26FEB12-ONE,One Thing At A Time,0.0,0.5,0.0,0.0,,500.0,1,2026-02-13 04:59:00+00:00,72.53
Entertainment,KXSPOTIFYALBUMW-26FEB12,"Top Album on Weekly Top Albums USA on Feb 12, 2026?",KXSPOTIFYALBUMW-26FEB12-MAN,Man’s Best Friend,0.0,0.5,0.0,0.0,,500.0,1,2026-02-13 04:59:00+00:00,72.53
Entertainment,KXSPOTIFYALBUMW-26FEB12,"Top Album on Weekly Top Albums USA on Feb 12, 2026?",KXSPOTIFYALBUMW-26FEB12-KPO,KPop Demon Hunters (Soundtrack from the Netflix Film),0.0,0.5,0.0,0.0,,500.0,1,2026-02-13 04:59:00+00:00,72.53
Entertainment,KXSPOTIFYALBUMW-26FEB12,"Top Album on Weekly Top Albums USA on Feb 12, 2026?",KXSPOTIFYALBUMW-26FEB12-DIN,DINASTÍA,0.0,0.5,0.0,0.0,,500.0,1,2026-02-13 04:59:00+00:00,72.53
Entertainment,KXSPOTIFYALBUMW-26FEB12,"Top Album on Weekly Top Albums USA on Feb 12, 2026?",KXSPOTIFYALBUMW-26FEB12-DON,Don't Be Dumb,0.0,0.24,0.0,0.0,,365.0,1,2026-02-13 04:59:00+00:00,72.53
Entertainment,KXSPOTIFYW-26FEB12,"Top Song on Weekly Top Songs USA on Feb 12, 2026?",KXSPOTIFYW-26FEB12-GRE,The Great Divide,0.0,0.99,0.0,0.0,,198.0,1,2026-02-13 04:59:00+00:00,72.53
Entertainment,KXRANKLISTSONGTOP10-26FEB14,"Which songs will be in the top 10 on the Billboard Hot 100 chart for the week of February 14, 2026?",KXRANKLISTSONGTOP10-26FEB14-END,End of Beginning,0.0,1.0,0.0,0.0,,0.0,1,2026-02-14 15:00:00+00:00,106.55
Entertainment,KXRANKLISTSONGBBH100-26FEB14,"Which songs will be on the Billboard Hot 100 chart for the week of February 14, 2026?",KXRANKLISTSONGBBH100-26FEB14-ZOO,Zoo,0.0,1.0,0.0,0.0,,0.0,1,2026-02-14 15:00:00+00:00,106.55
Entertainment,KXRANKLISTSONGBBH100-26FEB14,"Which songs will be on the Billboard Hot 100 chart for the week of February 14, 2026?",KXRANKLISTSONGBBH100-26FEB14-TRA,Trap Queen,0.0,1.0,0.0,0.0,,0.0,1,2026-02-14 15:00:00+00:00,106.55
Entertainment,KXRANKLISTSONGBBH100-26FEB14,"Which songs will be on the Billboard Hot 100 chart for the week of February 14, 2026?",KXRANKLISTSONGBBH100-26FEB14-NOB,No Broke Boys,0.0,1.0,0.0,0.0,,0.0,1,2026-02-14 15:00:00+00:00,106.55
Entertainment,KXRANKLISTSONGBBH100-26FEB14,"Which songs will be on the Billboard Hot 100 chart for the week of February 14, 2026?",KXRANKLISTSONGBBH100-26FEB14-MID,Midnight Sun,0.0,1.0,0.0,0.0,,0.0,1,2026-02-14 15:00:00+00:00,106.55
Entertainment,KXRANKLISTSONGBBH100-26FEB14,"Which songs will be on the Billboard Hot 100 chart for the week of February 14, 2026?",KXRANKLISTSONGBBH100-26FEB14-ITD,It Depends,0.0,1.0,0.0,0.0,,0.0,1,2026-02-14 15:00:00+00:00,106.55
Entertainment,KXRANKLISTSONGBBH100-26FEB14,"Which songs will be on the Billboard Hot 100 chart for the week of February 14, 2026?",KXRANKLISTSONGBBH100-26FEB14-ISI,Is It a Crime,0.0,1.0,0.0,0.0,,0.0,1,2026-02-14 15:00:00+00:00,106.55
Entertainment,KXRANKLISTSONGBBH100-26FEB14,"Which songs will be on the Billboard Hot 100 chart for the week of February 14, 2026?",KXRANKLISTSONGBBH100-26FEB14-INT,Internet Girl,0.0,1.0,0.0,0.0,,0.0,1,2026-02-14 15:00:00+00:00,106.55
Entertainment,KXRANKLISTSONGBBH100-26FEB14,"Which songs will be on the Billboard Hot 100 chart for the week of February 14, 2026?",KXRANKLISTSONGBBH100-26FEB14-HOU,House Again,0.0,1.0,0.0,0.0,,0.0,1,2026-02-14 15:00:00+00:00,106.55
Entertainment,KXRANKLISTSONGBBH100-26FEB14,"Which songs will be on the Billboard Hot 100 chart for the week of February 14, 2026?",KXRANKLISTSONGBBH100-26FEB14-GIR,"girl, get up.",0.0,1.0,0.0,0.0,,0.0,1,2026-02-14 15:00:00+00:00,106.55
Entertainment,KXRANKLISTSONGBBH100-26FEB14,"Which songs will be on the Billboard Hot 100 chart for the week of February 14, 2026?",KXRANKLISTSONGBBH100-26FEB14-GAB,Gabriela,0.0,1.0,0.0,0.0,,0.0,1,2026-02-14 15:00:00+00:00,106.55
Entertainment,KXRANKLISTSONGBBH100-26FEB14,"Which songs will be on the Billboard Hot 100 chart for the week of February 14, 2026?",KXRANKLISTSONGBBH100-26FEB14-FAT,Father Figure,0.0,1.0,0.51,0.51,,0.0,1,2026-02-14 15:00:00+00:00,106.55
Entertainment,KXRANKLISTSONGBBH100-26FEB14,"Which songs will be on the Billboard Hot 100 chart for the week of February 14, 2026?",KXRANKLISTSONGBBH100-26FEB14-FAM,Fame is a Gun,0.0,1.0,0.0,0.0,,0.0,1,2026-02-14 15:00:00+00:00,106.55
Entertainment,KXRANKLISTSONGBBH100-26FEB14,"Which songs will be on the Billboard Hot 100 chart for the week of February 14, 2026?",KXRANKLISTSONGBBH100-26FEB14-ELI,Elizabeth Taylor,0.0,1.0,0.0,0.0,,0.0,1,2026-02-14 15:00:00+00:00,106.55
Entertainment,KXRANKLISTSONGBBH100-26FEB14,"Which songs will be on the Billboard Hot 100 chart for the week of February 14, 2026?",KXRANKLISTSONGBBH100-26FEB14-BIT,bittersweet,0.0,1.0,0.0,0.0,,0.0,1,2026-02-14 15:00:00+00:00,106.55
Entertainment,KXRANKLISTSONGBBH100-26FEB14,"Which songs will be on the Billboard Hot 100 chart for the week of February 14, 2026?",KXRANKLISTSONGBBH100-26FEB14-BIG,Big Guy,0.0,1.0,0.0,0.0,,0.0,1,2026-02-14 15:00:00+00:00,106.55
Politics,KXCPICOMBO-26JAN,January 2026 CPI Combo: CPI & CPI (YoY),KXCPICOMBO-26JAN-0024,"CPI: Above 0.0%, YOYCPI: Above 2.4%",0.46,0.6,0.53,0.5,0.14,56295.85,1,2026-02-11 15:00:00+00:00,34.55
Politics,KXCPICOMBO-26JAN,January 2026 CPI Combo: CPI & CPI (YoY),KXCPICOMBO-26JAN-0123,"CPI: Above -0.1%, YOYCPI: Above 2.3%",0.75,0.77,0.76,0.75,0.02,53696.19,1,2026-02-11 15:00:00+00:00,34.55
Politics,KXDHSFUND,When will DHS be funded again?,KXDHSFUND-26FEB13,"Before Feb 13, 2026",0.04,0.05,0.045,0.04,0.01,47576.46,1,2026-02-13 15:00:00+00:00,82.55
Politics,KXCPICOMBO-26JAN,January 2026 CPI Combo: CPI & CPI (YoY),KXCPICOMBO-26JAN-0224,"CPI: Above 0.2%, YOYCPI: Above 2.4%",0.3,0.49,0.395,0.54,0.19,39666.76,1,2026-02-11 15:00:00+00:00,34.55
Politics,KXCPICOMBO-26JAN,January 2026 CPI Combo: CPI & CPI (YoY),KXCPICOMBO-26JAN-0125,"CPI: Above 0.1%, YOYCPI: Above 2.5%",0.24,0.38,0.31,0.28,0.14,25669.88,1,2026-02-11 15:00:00+00:00,34.55
Politics,KXCPICOMBO-26JAN,January 2026 CPI Combo: CPI & CPI (YoY),KXCPICOMBO-26JAN-01226,"CPI: Above 0.2%, YOYCPI: Above 2.6%",0.07,0.1,0.085,0.1,0.03,24997.39,1,2026-02-11 15:00:00+00:00,34.55
Politics,KXDHSFUND,When will DHS be funded again?,KXDHSFUND-26FEB14,"Before Feb 14, 2026",0.25,0.28,0.265,0.3,0.03,14302.8,1,2026-02-14 15:00:00+00:00,106.55
Politics,KXDHSFUND,When will DHS be funded again?,KXDHSFUND-26FEB15,"Before Feb 15, 2026",0.27,0.31,0.29,0.31,0.04,13619.53,1,2026-02-15 15:00:00+00:00,130.55
Politics,KXDHSFUNDING,When will DHS receive full-year funding?,KXDHSFUNDING-26FEB14,"Before Feb 14, 2026",0.04,0.08,0.06,0.07,0.04,11657.64,1,2026-02-14 15:00:00+00:00,106.55
Politics,KXDHSFUND,When will DHS be funded again?,KXDHSFUND-26FEB17,"Before Feb 17, 2026",0.35,0.37,0.36,0.34,0.02,10019.42,1,2026-02-17 15:00:00+00:00,178.55
Politics,KXNURSESTRIKE-26,When will the NYC nurse strike end?,KXNURSESTRIKE-26-FEB15,"Before Feb 15, 2026",0.26,0.49,0.375,0.5,0.23,8786.95,1,2026-02-15 04:59:00+00:00,120.53
Politics,KXDHSFUND,When will DHS be funded again?,KXDHSFUND-26FEB16,"Before Feb 16, 2026",0.25,0.3,0.275,0.13,0.05,6735.43,1,2026-02-16 15:00:00+00:00,154.55
Politics,KXSCOTUSVRARELEASE,When will the Supreme Court issue an opinion on the Voting Rights Act?,KXSCOTUSVRARELEASE-26FEB13,"Before Feb 13, 2026",0.01,0.03,0.02,0.01,0.02,4311.55,1,2026-02-13 04:59:00+00:00,72.53
Politics,KXPOILIEVREOUT-26FEB15,Pierre Poilievre out as Conservative Party leader?,KXPOILIEVREOUT-26FEB15,"Before Feb 15, 2026",0.0,0.01,0.01,0.01,,3438.22,1,2026-02-15 04:59:00+00:00,120.53
Politics,KXVOTEBONDIIMPEACH,Will the House vote on any resolution impeaching Pam Bondi?,KXVOTEBONDIIMPEACH-26-FEB13,"Before Feb 13, 2026",0.01,0.02,0.015,0.01,0.01,1543.1,1,2026-02-13 15:00:00+00:00,82.55
Sports,KXNBAGAME-26FEB05GSWPHX,Golden State at Phoenix,KXNBAGAME-26FEB05GSWPHX-PHX,Phoenix,0.65,0.66,0.655,0.66,0.01,4971557.54,1,2026-02-20 03:00:00+00:00,238.55
Sports,KXNBAGAME-26FEB05GSWPHX,Golden State at Phoenix,KXNBAGAME-26FEB05GSWPHX-GSW,Golden State,0.34,0.35,0.345,0.35,0.01,4473548.86,1,2026-02-20 03:00:00+00:00,238.55
Sports,KXNBAGAME-26FEB05PHILAL,Philadelphia at Los Angeles L,KXNBAGAME-26FEB05PHILAL-LAL,Los Angeles L,0.56,0.57,0.565,0.57,0.01,4347494.45,1,2026-02-20 03:00:00+00:00,238.55
Sports,KXNBAGAME-26FEB05PHILAL,Philadelphia at Los Angeles L,KXNBAGAME-26FEB05PHILAL-PHI,Philadelphia,0.44,0.45,0.445,0.45,0.01,4299527.66,1,2026-02-20 03:00:00+00:00,238.55
Sports,KXNHLGAME-26FEB05LAVGK,Los Angeles at Vegas,KXNHLGAME-26FEB05LAVGK-VGK,VGK Golden Knights,0.56,0.57,0.565,0.57,0.01,3299900.67,1,2026-02-20 03:00:00+00:00,238.55
Sports,KXNCAAMBGAME-26FEB05UCSBUCD,UC Santa Barbara at UC Davis,KXNCAAMBGAME-26FEB05UCSBUCD-UCSB,UC Santa Barbara,0.4,0.42,0.41,0.41,0.02,3124189.21,1,2026-02-20 02:00:00+00:00,237.55
Sports,KXNCAAMBGAME-26FEB05UCSBUCD,UC Santa Barbara at UC Davis,KXNCAAMBGAME-26FEB05UCSBUCD-UCD,UC Davis,0.58,0.6,0.59,0.6,0.02,3121696.48,1,2026-02-20 02:00:00+00:00,237.55
Sports,KXNHLGAME-26FEB05LAVGK,Los Angeles at Vegas,KXNHLGAME-26FEB05LAVGK-LA,LA Kings,0.44,0.45,0.445,0.45,0.01,3074789.14,1,2026-02-20 03:00:00+00:00,238.55
Sports,KXNBAGAME-26FEB05SASDAL,San Antonio at Dallas,KXNBAGAME-26FEB05SASDAL-SAS,San Antonio,0.88,0.9,0.89,0.89,0.02,2935862.83,1,2026-02-20 01:30:00+00:00,237.05
Sports,KXNBASPREAD-26FEB05SASDAL,San Antonio at Dallas: Spread,KXNBASPREAD-26FEB05SASDAL-DAL10,Dallas wins by over 10.5 Points,0.02,0.04,0.03,0.03,0.02,2859099.67,1,2026-02-20 01:30:00+00:00,237.05
Sports,KXNBAGAME-26FEB05CHAHOU,Charlotte at Houston,KXNBAGAME-26FEB05CHAHOU-CHA,Charlotte,0.83,0.84,0.835,0.84,0.01,2775733.99,1,2026-02-20 01:00:00+00:00,236.55
Sports,KXNBAGAME-26FEB05CHAHOU,Charlotte at Houston,KXNBAGAME-26FEB05CHAHOU-HOU,Houston,0.15,0.17,0.16,0.17,0.02,2754173.38,1,2026-02-20 01:00:00+00:00,236.55
Sports,KXNCAAMBSPREAD-26FEB05MEMUAB,Memphis at UAB: Spread,KXNCAAMBSPREAD-26FEB05MEMUAB-UAB16,UAB wins by over 16.5 Points,0.02,0.06,0.04,0.02,0.04,2753966.39,1,2026-02-20 02:00:00+00:00,237.55
Sports,KXNBASPREAD-26FEB05PHILAL,Philadelphia at Los Angeles L: Spread,KXNBASPREAD-26FEB05PHILAL-PHI11,Philadelphia wins by over 11.5 Points,0.14,0.16,0.15,0.16,0.02,2681114.26,1,2026-02-20 03:00:00+00:00,238.55
Sports,KXNBASPREAD-26FEB05GSWPHX,Golden State at Phoenix: Spread,KXNBASPREAD-26FEB05GSWPHX-GSW9,Golden State wins by over 9.5 Points,0.12,0.15,0.135,0.15,0.03,2680473.94,1,2026-02-20 03:00:00+00:00,238.55
Sports,KXNBASPREAD-26FEB05PHILAL,Philadelphia at Los Angeles L: Spread,KXNBASPREAD-26FEB05PHILAL-LAL19,Los Angeles L wins by over 19.5 Points,0.07,0.1,0.085,0.07,0.03,2679026.78,1,2026-02-20 03:00:00+00:00,238.55
Sports,KXNBASPREAD-26FEB05GSWPHX,Golden State at Phoenix: Spread,KXNBASPREAD-26FEB05GSWPHX-PHX21,Phoenix wins by over 21.5 Points,0.1,0.12,0.11,0.12,0.02,2676975.78,1,2026-02-20 03:00:00+00:00,238.55
Sports,KXNBAGAME-26FEB05SASDAL,San Antonio at Dallas,KXNBAGAME-26FEB05SASDAL-DAL,Dallas,0.1,0.11,0.105,0.1,0.01,2654145.43,1,2026-02-20 01:30:00+00:00,237.05
Sports,KXNCAAWBGAME-26FEB05LSUTEX,LSU at Texas,KXNCAAWBGAME-26FEB05LSUTEX-LSU,LSU,0.42,0.45,0.435,0.41,0.03,2615922.6,1,2026-02-20 02:00:00+00:00,237.55
Sports,KXNCAAWBGAME-26FEB05LSUTEX,LSU at Texas,KXNCAAWBGAME-26FEB05LSUTEX-TEX,Texas,0.54,0.56,0.55,0.56,0.02,2613065.99,1,2026-02-20 02:00:00+00:00,237.55
Sports,KXNBASPREAD-26FEB05GSWPHX,Golden State at Phoenix: Spread,KXNBASPREAD-26FEB05GSWPHX-PHX6,Phoenix wins by over 6.5 Points,0.46,0.47,0.465,0.47,0.01,2456877.82,1,2026-02-20 03:00:00+00:00,238.55
Sports,KXNCAAMBSPREAD-26FEB05MEMUAB,Memphis at UAB: Spread,KXNCAAMBSPREAD-26FEB05MEMUAB-UAB13,UAB wins by over 13.5 Points,0.02,0.06,0.04,0.03,0.04,2436270.48,1,2026-02-20 02:00:00+00:00,237.55
Sports,KXNCAAWBGAME-26FEB05OSUWASH,Ohio St. at Washington,KXNCAAWBGAME-26FEB05OSUWASH-OSU,Ohio St.,0.64,0.66,0.65,0.66,0.02,2403394.93,1,2026-02-20 02:00:00+00:00,237.55
Sports,KXNCAAWBGAME-26FEB05OSUWASH,Ohio St. at Washington,KXNCAAWBGAME-26FEB05OSUWASH-WASH,Washington,0.32,0.35,0.335,0.35,0.03,2402465.1,1,2026-02-20 02:00:00+00:00,237.55
Sports,KXNBASPREAD-26FEB05SASDAL,San Antonio at Dallas: Spread,KXNBASPREAD-26FEB05SASDAL-DAL7,Dallas wins by over 7.5 Points,0.03,0.04,0.035,0.03,0.01,2335605.62,1,2026-02-20 01:30:00+00:00,237.05
Sports,KXNBASPREAD-26FEB05PHILAL,Philadelphia at Los Angeles L: Spread,KXNBASPREAD-26FEB05PHILAL-PHI8,Philadelphia wins by over 8.5 Points,0.21,0.22,0.215,0.24,0.01,2332419.76,1,2026-02-20 03:00:00+00:00,238.55
Sports,KXNBASPREAD-26FEB05PHILAL,Philadelphia at Los Angeles L: Spread,KXNBASPREAD-26FEB05PHILAL-LAL16,Los Angeles L wins by over 16.5 Points,0.11,0.13,0.12,0.14,0.02,2331692.29,1,2026-02-20 03:00:00+00:00,238.55
Sports,KXNBASPREAD-26FEB05GSWPHX,Golden State at Phoenix: Spread,KXNBASPREAD-26FEB05GSWPHX-GSW6,Golden State wins by over 6.5 Points,0.18,0.2,0.19,0.21,0.02,2329920.99,1,2026-02-20 03:00:00+00:00,238.55
Sports,KXNBASPREAD-26FEB05GSWPHX,Golden State at Phoenix: Spread,KXNBASPREAD-26FEB05GSWPHX-PHX18,Phoenix wins by over 18.5 Points,0.15,0.17,0.16,0.13,0.02,2329587.27,1,2026-02-20 03:00:00+00:00,238.55
Sports,KXNBASPREAD-26FEB05SASDAL,San Antonio at Dallas: Spread,KXNBASPREAD-26FEB05SASDAL-SAS20,San Antonio wins by over 20.5 Points,0.21,0.22,0.215,0.19,0.01,2313447.02,1,2026-02-20 01:30:00+00:00,237.05
Sports,KXNCAAMBGAME-26FEB05MEMUAB,Memphis at UAB,KXNCAAMBGAME-26FEB05MEMUAB-MEM,Memphis,0.67,0.68,0.675,0.68,0.01,2309834.18,1,2026-02-20 02:00:00+00:00,237.55
Sports,KXNCAAMBGAME-26FEB05MEMUAB,Memphis at UAB,KXNCAAMBGAME-26FEB05MEMUAB-UAB,UAB,0.29,0.3,0.295,0.3,0.01,2302626.02,1,2026-02-20 02:00:00+00:00,237.55
Sports,KXNBASPREAD-26FEB05PHILAL,Philadelphia at Los Angeles L: Spread,KXNBASPREAD-26FEB05PHILAL-LAL1,Los Angeles L wins by over 1.5 Points,0.53,0.54,0.535,0.54,0.01,2289160.11,1,2026-02-20 03:00:00+00:00,238.55
Sports,KXNCAAMBGAME-26FEB05CSNCP,Cal State Northridge at Cal Poly,KXNCAAMBGAME-26FEB05CSNCP-CSN,Cal State Northridge,0.56,0.57,0.565,0.57,0.01,2246886.02,1,2026-02-20 03:00:00+00:00,238.55
Sports,KXNCAAMBGAME-26FEB05CSNCP,Cal State Northridge at Cal Poly,KXNCAAMBGAME-26FEB05CSNCP-CP,Cal Poly,0.44,0.45,0.445,0.45,0.01,2242233.97,1,2026-02-20 03:00:00+00:00,238.55
Sports,KXNBASPREAD-26FEB05PHILAL,Philadelphia at Los Angeles L: Spread,KXNBASPREAD-26FEB05PHILAL-LAL4,Los Angeles L wins by over 4.5 Points,0.41,0.43,0.42,0.43,0.02,2212364.23,1,2026-02-20 03:00:00+00:00,238.55
Sports,KXNBASPREAD-26FEB05GSWPHX,Golden State at Phoenix: Spread,KXNBASPREAD-26FEB05GSWPHX-PHX3,Phoenix wins by over 3.5 Points,0.58,0.59,0.585,0.59,0.01,2157665.57,1,2026-02-20 03:00:00+00:00,238.55
Sports,KXNCAAMBSPREAD-26FEB05MEMUAB,Memphis at UAB: Spread,KXNCAAMBSPREAD-26FEB05MEMUAB-UAB10,UAB wins by over 10.5 Points,0.04,0.1,0.07,0.05,0.06,2117983.15,1,2026-02-20 02:00:00+00:00,237.55
Sports,KXNBASPREAD-26FEB05PHILAL,Philadelphia at Los Angeles L: Spread,KXNBASPREAD-26FEB05PHILAL-PHI2,Philadelphia wins by over 2.5 Points,0.38,0.4,0.39,0.4,0.02,2043232.44,1,2026-02-20 03:00:00+00:00,238.55
Sports,KXNBASPREAD-26FEB05PHILAL,Philadelphia at Los Angeles L: Spread,KXNBASPREAD-26FEB05PHILAL-LAL7,Los Angeles L wins by over 7.5 Points,0.3,0.35,0.325,0.3,0.05,2032873.27,1,2026-02-20 03:00:00+00:00,238.55
Sports,KXNBASPREAD-26FEB05GSWPHX,Golden State at Phoenix: Spread,KXNBASPREAD-26FEB05GSWPHX-PHX9,Phoenix wins by over 9.5 Points,0.35,0.38,0.365,0.38,0.03,2028246.97,1,2026-02-20 03:00:00+00:00,238.55
Sports,KXNBASPREAD-26FEB05PHILAL,Philadelphia at Los Angeles L: Spread,KXNBASPREAD-26FEB05PHILAL-LAL10,Los Angeles L wins by over 10.5 Points,0.23,0.26,0.245,0.23,0.03,2005942.21,1,2026-02-20 03:00:00+00:00,238.55
Sports,KXNBASPREAD-26FEB05GSWPHX,Golden State at Phoenix: Spread,KXNBASPREAD-26FEB05GSWPHX-PHX12,Phoenix wins by over 12.5 Points,0.29,0.3,0.295,0.3,0.01,2004358.11,1,2026-02-20 03:00:00+00:00,238.55
Sports,KXNCAAMBSPREAD-26FEB05TARLCBU,Tarleton St. at California Baptist: Spread,KXNCAAMBSPREAD-26FEB05TARLCBU-TARL5,Tarleton St. wins by over 5.5 Points,0.03,0.11,0.07,0.0,0.08,1977945.13,1,2026-02-20 03:00:00+00:00,238.55
Sports,KXNCAAMBSPREAD-26FEB05LBSUUCSD,Long Beach St. at UC San Diego: Spread,KXNCAAMBSPREAD-26FEB05LBSUUCSD-LBSU6,Long Beach St. wins by over 6.5 Points,0.03,0.12,0.075,0.0,0.09,1977304.03,1,2026-02-20 03:00:00+00:00,238.55
Sports,KXNCAAMBSPREAD-26FEB05CSNCP,Cal State Northridge at Cal Poly: Spread,KXNCAAMBSPREAD-26FEB05CSNCP-CP14,Cal Poly wins by over 14.5 Points,0.03,0.11,0.07,0.0,0.08,1976843.7,1,2026-02-20 03:00:00+00:00,238.55
Sports,KXNCAAMBGAME-26FEB05OSUMD,Ohio St. at Maryland,KXNCAAMBGAME-26FEB05OSUMD-OSU,Ohio St.,0.92,0.93,0.925,0.93,0.01,1974952.2,1,2026-02-20 01:30:00+00:00,237.05
Sports,KXNCAAMBGAME-26FEB05OSUMD,Ohio St. at Maryland,KXNCAAMBGAME-26FEB05OSUMD-MD,Maryland,0.07,0.08,0.075,0.07,0.01,1971255.47,1,2026-02-20 01:30:00+00:00,237.05
Sports,KXNCAAMBGAME-26FEB05UCRVCSF,UC Riverside at Cal State Fullerton,KXNCAAMBGAME-26FEB05UCRVCSF-UCRV,UC Riverside,0.29,0.3,0.295,0.3,0.01,1968710.15,1,2026-02-20 03:00:00+00:00,238.55
Sports,KXNCAAMBGAME-26FEB05UCRVCSF,UC Riverside at Cal State Fullerton,KXNCAAMBGAME-26FEB05UCRVCSF-CSF,Cal State Fullerton,0.7,0.71,0.705,0.71,0.01,1967889.17,1,2026-02-20 03:00:00+00:00,238.55
Sports,KXNCAAMBSPREAD-26FEB05JVSTWKU,Jacksonville St. at Western Kentucky: Spread,KXNCAAMBSPREAD-26FEB05JVSTWKU-JVST12,Jacksonville St. wins by over 12.5 Points,0.03,0.08,0.055,0.0,0.05,1951365.96,1,2026-02-20 02:00:00+00:00,237.55
Sports,KXNCAAMBSPREAD-26FEB05EWUMONT,Eastern Washington at Montana: Spread,KXNCAAMBSPREAD-26FEB05EWUMONT-EWU9,Eastern Washington wins by over 9.5 Points,0.03,0.09,0.06,0.0,0.06,1866966.57,1,2026-02-20 02:00:00+00:00,237.55
Sports,KXNCAAMBSPREAD-26FEB05UCSBUCD,UC Santa Barbara at UC Davis: Spread,KXNCAAMBSPREAD-26FEB05UCSBUCD-UCD13,UC Davis wins by over 13.5 Points,0.03,0.25,0.14,0.0,0.22,1856936.34,1,2026-02-20 02:00:00+00:00,237.55
Sports,KXNCAAMBSPREAD-26FEB05UCRVCSF,UC Riverside at Cal State Fullerton: Spread,KXNCAAMBSPREAD-26FEB05UCRVCSF-UCRV9,UC Riverside wins by over 9.5 Points,0.04,0.12,0.08,0.0,0.08,1855151.58,1,2026-02-20 03:00:00+00:00,238.55
Sports,KXNCAAMBSPREAD-26FEB05CSBUCI,Cal State Bakersfield at UC Irvine: Spread,KXNCAAMBSPREAD-26FEB05CSBUCI-UCI31,UC Irvine wins by over 31.5 Points,0.05,0.15,0.1,0.0,0.1,1854771.51,1,2026-02-20 03:00:00+00:00,238.55
Sports,KXNCAAMBSPREAD-26FEB05UCRVCSF,UC Riverside at Cal State Fullerton: Spread,KXNCAAMBSPREAD-26FEB05UCRVCSF-CSF21,Cal State Fullerton wins by over 21.5 Points,0.03,0.11,0.07,0.0,0.08,1852416.81,1,2026-02-20 03:00:00+00:00,238.55
Sports,KXNCAAMBSPREAD-26FEB05IDHOMTST,Idaho at Montana St.: Spread,KXNCAAMBSPREAD-26FEB05IDHOMTST-IDHO12,Idaho wins by over 12.5 Points,0.02,0.06,0.04,0.02,0.04,1848748.84,1,2026-02-20 02:00:00+00:00,237.55
Sports,KXNCAAMBGAME-26FEB06LCHIDAV,Loyola Chicago at Davidson,KXNCAAMBGAME-26FEB06LCHIDAV-LCHI,Loyola Chicago,0.12,0.13,0.125,0.13,0.01,1845866.06,1,2026-02-20 23:00:00+00:00,258.55
Sports,KXNCAAMBGAME-26FEB06LCHIDAV,Loyola Chicago at Davidson,KXNCAAMBGAME-26FEB06LCHIDAV-DAV,Davidson,0.86,0.87,0.865,0.87,0.01,1844246.04,1,2026-02-20 23:00:00+00:00,258.55
Sports,KXNCAAMBSPREAD-26FEB05MEMUAB,Memphis at UAB: Spread,KXNCAAMBSPREAD-26FEB05MEMUAB-UAB7,UAB wins by over 7.5 Points,0.08,0.13,0.105,0.06,0.05,1835084.3,1,2026-02-20 02:00:00+00:00,237.55
Sports,KXNBASPREAD-26FEB05SASDAL,San Antonio at Dallas: Spread,KXNBASPREAD-26FEB05SASDAL-DAL4,Dallas wins by over 4.5 Points,0.05,0.06,0.055,0.06,0.01,1829302.56,1,2026-02-20 01:30:00+00:00,237.05
Sports,KXNBATOTAL-26FEB05GSWPHX,Golden State at Phoenix: Total Points,KXNBATOTAL-26FEB05GSWPHX-214,Over 214.5 points scored,0.47,0.48,0.475,0.48,0.01,1805651.65,1,2026-02-20 03:00:00+00:00,238.55
Sports,KXNBATOTAL-26FEB05PHILAL,Philadelphia at Los Angeles L: Total Points,KXNBATOTAL-26FEB05PHILAL-235,Over 235.5 points scored,0.51,0.52,0.515,0.51,0.01,1802800.51,1,2026-02-20 03:00:00+00:00,238.55
Sports,KXNBASPREAD-26FEB05PHILAL,Philadelphia at Los Angeles L: Spread,KXNBASPREAD-26FEB05PHILAL-LAL13,Los Angeles L wins by over 13.5 Points,0.15,0.18,0.165,0.2,0.03,1785376.24,1,2026-02-20 03:00:00+00:00,238.55
Sports,KXNBASPREAD-26FEB05PHILAL,Philadelphia at Los Angeles L: Spread,KXNBASPREAD-26FEB05PHILAL-PHI5,Philadelphia wins by over 5.5 Points,0.29,0.32,0.305,0.32,0.03,1784320.12,1,2026-02-20 03:00:00+00:00,238.55
Sports,KXNBASPREAD-26FEB05GSWPHX,Golden State at Phoenix: Spread,KXNBASPREAD-26FEB05GSWPHX-PHX15,Phoenix wins by over 15.5 Points,0.21,0.23,0.22,0.24,0.02,1783827.46,1,2026-02-20 03:00:00+00:00,238.55
Sports,KXNBASPREAD-26FEB05GSWPHX,Golden State at Phoenix: Spread,KXNBASPREAD-26FEB05GSWPHX-GSW3,Golden State wins by over 3.5 Points,0.25,0.26,0.255,0.24,0.01,1782433.5,1,2026-02-20 03:00:00+00:00,238.55
Sports,KXNCAAMBSPREAD-26FEB05LBSUUCSD,Long Beach St. at UC San Diego: Spread,KXNCAAMBSPREAD-26FEB05LBSUUCSD-UCSD24,UC San Diego wins by over 24.5 Points,0.05,0.16,0.105,0.0,0.11,1764752.74,1,2026-02-20 03:00:00+00:00,238.55
Sports,KXNCAAMBSPREAD-26FEB05TARLCBU,Tarleton St. at California Baptist: Spread,KXNCAAMBSPREAD-26FEB05TARLCBU-CBU25,California Baptist wins by over 25.5 Points,0.03,0.13,0.08,0.0,0.1,1764061.96,1,2026-02-20 03:00:00+00:00,238.55
Sports,KXNCAAMBSPREAD-26FEB05CSNCP,Cal State Northridge at Cal Poly: Spread,KXNCAAMBSPREAD-26FEB05CSNCP-CSN16,Cal State Northridge wins by over 16.5 Points,0.03,0.11,0.07,0.0,0.08,1763773.56,1,2026-02-20 03:00:00+00:00,238.55
Sports,KXNCAAMBSPREAD-26FEB05UNCOWEB,Northern Colorado at Weber St.: Spread,KXNCAAMBSPREAD-26FEB05UNCOWEB-UNCO16,Northern Colorado wins by over 16.5 Points,0.08,0.16,0.12,0.36,0.08,1757403.81,1,2026-02-20 02:00:00+00:00,237.55
Sports,KXNBATOTAL-26FEB05SASDAL,San Antonio at Dallas: Total Points,KXNBATOTAL-26FEB05SASDAL-212,Over 212.5 points scored,0.96,1.0,0.98,0.99,0.04,1750766.42,1,2026-02-20 01:30:00+00:00,237.05
Sports,KXNCAAMBGAME-26JAN29SFPACHS,St. Francis (PA) at Chicago St.,KXNCAAMBGAME-26JAN29SFPACHS-SFPA,St. Francis (PA),0.43,0.49,0.46,0.49,0.06,1750103.27,1,2026-02-13 00:00:00+00:00,67.55
Sports,KXNCAAMBGAME-26JAN29SFPACHS,St. Francis (PA) at Chicago St.,KXNCAAMBGAME-26JAN29SFPACHS-CHS,Chicago St.,0.54,0.6,0.57,0.54,0.06,1748395.68,1,2026-02-13 00:00:00+00:00,67.55
Sports,KXNBATOTAL-26FEB05PHILAL,Philadelphia at Los Angeles L: Total Points,KXNBATOTAL-26FEB05PHILAL-217,Over 217.5 points scored,0.84,0.85,0.845,0.85,0.01,1748158.64,1,2026-02-20 03:00:00+00:00,238.55
Sports,KXNCAAMBSPREAD-26FEB05UNCOWEB,Northern Colorado at Weber St.: Spread,KXNCAAMBSPREAD-26FEB05UNCOWEB-WEB14,Weber St. wins by over 14.5 Points,0.03,0.05,0.04,0.03,0.02,1734192.78,1,2026-02-20 02:00:00+00:00,237.55
Sports,KXNCAAMBSPREAD-26FEB05NAUIDST,Northern Arizona at Idaho St.: Spread,KXNCAAMBSPREAD-26FEB05NAUIDST-IDST23,Idaho St. wins by over 23.5 Points,0.03,0.06,0.045,0.0,0.03,1734078.47,1,2026-02-20 02:00:00+00:00,237.55
Sports,KXNBATOTAL-26FEB05SASDAL,San Antonio at Dallas: Total Points,KXNBATOTAL-26FEB05SASDAL-209,Over 209.5 points scored,0.96,1.0,0.98,0.99,0.04,1724993.73,1,2026-02-20 01:30:00+00:00,237.05
Sports,KXNBATOTAL-26FEB05SASDAL,San Antonio at Dallas: Total Points,KXNBATOTAL-26FEB05SASDAL-215,Over 215.5 points scored,0.96,1.0,0.98,0.99,0.04,1718808.45,1,2026-02-20 01:30:00+00:00,237.05
Sports,KXNBATOTAL-26FEB05GSWPHX,Golden State at Phoenix: Total Points,KXNBATOTAL-26FEB05GSWPHX-235,Over 235.5 points scored,0.12,0.14,0.13,0.13,0.02,1712531.27,1,2026-02-20 03:00:00+00:00,238.55
Sports,KXNCAAMBSPREAD-26FEB05NAUIDST,Northern Arizona at Idaho St.: Spread,KXNCAAMBSPREAD-26FEB05NAUIDST-NAU7,Northern Arizona wins by over 7.5 Points,0.09,0.23,0.16,0.23,0.14,1692670.77,1,2026-02-20 02:00:00+00:00,237.55
Sports,KXNBATOTAL-26FEB05SASDAL,San Antonio at Dallas: Total Points,KXNBATOTAL-26FEB05SASDAL-218,Over 218.5 points scored,0.97,1.0,0.985,0.99,0.03,1689062.55,1,2026-02-20 01:30:00+00:00,237.05
Sports,KXNBATOTAL-26FEB05PHILAL,Philadelphia at Los Angeles L: Total Points,KXNBATOTAL-26FEB05PHILAL-247,Over 247.5 points scored,0.27,0.28,0.275,0.28,0.01,1684038.24,1,2026-02-20 03:00:00+00:00,238.55
Sports,KXNBATOTAL-26FEB05GSWPHX,Golden State at Phoenix: Total Points,KXNBATOTAL-26FEB05GSWPHX-232,Over 232.5 points scored,0.14,0.17,0.155,0.18,0.03,1681248.89,1,2026-02-20 03:00:00+00:00,238.55
Sports,KXNBATOTAL-26FEB05SASDAL,San Antonio at Dallas: Total Points,KXNBATOTAL-26FEB05SASDAL-221,Over 221.5 points scored,0.96,0.99,0.975,0.99,0.03,1673991.67,1,2026-02-20 01:30:00+00:00,237.05
Sports,KXNCAAMBSPREAD-26FEB05JVSTWKU,Jacksonville St. at Western Kentucky: Spread,KXNCAAMBSPREAD-26FEB05JVSTWKU-JVST9,Jacksonville St. wins by over 9.5 Points,0.03,0.11,0.07,0.1,0.08,1669941.6,1,2026-02-20 02:00:00+00:00,237.55
Sports,KXNCAAMBSPREAD-26FEB05LBSUUCSD,Long Beach St. at UC San Diego: Spread,KXNCAAMBSPREAD-26FEB05LBSUUCSD-LBSU3,Long Beach St. wins by over 3.5 Points,0.09,0.16,0.125,0.0,0.07,1665944.12,1,2026-02-20 03:00:00+00:00,238.55
Sports,KXNCAAMBSPREAD-26FEB05CSNCP,Cal State Northridge at Cal Poly: Spread,KXNCAAMBSPREAD-26FEB05CSNCP-CP11,Cal Poly wins by over 11.5 Points,0.12,0.15,0.135,0.0,0.03,1665899.94,1,2026-02-20 03:00:00+00:00,238.55
Sports,KXNCAAMBSPREAD-26FEB05TARLCBU,Tarleton St. at California Baptist: Spread,KXNCAAMBSPREAD-26FEB05TARLCBU-TARL2,Tarleton St. wins by over 2.5 Points,0.08,0.13,0.105,0.19,0.05,1665145.74,1,2026-02-20 03:00:00+00:00,238.55
Sports,KXNCAAMBSPREAD-26FEB05CSBUCI,Cal State Bakersfield at UC Irvine: Spread,KXNCAAMBSPREAD-26FEB05CSBUCI-UCI1,UC Irvine wins by over 1.5 Points,0.88,0.97,0.925,0.0,0.09,1660291.62,1,2026-02-20 03:00:00+00:00,238.55
Sports,KXNBATOTAL-26FEB05SASDAL,San Antonio at Dallas: Total Points,KXNBATOTAL-26FEB05SASDAL-224,Over 224.5 points scored,0.95,0.99,0.97,0.96,0.04,1660040.08,1,2026-02-20 01:30:00+00:00,237.05
Sports,KXNBATOTAL-26FEB05SASDAL,San Antonio at Dallas: Total Points,KXNBATOTAL-26FEB05SASDAL-227,Over 227.5 points scored,0.94,0.97,0.955,0.94,0.03,1658006.36,1,2026-02-20 01:30:00+00:00,237.05
Sports,KXNCAAWBGAME-26JAN31ARSTGASO,Arkansas St. at Georgia Southern,KXNCAAWBGAME-26JAN31ARSTGASO-ARST,Arkansas St.,0.38,0.53,0.455,0.42,0.15,1655329.88,1,2026-02-14 19:00:00+00:00,110.55
Sports,KXNCAAMBSPREAD-26FEB05EWUMONT,Eastern Washington at Montana: Spread,KXNCAAMBSPREAD-26FEB05EWUMONT-MONT21,Montana wins by over 21.5 Points,0.03,0.09,0.06,0.11,0.06,1650474.12,1,2026-02-20 02:00:00+00:00,237.55
Sports,KXNCAAMBSPREAD-26FEB05UCSBUCD,UC Santa Barbara at UC Davis: Spread,KXNCAAMBSPREAD-26FEB05UCSBUCD-UCSB17,UC Santa Barbara wins by over 17.5 Points,0.03,0.06,0.045,0.0,0.03,1650275.93,1,2026-02-20 02:00:00+00:00,237.55
Sports,KXNBATOTAL-26FEB05PHILAL,Philadelphia at Los Angeles L: Total Points,KXNBATOTAL-26FEB05PHILAL-244,Over 244.5 points scored,0.32,0.34,0.33,0.32,0.02,1649262.16,1,2026-02-20 03:00:00+00:00,238.55
Sports,KXNBATOTAL-26FEB05SASDAL,San Antonio at Dallas: Total Points,KXNBATOTAL-26FEB05SASDAL-230,Over 230.5 points scored,0.85,0.95,0.9,0.94,0.1,1646990.62,1,2026-02-20 01:30:00+00:00,237.05
Sports,KXNBATOTAL-26FEB05GSWPHX,Golden State at Phoenix: Total Points,KXNBATOTAL-26FEB05GSWPHX-217,Over 217.5 points scored,0.39,0.42,0.405,0.42,0.03,1646132.4,1,2026-02-20 03:00:00+00:00,238.55
Sports,KXNBAGAME-26FEB05CHITOR,Chicago at Toronto,KXNBAGAME-26FEB05CHITOR-TOR,Toronto,0.99,1.0,0.995,0.99,0.01,1645587.9,1,2026-02-20 00:30:00+00:00,236.05
Sports,KXNBAGAME-26FEB05CHITOR,Chicago at Toronto,KXNBAGAME-26FEB05CHITOR-CHI,Chicago,0.0,0.01,0.01,0.01,,1643529.01,1,2026-02-20 00:30:00+00:00,236.05
Sports,KXNCAAWBGAME-26FEB05MISSALA,Ole Miss at Alabama,KXNCAAWBGAME-26FEB05MISSALA-ALA,Alabama,0.38,0.4,0.39,0.4,0.02,1638021.99,1,2026-02-20 02:00:00+00:00,237.55
Sports,KXNCAAWBGAME-26FEB05MISSALA,Ole Miss at Alabama,KXNCAAWBGAME-26FEB05MISSALA-MISS,Ole Miss,0.58,0.61,0.595,0.56,0.03,1635082.61,1,2026-02-20 02:00:00+00:00,237.55
Sports,KXNCAAMBTOTAL-26FEB05UCRVCSF,UC Riverside at Cal State Fullerton: Total Points,KXNCAAMBTOTAL-26FEB05UCRVCSF-140,Over 140.5 points scored,0.77,0.87,0.82,0.0,0.1,1631534.35,1,2026-02-20 03:00:00+00:00,238.55
Sports,KXNCAAWBGAME-26JAN31ARSTGASO,Arkansas St. at Georgia Southern,KXNCAAWBGAME-26JAN31ARSTGASO-GASO,Georgia Southern,0.46,0.6,0.53,0.56,0.14,1627696.9,1,2026-02-14 19:00:00+00:00,110.55
Sports,KXNCAAMBTOTAL-26FEB05TARLCBU,Tarleton St. at California Baptist: Total Points,KXNCAAMBTOTAL-26FEB05TARLCBU-126,Over 126.5 points scored,0.73,0.8,0.765,0.0,0.07,1620759.41,1,2026-02-20 03:00:00+00:00,238.55
Sports,KXNCAAMBTOTAL-26FEB05LBSUUCSD,Long Beach St. at UC San Diego: Total Points,KXNCAAMBTOTAL-26FEB05LBSUUCSD-129,Over 129.5 points scored,0.79,0.9,0.845,0.99,0.11,1619945.81,1,2026-02-20 03:00:00+00:00,238.55
Sports,KXNCAAMBTOTAL-26FEB05CSBUCI,Cal State Bakersfield at UC Irvine: Total Points,KXNCAAMBTOTAL-26FEB05CSBUCI-130,Over 130.5 points scored,0.75,0.86,0.805,0.0,0.11,1619849.43,1,2026-02-20 03:00:00+00:00,238.55
Sports,KXNBATOTAL-26FEB05PHILAL,Philadelphia at Los Angeles L: Total Points,KXNBATOTAL-26FEB05PHILAL-232,Over 232.5 points scored,0.58,0.61,0.595,0.61,0.03,1618593.34,1,2026-02-20 03:00:00+00:00,238.55
Sports,KXNCAAMBSPREAD-26FEB05IDHOMTST,Idaho at Montana St.: Spread,KXNCAAMBSPREAD-26FEB05IDHOMTST-MTST18,Montana St. wins by over 18.5 Points,0.04,0.15,0.095,0.0,0.11,1611447.02,1,2026-02-20 02:00:00+00:00,237.55
Sports,KXNBATOTAL-26FEB05SASDAL,San Antonio at Dallas: Total Points,KXNBATOTAL-26FEB05SASDAL-233,Over 233.5 points scored,0.92,0.93,0.925,0.9,0.01,1601026.03,1,2026-02-20 01:30:00+00:00,237.05
Sports,KXNBATOTAL-26FEB05PHILAL,Philadelphia at Los Angeles L: Total Points,KXNBATOTAL-26FEB05PHILAL-238,Over 238.5 points scored,0.44,0.45,0.445,0.46,0.01,1593486.93,1,2026-02-20 03:00:00+00:00,238.55
Sports,KXNCAAMBSPREAD-26FEB05CSBUCI,Cal State Bakersfield at UC Irvine: Spread,KXNCAAMBSPREAD-26FEB05CSBUCI-UCI28,UC Irvine wins by over 28.5 Points,0.14,0.21,0.175,0.0,0.07,1579585.0,1,2026-02-20 03:00:00+00:00,238.55
Sports,KXNCAAMBSPREAD-26FEB05UCSBUCD,UC Santa Barbara at UC Davis: Spread,KXNCAAMBSPREAD-26FEB05UCSBUCD-UCD10,UC Davis wins by over 10.5 Points,0.07,0.36,0.215,0.17,0.29,1578150.82,1,2026-02-20 02:00:00+00:00,237.55
Sports,KXNCAAMBSPREAD-26FEB05UCRVCSF,UC Riverside at Cal State Fullerton: Spread,KXNCAAMBSPREAD-26FEB05UCRVCSF-UCRV6,UC Riverside wins by over 6.5 Points,0.12,0.2,0.16,0.0,0.08,1577311.98,1,2026-02-20 03:00:00+00:00,238.55
Sports,KXNCAAMBSPREAD-26FEB05UCRVCSF,UC Riverside at Cal State Fullerton: Spread,KXNCAAMBSPREAD-26FEB05UCRVCSF-CSF18,Cal State Fullerton wins by over 18.5 Points,0.09,0.16,0.125,0.0,0.07,1574755.32,1,2026-02-20 03:00:00+00:00,238.55
Sports,KXNBATOTAL-26FEB05PHILAL,Philadelphia at Los Angeles L: Total Points,KXNBATOTAL-26FEB05PHILAL-229,Over 229.5 points scored,0.64,0.65,0.645,0.65,0.01,1574286.36,1,2026-02-20 03:00:00+00:00,238.55
Sports,KXNCAAMBSPREAD-26FEB05JVSTWKU,Jacksonville St. at Western Kentucky: Spread,KXNCAAMBSPREAD-26FEB05JVSTWKU-WKU18,Western Kentucky wins by over 18.5 Points,0.03,0.09,0.06,0.0,0.06,1573297.44,1,2026-02-20 02:00:00+00:00,237.55
Sports,KXNCAAMBSPREAD-26FEB05MEMUAB,Memphis at UAB: Spread,KXNCAAMBSPREAD-26FEB05MEMUAB-UAB4,UAB wins by over 4.5 Points,0.16,0.2,0.18,0.14,0.04,1570881.99,1,2026-02-20 02:00:00+00:00,237.55
Sports,KXNBATOTAL-26FEB05GSWPHX,Golden State at Phoenix: Total Points,KXNBATOTAL-26FEB05GSWPHX-220,Over 220.5 points scored,0.32,0.36,0.34,0.32,0.04,1565256.86,1,2026-02-20 03:00:00+00:00,238.55
Sports,KXNCAAMBTOTAL-26FEB05CSNCP,Cal State Northridge at Cal Poly: Total Points,KXNCAAMBTOTAL-26FEB05CSNCP-162,Over 162.5 points scored,0.73,0.8,0.765,0.0,0.07,1562197.64,1,2026-02-20 03:00:00+00:00,238.55
Sports,KXNCAAMBSPREAD-26FEB05IDHOMTST,Idaho at Montana St.: Spread,KXNCAAMBSPREAD-26FEB05IDHOMTST-IDHO9,Idaho wins by over 9.5 Points,0.03,0.06,0.045,0.0,0.03,1555392.26,1,2026-02-20 02:00:00+00:00,237.55
Sports,KXNBATOTAL-26FEB05GSWPHX,Golden State at Phoenix: Total Points,KXNBATOTAL-26FEB05GSWPHX-211,Over 211.5 points scored,0.53,0.56,0.545,0.56,0.03,1546460.49,1,2026-02-20 03:00:00+00:00,238.55
Sports,KXNCAAMBTOTAL-26FEB05TARLCBU,Tarleton St. at California Baptist: Total Points,KXNCAAMBTOTAL-26FEB05TARLCBU-156,Over 156.5 points scored,0.08,0.19,0.135,0.0,0.11,1528634.3,1,2026-02-20 03:00:00+00:00,238.55
Sports,KXNCAAMBTOTAL-26FEB05LBSUUCSD,Long Beach St. at UC San Diego: Total Points,KXNCAAMBTOTAL-26FEB05LBSUUCSD-159,Over 159.5 points scored,0.18,0.26,0.22,0.0,0.08,1528400.4,1,2026-02-20 03:00:00+00:00,238.55
Sports,KXNCAAMBTOTAL-26FEB05CSBUCI,Cal State Bakersfield at UC Irvine: Total Points,KXNCAAMBTOTAL-26FEB05CSBUCI-160,Over 160.5 points scored,0.11,0.22,0.165,0.0,0.11,1528181.25,1,2026-02-20 03:00:00+00:00,238.55
Sports,KXNCAAMBTOTAL-26FEB05JVSTWKU,Jacksonville St. at Western Kentucky: Total Points,KXNCAAMBTOTAL-26FEB05JVSTWKU-124,Over 124.5 points scored,0.73,0.84,0.785,0.71,0.11,1523129.12,1,2026-02-20 02:00:00+00:00,237.55
Sports,KXNCAAMBTOTAL-26FEB05UCRVCSF,UC Riverside at Cal State Fullerton: Total Points,KXNCAAMBTOTAL-26FEB05UCRVCSF-170,Over 170.5 points scored,0.15,0.26,0.205,0.0,0.11,1517107.51,1,2026-02-20 03:00:00+00:00,238.55
Sports,KXNCAAMBSPREAD-26FEB05LBSUUCSD,Long Beach St. at UC San Diego: Spread,KXNCAAMBSPREAD-26FEB05LBSUUCSD-UCSD21,UC San Diego wins by over 21.5 Points,0.15,0.21,0.18,0.19,0.06,1514783.62,1,2026-02-20 03:00:00+00:00,238.55
Sports,KXNCAAMBSPREAD-26FEB05CSNCP,Cal State Northridge at Cal Poly: Spread,KXNCAAMBSPREAD-26FEB05CSNCP-CSN13,Cal State Northridge wins by over 13.5 Points,0.15,0.18,0.165,0.18,0.03,1514233.9,1,2026-02-20 03:00:00+00:00,238.55
Sports,KXNCAAMBSPREAD-26FEB05TARLCBU,Tarleton St. at California Baptist: Spread,KXNCAAMBSPREAD-26FEB05TARLCBU-CBU22,California Baptist wins by over 22.5 Points,0.1,0.18,0.14,0.0,0.08,1514214.24,1,2026-02-20 03:00:00+00:00,238.55
Sports,KXNCAAMBTOTAL-26FEB05IDHOMTST,Idaho at Montana St.: Total Points,KXNCAAMBTOTAL-26FEB05IDHOMTST-132,Over 132.5 points scored,0.7,0.79,0.745,0.54,0.09,1513508.85,1,2026-02-20 02:00:00+00:00,237.55
Sports,KXNCAAMBTOTAL-26FEB05CSNCP,Cal State Northridge at Cal Poly: Total Points,KXNCAAMBTOTAL-26FEB05CSNCP-192,Over 192.5 points scored,0.14,0.19,0.165,0.14,0.05,1510282.62,1,2026-02-20 03:00:00+00:00,238.55
Sports,KXNCAAMBTOTAL-26FEB05UCRVCSF,UC Riverside at Cal State Fullerton: Total Points,KXNCAAMBTOTAL-26FEB05UCRVCSF-143,Over 143.5 points scored,0.72,0.77,0.745,0.0,0.05,1509767.88,1,2026-02-20 03:00:00+00:00,238.55
Sports,KXNCAAMBSPREAD-26FEB05EWUMONT,Eastern Washington at Montana: Spread,KXNCAAMBSPREAD-26FEB05EWUMONT-EWU6,Eastern Washington wins by over 6.5 Points,0.03,0.14,0.085,0.22,0.11,1509228.88,1,2026-02-20 02:00:00+00:00,237.55
Sports,KXNCAAMBTOTAL-26FEB05EWUMONT,Eastern Washington at Montana: Total Points,KXNCAAMBTOTAL-26FEB05EWUMONT-136,Over 136.5 points scored,0.75,0.86,0.805,0.0,0.11,1508963.72,1,2026-02-20 02:00:00+00:00,237.55
Sports,KXNCAAMBTOTAL-26FEB05MEMUAB,Memphis at UAB: Total Points,KXNCAAMBTOTAL-26FEB05MEMUAB-136,Over 136.5 points scored,0.9,0.99,0.945,0.72,0.09,1504041.28,1,2026-02-20 02:00:00+00:00,237.55
Sports,KXNCAAMBSPREAD-26FEB05UNCOWEB,Northern Colorado at Weber St.: Spread,KXNCAAMBSPREAD-26FEB05UNCOWEB-UNCO13,Northern Colorado wins by over 13.5 Points,0.17,0.25,0.21,0.25,0.08,1496446.72,1,2026-02-20 02:00:00+00:00,237.55
Sports,KXNBATOTAL-26FEB05PHILAL,Philadelphia at Los Angeles L: Total Points,KXNBATOTAL-26FEB05PHILAL-226,Over 226.5 points scored,0.68,0.73,0.705,0.67,0.05,1495578.55,1,2026-02-20 03:00:00+00:00,238.55
Sports,KXNBATOTAL-26FEB05GSWPHX,Golden State at Phoenix: Total Points,KXNBATOTAL-26FEB05GSWPHX-223,Over 223.5 points scored,0.28,0.31,0.295,0.31,0.03,1493920.51,1,2026-02-20 03:00:00+00:00,238.55
Sports,KXNCAAMBTOTAL-26FEB05LBSUUCSD,Long Beach St. at UC San Diego: Total Points,KXNCAAMBTOTAL-26FEB05LBSUUCSD-156,Over 156.5 points scored,0.23,0.29,0.26,0.0,0.06,1492273.32,1,2026-02-20 03:00:00+00:00,238.55
Sports,KXNCAAMBTOTAL-26FEB05CSNCP,Cal State Northridge at Cal Poly: Total Points,KXNCAAMBTOTAL-26FEB05CSNCP-189,Over 189.5 points scored,0.23,0.28,0.255,0.22,0.05,1491719.94,1,2026-02-20 03:00:00+00:00,238.55
Sports,KXNCAAMBSPREAD-26FEB05TARLCBU,Tarleton St. at California Baptist: Spread,KXNCAAMBSPREAD-26FEB05TARLCBU-CBU10,California Baptist wins by over 10.5 Points,0.5,0.52,0.51,0.52,0.02,1490965.35,1,2026-02-20 03:00:00+00:00,238.55
Sports,KXNCAAMBTOTAL-26FEB05CSBUCI,Cal State Bakersfield at UC Irvine: Total Points,KXNCAAMBTOTAL-26FEB05CSBUCI-157,Over 157.5 points scored,0.18,0.25,0.215,0.0,0.07,1489674.41,1,2026-02-20 03:00:00+00:00,238.55
Sports,KXNCAAMBTOTAL-26FEB05TARLCBU,Tarleton St. at California Baptist: Total Points,KXNCAAMBTOTAL-26FEB05TARLCBU-153,Over 153.5 points scored,0.13,0.23,0.18,0.0,0.1,1488543.51,1,2026-02-20 03:00:00+00:00,238.55
Sports,KXNCAAMBSPREAD-26FEB05LBSUUCSD,Long Beach St. at UC San Diego: Spread,KXNCAAMBSPREAD-26FEB05LBSUUCSD-UCSD9,UC San Diego wins by over 9.5 Points,0.55,0.57,0.56,0.57,0.02,1487301.54,1,2026-02-20 03:00:00+00:00,238.55
Sports,KXNCAAMBTOTAL-26FEB05MEMUAB,Memphis at UAB: Total Points,KXNCAAMBTOTAL-26FEB05MEMUAB-139,Over 139.5 points scored,0.88,0.99,0.935,0.0,0.11,1485671.32,1,2026-02-20 02:00:00+00:00,237.55
Sports,KXNCAAWBGAME-26FEB05LMUSMC,Loyola Marymount at Saint Mary's,KXNCAAWBGAME-26FEB05LMUSMC-SMC,Saint Mary's,0.2,0.43,0.315,0.45,0.23,1482606.54,1,2026-02-20 02:30:00+00:00,238.05
Sports,KXNCAAMBSPREAD-26FEB05CSNCP,Cal State Northridge at Cal Poly: Spread,KXNCAAMBSPREAD-26FEB05CSNCP-CSN1,Cal State Northridge wins by over 1.5 Points,0.5,0.53,0.515,0.5,0.03,1480523.3,1,2026-02-20 03:00:00+00:00,238.55
Sports,KXNCAAWBGAME-26FEB05LMUSMC,Loyola Marymount at Saint Mary's,KXNCAAWBGAME-26FEB05LMUSMC-LMU,Loyola Marymount,0.57,0.81,0.69,0.81,0.24,1479549.72,1,2026-02-20 02:30:00+00:00,238.05
Sports,KXNCAAMBSPREAD-26FEB05UNCOWEB,Northern Colorado at Weber St.: Spread,KXNCAAMBSPREAD-26FEB05UNCOWEB-WEB11,Weber St. wins by over 11.5 Points,0.04,0.06,0.05,0.14,0.02,1474579.3,1,2026-02-20 02:00:00+00:00,237.55
Sports,KXNCAAMBSPREAD-26FEB05NAUIDST,Northern Arizona at Idaho St.: Spread,KXNCAAMBSPREAD-26FEB05NAUIDST-IDST20,Idaho St. wins by over 20.5 Points,0.03,0.07,0.05,0.0,0.04,1474204.59,1,2026-02-20 02:00:00+00:00,237.55
Sports,KXNCAAMBTOTAL-26FEB05UCRVCSF,UC Riverside at Cal State Fullerton: Total Points,KXNCAAMBTOTAL-26FEB05UCRVCSF-167,Over 167.5 points scored,0.21,0.28,0.245,0.0,0.07,1461074.67,1,2026-02-20 03:00:00+00:00,238.55
Sports,KXNCAAMBTOTAL-26FEB05CSBUCI,Cal State Bakersfield at UC Irvine: Total Points,KXNCAAMBTOTAL-26FEB05CSBUCI-145,Over 145.5 points scored,0.48,0.5,0.49,0.48,0.02,1460030.39,1,2026-02-20 03:00:00+00:00,238.55
Sports,KXNCAAMBTOTAL-26FEB05CSBUCI,Cal State Bakersfield at UC Irvine: Total Points,KXNCAAMBTOTAL-26FEB05CSBUCI-142,Over 142.5 points scored,0.55,0.58,0.565,0.57,0.03,1460028.44,1,2026-02-20 03:00:00+00:00,238.55
Sports,KXNCAAMBTOTAL-26FEB05UCRVCSF,UC Riverside at Cal State Fullerton: Total Points,KXNCAAMBTOTAL-26FEB05UCRVCSF-155,Over 155.5 points scored,0.5,0.51,0.505,0.5,0.01,1457715.65,1,2026-02-20 03:00:00+00:00,238.55
Sports,KXNCAAMBTOTAL-26FEB05TARLCBU,Tarleton St. at California Baptist: Total Points,KXNCAAMBTOTAL-26FEB05TARLCBU-138,Over 138.5 points scored,0.48,0.51,0.495,0.49,0.03,1455433.0,1,2026-02-20 03:00:00+00:00,238.55
Sports,KXNCAAMBTOTAL-26FEB05TARLCBU,Tarleton St. at California Baptist: Total Points,KXNCAAMBTOTAL-26FEB05TARLCBU-141,Over 141.5 points scored,0.4,0.43,0.415,0.41,0.03,1448763.43,1,2026-02-20 03:00:00+00:00,238.55
Sports,KXNCAAMBTOTAL-26FEB05UCSBUCD,UC Santa Barbara at UC Davis: Total Points,KXNCAAMBTOTAL-26FEB05UCSBUCD-133,Over 133.5 points scored,0.69,0.9,0.795,0.0,0.21,1448668.66,1,2026-02-20 02:00:00+00:00,237.55
Sports,KXNCAAMBTOTAL-26FEB05NAUIDST,Northern Arizona at Idaho St.: Total Points,KXNCAAMBTOTAL-26FEB05NAUIDST-128,Over 128.5 points scored,0.9,0.99,0.945,0.96,0.09,1448188.61,1,2026-02-20 02:00:00+00:00,237.55
Sports,KXNCAAMBTOTAL-26FEB05CSNCP,Cal State Northridge at Cal Poly: Total Points,KXNCAAMBTOTAL-26FEB05CSNCP-177,Over 177.5 points scored,0.5,0.52,0.51,0.5,0.02,1445855.02,1,2026-02-20 03:00:00+00:00,238.55
Sports,KXNCAAMBTOTAL-26FEB05LBSUUCSD,Long Beach St. at UC San Diego: Total Points,KXNCAAMBTOTAL-26FEB05LBSUUCSD-144,Over 144.5 points scored,0.55,0.57,0.56,0.57,0.02,1444042.4,1,2026-02-20 03:00:00+00:00,238.55
Sports,KXNCAAMBSPREAD-26FEB05JVSTWKU,Jacksonville St. at Western Kentucky: Spread,KXNCAAMBSPREAD-26FEB05JVSTWKU-JVST6,Jacksonville St. wins by over 6.5 Points,0.08,0.17,0.125,0.17,0.09,1443585.5,1,2026-02-20 02:00:00+00:00,237.55
Sports,KXNCAAMBTOTAL-26FEB05UNCOWEB,Northern Colorado at Weber St.: Total Points,KXNCAAMBTOTAL-26FEB05UNCOWEB-147,Over 147.5 points scored,0.8,0.91,0.855,0.77,0.11,1441428.33,1,2026-02-20 02:00:00+00:00,237.55
Sports,KXNCAAMBSPREAD-26FEB05IDHOMTST,Idaho at Montana St.: Spread,KXNCAAMBSPREAD-26FEB05IDHOMTST-MTST15,Montana St. wins by over 15.5 Points,0.14,0.22,0.18,0.37,0.08,1438435.51,1,2026-02-20 02:00:00+00:00,237.55
Sports,KXNCAAMBTOTAL-26FEB05LBSUUCSD,Long Beach St. at UC San Diego: Total Points,KXNCAAMBTOTAL-26FEB05LBSUUCSD-141,Over 141.5 points scored,0.61,0.64,0.625,0.64,0.03,1436742.5,1,2026-02-20 03:00:00+00:00,238.55
Sports,KXNCAAMBSPREAD-26FEB05NAUIDST,Northern Arizona at Idaho St.: Spread,KXNCAAMBSPREAD-26FEB05NAUIDST-NAU4,Northern Arizona wins by over 4.5 Points,0.23,0.34,0.285,0.34,0.11,1432784.92,1,2026-02-20 02:00:00+00:00,237.55
Sports,KXNCAAMBTOTAL-26FEB05LBSUUCSD,Long Beach St. at UC San Diego: Total Points,KXNCAAMBTOTAL-26FEB05LBSUUCSD-147,Over 147.5 points scored,0.46,0.49,0.475,0.49,0.03,1426661.93,1,2026-02-20 03:00:00+00:00,238.55
Sports,KXNCAAMBTOTAL-26FEB05CSBUCI,Cal State Bakersfield at UC Irvine: Total Points,KXNCAAMBTOTAL-26FEB05CSBUCI-148,Over 148.5 points scored,0.38,0.44,0.41,0.39,0.06,1426257.19,1,2026-02-20 03:00:00+00:00,238.55
Sports,KXNCAAMBTOTAL-26FEB05TARLCBU,Tarleton St. at California Baptist: Total Points,KXNCAAMBTOTAL-26FEB05TARLCBU-144,Over 144.5 points scored,0.33,0.37,0.35,0.34,0.04,1424644.06,1,2026-02-20 03:00:00+00:00,238.55
Sports,KXNCAAMBTOTAL-26FEB05CSNCP,Cal State Northridge at Cal Poly: Total Points,KXNCAAMBTOTAL-26FEB05CSNCP-174,Over 174.5 points scored,0.56,0.58,0.57,0.58,0.02,1424225.49,1,2026-02-20 03:00:00+00:00,238.55
Sports,KXNCAAMBTOTAL-26FEB05CSNCP,Cal State Northridge at Cal Poly: Total Points,KXNCAAMBTOTAL-26FEB05CSNCP-180,Over 180.5 points scored,0.43,0.45,0.44,0.42,0.02,1423435.39,1,2026-02-20 03:00:00+00:00,238.55
Sports,KXNCAAMBTOTAL-26FEB05UCRVCSF,UC Riverside at Cal State Fullerton: Total Points,KXNCAAMBTOTAL-26FEB05UCRVCSF-158,Over 158.5 points scored,0.42,0.44,0.43,0.43,0.02,1420089.31,1,2026-02-20 03:00:00+00:00,238.55
Sports,KXNCAAMBTOTAL-26FEB05UCRVCSF,UC Riverside at Cal State Fullerton: Total Points,KXNCAAMBTOTAL-26FEB05UCRVCSF-152,Over 152.5 points scored,0.55,0.57,0.56,0.57,0.02,1412826.35,1,2026-02-20 03:00:00+00:00,238.55
Sports,KXNCAAMBSPREAD-26FEB05UCSBUCD,UC Santa Barbara at UC Davis: Spread,KXNCAAMBSPREAD-26FEB05UCSBUCD-UCSB14,UC Santa Barbara wins by over 14.5 Points,0.03,0.06,0.045,0.0,0.03,1411568.17,1,2026-02-20 02:00:00+00:00,237.55
Sports,KXNCAAMBTOTAL-26FEB05MEMUAB,Memphis at UAB: Total Points,KXNCAAMBTOTAL-26FEB05MEMUAB-166,Over 166.5 points scored,0.28,0.36,0.32,0.47,0.08,1406779.74,1,2026-02-20 02:00:00+00:00,237.55
Sports,KXNCAAMBTOTAL-26FEB05MEMUAB,Memphis at UAB: Total Points,KXNCAAMBTOTAL-26FEB05MEMUAB-168,Over 168.5 points scored,0.22,0.31,0.265,0.16,0.09,1399101.91,1,2026-02-20 02:00:00+00:00,237.55
Sports,KXNCAAMBTOTAL-26FEB05JVSTWKU,Jacksonville St. at Western Kentucky: Total Points,KXNCAAMBTOTAL-26FEB05JVSTWKU-127,Over 127.5 points scored,0.67,0.74,0.705,0.66,0.07,1387428.91,1,2026-02-20 02:00:00+00:00,237.55
Sports,KXNCAAMBTOTAL-26FEB05JVSTWKU,Jacksonville St. at Western Kentucky: Total Points,KXNCAAMBTOTAL-26FEB05JVSTWKU-154,Over 154.5 points scored,0.04,0.15,0.095,0.0,0.11,1385469.36,1,2026-02-20 02:00:00+00:00,237.55
Sports,KXNCAAMBTOTAL-26FEB05CSNCP,Cal State Northridge at Cal Poly: Total Points,KXNCAAMBTOTAL-26FEB05CSNCP-171,Over 171.5 points scored,0.61,0.64,0.625,0.6,0.03,1384466.01,1,2026-02-20 03:00:00+00:00,238.55
Sports,KXNCAAMBTOTAL-26FEB05IDHOMTST,Idaho at Montana St.: Total Points,KXNCAAMBTOTAL-26FEB05IDHOMTST-162,Over 162.5 points scored,0.02,0.09,0.055,0.02,0.07,1382926.56,1,2026-02-20 02:00:00+00:00,237.55
Sports,KXNCAAMBTOTAL-26FEB05EWUMONT,Eastern Washington at Montana: Total Points,KXNCAAMBTOTAL-26FEB05EWUMONT-166,Over 166.5 points scored,0.02,0.11,0.065,0.23,0.09,1382662.56,1,2026-02-20 02:00:00+00:00,237.55
Sports,KXNCAAMBSPREAD-26FEB05UCRVCSF,UC Riverside at Cal State Fullerton: Spread,KXNCAAMBSPREAD-26FEB05UCRVCSF-CSF3,Cal State Fullerton wins by over 3.5 Points,0.6,0.62,0.61,0.63,0.02,1382282.79,1,2026-02-20 03:00:00+00:00,238.55
Sports,KXNCAAMBSPREAD-26FEB05CSBUCI,Cal State Bakersfield at UC Irvine: Spread,KXNCAAMBSPREAD-26FEB05CSBUCI-UCI19,UC Irvine wins by over 19.5 Points,0.4,0.43,0.415,0.43,0.03,1382069.95,1,2026-02-20 03:00:00+00:00,238.55
Sports,KXNCAAMBTOTAL-26FEB05IDHOMTST,Idaho at Montana St.: Total Points,KXNCAAMBTOTAL-26FEB05IDHOMTST-135,Over 135.5 points scored,0.63,0.7,0.665,0.57,0.07,1378699.24,1,2026-02-20 02:00:00+00:00,237.55
Sports,KXNCAAMBGAME-26FEB05EWUMONT,Eastern Washington at Montana,KXNCAAMBGAME-26FEB05EWUMONT-MONT,Montana,0.73,0.74,0.735,0.77,0.01,1378667.32,1,2026-02-20 02:00:00+00:00,237.55
Sports,KXNCAAMBSPREAD-26FEB05EWUMONT,Eastern Washington at Montana: Spread,KXNCAAMBSPREAD-26FEB05EWUMONT-MONT18,Montana wins by over 18.5 Points,0.03,0.13,0.08,0.0,0.1,1377034.56,1,2026-02-20 02:00:00+00:00,237.55
Sports,KXNCAAMBTOTAL-26FEB05UNCOWEB,Northern Colorado at Weber St.: Total Points,KXNCAAMBTOTAL-26FEB05UNCOWEB-177,Over 177.5 points scored,0.05,0.16,0.105,0.0,0.11,1375719.07,1,2026-02-20 02:00:00+00:00,237.55
Sports,KXNCAAMBGAME-26FEB05EWUMONT,Eastern Washington at Montana,KXNCAAMBGAME-26FEB05EWUMONT-EWU,Eastern Washington,0.26,0.27,0.265,0.23,0.01,1374396.26,1,2026-02-20 02:00:00+00:00,237.55
Sports,KXNCAAMBTOTAL-26FEB05NAUIDST,Northern Arizona at Idaho St.: Total Points,KXNCAAMBTOTAL-26FEB05NAUIDST-158,Over 158.5 points scored,0.13,0.24,0.185,0.0,0.11,1374294.3,1,2026-02-20 02:00:00+00:00,237.55
Sports,KXNCAAMBTOTAL-26FEB05EWUMONT,Eastern Washington at Montana: Total Points,KXNCAAMBTOTAL-26FEB05EWUMONT-139,Over 139.5 points scored,0.69,0.77,0.73,0.74,0.08,1374195.26,1,2026-02-20 02:00:00+00:00,237.55
Sports,KXNCAAMBSPREAD-26FEB05CSBUCI,Cal State Bakersfield at UC Irvine: Spread,KXNCAAMBSPREAD-26FEB05CSBUCI-UCI13,UC Irvine wins by over 13.5 Points,0.6,0.66,0.63,0.64,0.06,1373683.66,1,2026-02-20 03:00:00+00:00,238.55
Sports,KXNBATOTAL-26FEB05GSWPHX,Golden State at Phoenix: Total Points,KXNBATOTAL-26FEB05GSWPHX-226,Over 226.5 points scored,0.22,0.26,0.24,0.26,0.04,1372754.41,1,2026-02-20 03:00:00+00:00,238.55
Sports,KXNCAAMBTOTAL-26FEB05UCSBUCD,UC Santa Barbara at UC Davis: Total Points,KXNCAAMBTOTAL-26FEB05UCSBUCD-163,Over 163.5 points scored,0.06,0.42,0.24,0.0,0.36,1370410.61,1,2026-02-20 02:00:00+00:00,237.55
Sports,KXNBATOTAL-26FEB05SASDAL,San Antonio at Dallas: Total Points,KXNBATOTAL-26FEB05SASDAL-236,Over 236.5 points scored,0.88,0.89,0.885,0.89,0.01,1368909.37,1,2026-02-20 01:30:00+00:00,237.05
Sports,KXNCAAWBGAME-26FEB01MERETSU,Mercer at East Tennessee St.,KXNCAAWBGAME-26FEB01MERETSU-ETSU,East Tennessee St.,0.64,0.77,0.705,0.61,0.13,1368005.12,1,2026-02-15 21:00:00+00:00,136.55
Sports,KXNBASPREAD-26FEB05SASDAL,San Antonio at Dallas: Spread,KXNBASPREAD-26FEB05SASDAL-SAS17,San Antonio wins by over 17.5 Points,0.3,0.31,0.305,0.25,0.01,1367149.88,1,2026-02-20 01:30:00+00:00,237.05
Sports,KXNCAAMBSPREAD-26FEB05CSNCP,Cal State Northridge at Cal Poly: Spread,KXNCAAMBSPREAD-26FEB05CSNCP-CSN4,Cal State Northridge wins by over 4.5 Points,0.39,0.42,0.405,0.42,0.03,1366841.29,1,2026-02-20 03:00:00+00:00,238.55
Sports,KXNCAAMBSPREAD-26FEB05UCRVCSF,UC Riverside at Cal State Fullerton: Spread,KXNCAAMBSPREAD-26FEB05UCRVCSF-CSF9,Cal State Fullerton wins by over 9.5 Points,0.39,0.4,0.395,0.36,0.01,1364879.18,1,2026-02-20 03:00:00+00:00,238.55
Sports,KXNCAAWBGAME-26FEB01MERETSU,Mercer at East Tennessee St.,KXNCAAWBGAME-26FEB01MERETSU-MER,Mercer,0.23,0.34,0.285,0.37,0.11,1363912.8,1,2026-02-15 21:00:00+00:00,136.55
Sports,KXNCAAMBTOTAL-26FEB05UCRVCSF,UC Riverside at Cal State Fullerton: Total Points,KXNCAAMBTOTAL-26FEB05UCRVCSF-161,Over 161.5 points scored,0.35,0.37,0.36,0.35,0.02,1363170.29,1,2026-02-20 03:00:00+00:00,238.55
Sports,KXNCAAMBTOTAL-26FEB05UNCOWEB,Northern Colorado at Weber St.: Total Points,KXNCAAMBTOTAL-26FEB05UNCOWEB-174,Over 174.5 points scored,0.1,0.21,0.155,0.0,0.11,1362530.35,1,2026-02-20 02:00:00+00:00,237.55
Sports,KXNCAAMBTOTAL-26FEB05NAUIDST,Northern Arizona at Idaho St.: Total Points,KXNCAAMBTOTAL-26FEB05NAUIDST-155,Over 155.5 points scored,0.21,0.31,0.26,0.0,0.1,1360922.12,1,2026-02-20 02:00:00+00:00,237.55
Sports,KXNCAAMBSPREAD-26FEB05LBSUUCSD,Long Beach St. at UC San Diego: Spread,KXNCAAMBSPREAD-26FEB05LBSUUCSD-UCSD12,UC San Diego wins by over 12.5 Points,0.43,0.46,0.445,0.42,0.03,1360883.22,1,2026-02-20 03:00:00+00:00,238.55
Sports,KXNCAAMBSPREAD-26FEB05LBSUUCSD,Long Beach St. at UC San Diego: Spread,KXNCAAMBSPREAD-26FEB05LBSUUCSD-UCSD6,UC San Diego wins by over 6.5 Points,0.63,0.68,0.655,0.68,0.05,1360671.46,1,2026-02-20 03:00:00+00:00,238.55
Sports,KXNCAAMBTOTAL-26FEB05CSNCP,Cal State Northridge at Cal Poly: Total Points,KXNCAAMBTOTAL-26FEB05CSNCP-183,Over 183.5 points scored,0.35,0.38,0.365,0.34,0.03,1359741.7,1,2026-02-20 03:00:00+00:00,238.55
Sports,KXNCAAMBSPREAD-26FEB05TARLCBU,Tarleton St. at California Baptist: Spread,KXNCAAMBSPREAD-26FEB05TARLCBU-CBU7,California Baptist wins by over 7.5 Points,0.62,0.65,0.635,0.62,0.03,1359613.58,1,2026-02-20 03:00:00+00:00,238.55
Sports,KXNCAAMBSPREAD-26FEB05TARLCBU,Tarleton St. at California Baptist: Spread,KXNCAAMBSPREAD-26FEB05TARLCBU-CBU13,California Baptist wins by over 13.5 Points,0.4,0.41,0.405,0.4,0.01,1359250.54,1,2026-02-20 03:00:00+00:00,238.55
Sports,KXNCAAMBTOTAL-26FEB05UCSBUCD,UC Santa Barbara at UC Davis: Total Points,KXNCAAMBTOTAL-26FEB05UCSBUCD-160,Over 160.5 points scored,0.11,0.46,0.285,0.0,0.35,1356786.36,1,2026-02-20 02:00:00+00:00,237.55
Sports,KXNCAAWBGAME-26FEB06MONMHOF,Monmouth at Hofstra,KXNCAAWBGAME-26FEB06MONMHOF-MONM,Monmouth,0.73,0.87,0.8,0.0,0.14,1355643.53,1,2026-02-20 23:00:00+00:00,258.55
Sports,KXNCAAMBGAME-26FEB05LBSUUCSD,Long Beach St. at UC San Diego,KXNCAAMBGAME-26FEB05LBSUUCSD-UCSD,UC San Diego,0.84,0.85,0.845,0.85,0.01,1352695.99,1,2026-02-20 03:00:00+00:00,238.55
Sports,KXNCAAMBGAME-26FEB05LBSUUCSD,Long Beach St. at UC San Diego,KXNCAAMBGAME-26FEB05LBSUUCSD-LBSU,Long Beach St.,0.16,0.17,0.165,0.17,0.01,1352525.43,1,2026-02-20 03:00:00+00:00,238.55
Sports,KXNCAAMBTOTAL-26FEB05LBSUUCSD,Long Beach St. at UC San Diego: Total Points,KXNCAAMBTOTAL-26FEB05LBSUUCSD-150,Over 150.5 points scored,0.38,0.42,0.4,0.38,0.04,1352450.8,1,2026-02-20 03:00:00+00:00,238.55
Sports,KXNCAAMBTOTAL-26FEB05CSBUCI,Cal State Bakersfield at UC Irvine: Total Points,KXNCAAMBTOTAL-26FEB05CSBUCI-151,Over 151.5 points scored,0.31,0.37,0.34,0.0,0.06,1352318.29,1,2026-02-20 03:00:00+00:00,238.55
Sports,KXNCAAWBGAME-26FEB06MONMHOF,Monmouth at Hofstra,KXNCAAWBGAME-26FEB06MONMHOF-HOF,Hofstra,0.12,0.3,0.21,0.0,0.18,1351587.33,1,2026-02-20 23:00:00+00:00,258.55
Sports,KXNCAAMBTOTAL-26FEB05TARLCBU,Tarleton St. at California Baptist: Total Points,KXNCAAMBTOTAL-26FEB05TARLCBU-147,Over 147.5 points scored,0.26,0.31,0.285,0.0,0.05,1351242.7,1,2026-02-20 03:00:00+00:00,238.55
Sports,KXNBAGAME-26FEB05UTAATL,Utah at Atlanta,KXNBAGAME-26FEB05UTAATL-ATL,Atlanta,0.37,0.38,0.375,0.37,0.01,1339950.51,1,2026-02-20 00:30:00+00:00,236.05
Sports,KXNCAAMBSPREAD-26FEB05LBSUUCSD,Long Beach St. at UC San Diego: Spread,KXNCAAMBSPREAD-26FEB05LBSUUCSD-UCSD15,UC San Diego wins by over 15.5 Points,0.32,0.36,0.34,0.36,0.04,1336993.54,1,2026-02-20 03:00:00+00:00,238.55
Sports,KXNCAAMBSPREAD-26FEB05CSNCP,Cal State Northridge at Cal Poly: Spread,KXNCAAMBSPREAD-26FEB05CSNCP-CSN7,Cal State Northridge wins by over 7.5 Points,0.3,0.34,0.32,0.0,0.04,1336980.59,1,2026-02-20 03:00:00+00:00,238.55
Sports,KXNCAAMBSPREAD-26FEB05LBSUUCSD,Long Beach St. at UC San Diego: Spread,KXNCAAMBSPREAD-26FEB05LBSUUCSD-UCSD3,UC San Diego wins by over 3.5 Points,0.72,0.78,0.75,0.78,0.06,1336680.08,1,2026-02-20 03:00:00+00:00,238.55
Sports,KXNCAAMBSPREAD-26FEB05TARLCBU,Tarleton St. at California Baptist: Spread,KXNCAAMBSPREAD-26FEB05TARLCBU-CBU16,California Baptist wins by over 16.5 Points,0.29,0.32,0.305,0.29,0.03,1335663.82,1,2026-02-20 03:00:00+00:00,238.55
Sports,KXNBAGAME-26FEB05UTAATL,Utah at Atlanta,KXNBAGAME-26FEB05UTAATL-UTA,Utah,0.63,0.65,0.64,0.65,0.02,1335335.28,1,2026-02-20 00:30:00+00:00,236.05
Sports,KXNCAAMBSPREAD-26FEB05CSBUCI,Cal State Bakersfield at UC Irvine: Spread,KXNCAAMBSPREAD-26FEB05CSBUCI-UCI10,UC Irvine wins by over 10.5 Points,0.7,0.75,0.725,0.76,0.05,1335172.74,1,2026-02-20 03:00:00+00:00,238.55
Sports,KXNCAAMBSPREAD-26FEB05TARLCBU,Tarleton St. at California Baptist: Spread,KXNCAAMBSPREAD-26FEB05TARLCBU-CBU4,California Baptist wins by over 4.5 Points,0.7,0.75,0.725,0.77,0.05,1335000.6,1,2026-02-20 03:00:00+00:00,238.55
Sports,KXNCAAMBSPREAD-26FEB05CSNCP,Cal State Northridge at Cal Poly: Spread,KXNCAAMBSPREAD-26FEB05CSNCP-CP2,Cal Poly wins by over 2.5 Points,0.35,0.4,0.375,0.42,0.05,1334980.78,1,2026-02-20 03:00:00+00:00,238.55
Sports,KXNCAAMBTOTAL-26FEB05JVSTWKU,Jacksonville St. at Western Kentucky: Total Points,KXNCAAMBTOTAL-26FEB05JVSTWKU-151,Over 151.5 points scored,0.08,0.19,0.135,0.0,0.11,1331079.05,1,2026-02-20 02:00:00+00:00,237.55
Sports,KXNCAAMBTOTAL-26FEB05IDHOMTST,Idaho at Montana St.: Total Points,KXNCAAMBTOTAL-26FEB05IDHOMTST-159,Over 159.5 points scored,0.02,0.12,0.07,0.0,0.1,1330345.86,1,2026-02-20 02:00:00+00:00,237.55
Sports,KXNCAAMBTOTAL-26FEB05EWUMONT,Eastern Washington at Montana: Total Points,KXNCAAMBTOTAL-26FEB05EWUMONT-163,Over 163.5 points scored,0.04,0.15,0.095,0.0,0.11,1329774.91,1,2026-02-20 02:00:00+00:00,237.55
Sports,KXNCAAMBSPREAD-26FEB05MEMUAB,Memphis at UAB: Spread,KXNCAAMBSPREAD-26FEB05MEMUAB-UAB1,UAB wins by over 1.5 Points,0.3,0.35,0.325,0.31,0.05,1324468.65,1,2026-02-20 02:00:00+00:00,237.55
Sports,KXNCAAMBGAME-26FEB05TARLCBU,Tarleton St. at California Baptist,KXNCAAMBGAME-26FEB05TARLCBU-CBU,California Baptist,0.85,0.86,0.855,0.85,0.01,1324376.61,1,2026-02-20 03:00:00+00:00,238.55
Sports,KXNCAAWBGAME-26FEB06NESTON,Northeastern at Stony Brook,KXNCAAWBGAME-26FEB06NESTON-NE,Northeastern,0.11,0.18,0.145,0.28,0.07,1322471.92,1,2026-02-20 23:31:00+00:00,259.06
Sports,KXNCAAWBGAME-26FEB06NESTON,Northeastern at Stony Brook,KXNCAAWBGAME-26FEB06NESTON-STON,Stony Brook,0.72,0.82,0.77,0.0,0.1,1322068.13,1,2026-02-20 23:31:00+00:00,259.06
Sports,KXNCAAMBSPREAD-26FEB05CSBUCI,Cal State Bakersfield at UC Irvine: Spread,KXNCAAMBSPREAD-26FEB05CSBUCI-UCI22,UC Irvine wins by over 22.5 Points,0.29,0.35,0.32,0.35,0.06,1317537.69,1,2026-02-20 03:00:00+00:00,238.55
Sports,KXNCAAMBSPREAD-26FEB05CSBUCI,Cal State Bakersfield at UC Irvine: Spread,KXNCAAMBSPREAD-26FEB05CSBUCI-UCI16,UC Irvine wins by over 16.5 Points,0.51,0.54,0.525,0.54,0.03,1315926.36,1,2026-02-20 03:00:00+00:00,238.55
Sports,KXNCAAMBSPREAD-26FEB05UCRVCSF,UC Riverside at Cal State Fullerton: Spread,KXNCAAMBSPREAD-26FEB05UCRVCSF-CSF12,Cal State Fullerton wins by over 12.5 Points,0.26,0.31,0.285,0.0,0.05,1314878.16,1,2026-02-20 03:00:00+00:00,238.55
Sports,KXNCAAMBGAME-26FEB05TARLCBU,Tarleton St. at California Baptist,KXNCAAMBGAME-26FEB05TARLCBU-TARL,Tarleton St.,0.15,0.16,0.155,0.16,0.01,1313571.74,1,2026-02-20 03:00:00+00:00,238.55
Sports,KXNCAAMBSPREAD-26FEB05UCRVCSF,UC Riverside at Cal State Fullerton: Spread,KXNCAAMBSPREAD-26FEB05UCRVCSF-CSF6,Cal State Fullerton wins by over 6.5 Points,0.49,0.51,0.5,0.51,0.02,1313481.23,1,2026-02-20 03:00:00+00:00,238.55
Sports,KXNCAAMBTOTAL-26FEB05UCRVCSF,UC Riverside at Cal State Fullerton: Total Points,KXNCAAMBTOTAL-26FEB05UCRVCSF-149,Over 149.5 points scored,0.62,0.63,0.625,0.63,0.01,1297344.94,1,2026-02-20 03:00:00+00:00,238.55
Sports,KXNCAAMBTOTAL-26FEB05LBSUUCSD,Long Beach St. at UC San Diego: Total Points,KXNCAAMBTOTAL-26FEB05LBSUUCSD-138,Over 138.5 points scored,0.67,0.72,0.695,0.72,0.05,1292984.1,1,2026-02-20 03:00:00+00:00,238.55
Sports,KXNCAAMBTOTAL-26FEB05CSBUCI,Cal State Bakersfield at UC Irvine: Total Points,KXNCAAMBTOTAL-26FEB05CSBUCI-139,Over 139.5 points scored,0.6,0.65,0.625,0.65,0.05,1292080.48,1,2026-02-20 03:00:00+00:00,238.55
Sports,KXNCAAMBTOTAL-26FEB05TARLCBU,Tarleton St. at California Baptist: Total Points,KXNCAAMBTOTAL-26FEB05TARLCBU-135,Over 135.5 points scored,0.55,0.58,0.565,0.58,0.03,1289648.72,1,2026-02-20 03:00:00+00:00,238.55
Sports,KXNCAAMBSPREAD-26FEB05CSNCP,Cal State Northridge at Cal Poly: Spread,KXNCAAMBSPREAD-26FEB05CSNCP-CP8,Cal Poly wins by over 8.5 Points,0.19,0.23,0.21,0.19,0.04,1286508.27,1,2026-02-20 03:00:00+00:00,238.55
Sports,KXNCAAMBSPREAD-26FEB05CSBUCI,Cal State Bakersfield at UC Irvine: Spread,KXNCAAMBSPREAD-26FEB05CSBUCI-UCI4,UC Irvine wins by over 4.5 Points,0.82,0.92,0.87,0.0,0.1,1282540.75,1,2026-02-20 03:00:00+00:00,238.55
Sports,KXNCAAMBSPREAD-26FEB05CSBUCI,Cal State Bakersfield at UC Irvine: Spread,KXNCAAMBSPREAD-26FEB05CSBUCI-UCI7,UC Irvine wins by over 7.5 Points,0.78,0.85,0.815,0.86,0.07,1270749.6,1,2026-02-20 03:00:00+00:00,238.55
Sports,KXNCAAMBSPREAD-26FEB05CSNCP,Cal State Northridge at Cal Poly: Spread,KXNCAAMBSPREAD-26FEB05CSNCP-CP5,Cal Poly wins by over 5.5 Points,0.26,0.3,0.28,0.31,0.04,1269915.44,1,2026-02-20 03:00:00+00:00,238.55
Sports,KXNBASPREAD-26FEB05SASDAL,San Antonio at Dallas: Spread,KXNBASPREAD-26FEB05SASDAL-DAL1,Dallas wins by over 1.5 Points,0.09,0.11,0.1,0.11,0.02,1265571.29,1,2026-02-20 01:30:00+00:00,237.05
Sports,KXNCAAMBGAME-26FEB05CSBUCI,Cal State Bakersfield at UC Irvine,KXNCAAMBGAME-26FEB05CSBUCI-CSB,Cal State Bakersfield,0.07,0.08,0.075,0.08,0.01,1255809.34,1,2026-02-20 03:00:00+00:00,238.55
Sports,KXNCAAMBTOTAL-26FEB05UCRVCSF,UC Riverside at Cal State Fullerton: Total Points,KXNCAAMBTOTAL-26FEB05UCRVCSF-164,Over 164.5 points scored,0.28,0.32,0.3,0.0,0.04,1255323.94,1,2026-02-20 03:00:00+00:00,238.55
Sports,KXNCAAMBGAME-26FEB05CSBUCI,Cal State Bakersfield at UC Irvine,KXNCAAMBGAME-26FEB05CSBUCI-UCI,UC Irvine,0.93,0.94,0.935,0.94,0.01,1254092.48,1,2026-02-20 03:00:00+00:00,238.55
Sports,KXNBASPREAD-26FEB05SASDAL,San Antonio at Dallas: Spread,KXNBASPREAD-26FEB05SASDAL-SAS14,San Antonio wins by over 14.5 Points,0.41,0.42,0.415,0.41,0.01,1250860.46,1,2026-02-20 01:30:00+00:00,237.05
Sports,KXNCAAMBSPREAD-26FEB05UCSBUCD,UC Santa Barbara at UC Davis: Spread,KXNCAAMBSPREAD-26FEB05UCSBUCD-UCD7,UC Davis wins by over 7.5 Points,0.18,0.26,0.22,0.29,0.08,1235948.1,1,2026-02-20 02:00:00+00:00,237.55
Sports,KXNBATOTAL-26FEB05GSWPHX,Golden State at Phoenix: Total Points,KXNBATOTAL-26FEB05GSWPHX-205,Over 205.5 points scored,0.65,0.68,0.665,0.65,0.03,1235790.64,1,2026-02-20 03:00:00+00:00,238.55
Sports,KXNCAAWBGAME-26FEB06HAMPDREX,Hampton at Drexel,KXNCAAWBGAME-26FEB06HAMPDREX-HAMP,Hampton,0.02,0.03,0.025,0.05,0.01,1231317.81,1,2026-02-20 23:00:00+00:00,258.55
Sports,KXNCAAMBTOTAL-26FEB05CSNCP,Cal State Northridge at Cal Poly: Total Points,KXNCAAMBTOTAL-26FEB05CSNCP-168,Over 168.5 points scored,0.67,0.69,0.68,0.66,0.02,1229575.47,1,2026-02-20 03:00:00+00:00,238.55
Sports,KXNCAAWBGAME-26FEB06HAMPDREX,Hampton at Drexel,KXNCAAWBGAME-26FEB06HAMPDREX-DREX,Drexel,0.96,0.97,0.965,0.96,0.01,1228138.04,1,2026-02-20 23:00:00+00:00,258.55
Sports,KXNCAAMBSPREAD-26FEB05IDHOMTST,Idaho at Montana St.: Spread,KXNCAAMBSPREAD-26FEB05IDHOMTST-IDHO6,Idaho wins by over 6.5 Points,0.03,0.07,0.05,0.27,0.04,1201909.16,1,2026-02-20 02:00:00+00:00,237.55
Sports,KXNBATOTAL-26FEB05PHILAL,Philadelphia at Los Angeles L: Total Points,KXNBATOTAL-26FEB05PHILAL-220,Over 220.5 points scored,0.79,0.84,0.815,0.84,0.05,1194245.85,1,2026-02-20 03:00:00+00:00,238.55
Sports,KXNCAAMBSPREAD-26FEB05LBSUUCSD,Long Beach St. at UC San Diego: Spread,KXNCAAMBSPREAD-26FEB05LBSUUCSD-UCSD18,UC San Diego wins by over 18.5 Points,0.21,0.28,0.245,0.27,0.07,1188638.88,1,2026-02-20 03:00:00+00:00,238.55
Sports,KXNCAAMBSPREAD-26FEB05CSNCP,Cal State Northridge at Cal Poly: Spread,KXNCAAMBSPREAD-26FEB05CSNCP-CSN10,Cal State Northridge wins by over 10.5 Points,0.22,0.25,0.235,0.25,0.03,1188559.18,1,2026-02-20 03:00:00+00:00,238.55
Sports,KXNCAAMBSPREAD-26FEB05TARLCBU,Tarleton St. at California Baptist: Spread,KXNCAAMBSPREAD-26FEB05TARLCBU-CBU19,California Baptist wins by over 19.5 Points,0.17,0.24,0.205,0.0,0.07,1188334.7,1,2026-02-20 03:00:00+00:00,238.55
Sports,KXNCAAMBSPREAD-26FEB05JVSTWKU,Jacksonville St. at Western Kentucky: Spread,KXNCAAMBSPREAD-26FEB05JVSTWKU-WKU15,Western Kentucky wins by over 15.5 Points,0.04,0.15,0.095,0.0,0.11,1170043.0,1,2026-02-20 02:00:00+00:00,237.55
Sports,KXNCAAMBSPREAD-26FEB05EWUMONT,Eastern Washington at Montana: Spread,KXNCAAMBSPREAD-26FEB05EWUMONT-EWU3,Eastern Washington wins by over 3.5 Points,0.07,0.21,0.14,0.19,0.14,1169239.62,1,2026-02-20 02:00:00+00:00,237.55
Sports,KXNBASPREAD-26FEB05SASDAL,San Antonio at Dallas: Spread,KXNBASPREAD-26FEB05SASDAL-SAS11,San Antonio wins by over 11.5 Points,0.53,0.54,0.535,0.54,0.01,1160581.96,1,2026-02-20 01:30:00+00:00,237.05
Sports,KXNCAAWBGAME-26FEB05ORSTGONZ,Oregon St. at Gonzaga,KXNCAAWBGAME-26FEB05ORSTGONZ-ORST,Oregon St.,0.09,0.1,0.095,0.09,0.01,1143746.38,1,2026-02-20 02:00:00+00:00,237.55
Sports,KXNCAAWBGAME-26FEB05ORSTGONZ,Oregon St. at Gonzaga,KXNCAAWBGAME-26FEB05ORSTGONZ-GONZ,Gonzaga,0.91,0.92,0.915,0.93,0.01,1140455.94,1,2026-02-20 02:00:00+00:00,237.55
Sports,KXNBASPREAD-26FEB05SASDAL,San Antonio at Dallas: Spread,KXNBASPREAD-26FEB05SASDAL-SAS8,San Antonio wins by over 8.5 Points,0.66,0.67,0.665,0.66,0.01,1133486.23,1,2026-02-20 01:30:00+00:00,237.05
Sports,KXNBATOTAL-26FEB05GSWPHX,Golden State at Phoenix: Total Points,KXNBATOTAL-26FEB05GSWPHX-208,Over 208.5 points scored,0.61,0.63,0.62,0.63,0.02,1123466.73,1,2026-02-20 03:00:00+00:00,238.55
Sports,KXNBATOTAL-26FEB05PHILAL,Philadelphia at Los Angeles L: Total Points,KXNBATOTAL-26FEB05PHILAL-223,Over 223.5 points scored,0.74,0.75,0.745,0.75,0.01,1113480.82,1,2026-02-20 03:00:00+00:00,238.55
Sports,KXNBATOTAL-26FEB05GSWPHX,Golden State at Phoenix: Total Points,KXNBATOTAL-26FEB05GSWPHX-229,Over 229.5 points scored,0.17,0.22,0.195,0.21,0.05,1113151.42,1,2026-02-20 03:00:00+00:00,238.55
Sports,KXNBASPREAD-26FEB05SASDAL,San Antonio at Dallas: Spread,KXNBASPREAD-26FEB05SASDAL-SAS2,San Antonio wins by over 2.5 Points,0.86,0.87,0.865,0.86,0.01,1103584.18,1,2026-02-20 01:30:00+00:00,237.05
Sports,KXNCAAWBGAME-26FEB05FSUNCST,Florida St. at North Carolina St.,KXNCAAWBGAME-26FEB05FSUNCST-FSU,Florida St.,0.0,0.01,0.01,0.01,,1092437.41,1,2026-02-20 01:00:00+00:00,236.55
Sports,KXNCAAWBGAME-26FEB05FSUNCST,Florida St. at North Carolina St.,KXNCAAWBGAME-26FEB05FSUNCST-NCST,North Carolina St.,0.99,1.0,0.995,0.99,0.01,1091771.79,1,2026-02-20 01:00:00+00:00,236.55
Sports,KXNBASPREAD-26FEB05SASDAL,San Antonio at Dallas: Spread,KXNBASPREAD-26FEB05SASDAL-SAS5,San Antonio wins by over 5.5 Points,0.77,0.78,0.775,0.77,0.01,1077456.7,1,2026-02-20 01:30:00+00:00,237.05
Sports,KXNBATOTAL-26FEB05PHILAL,Philadelphia at Los Angeles L: Total Points,KXNBATOTAL-26FEB05PHILAL-241,Over 241.5 points scored,0.37,0.4,0.385,0.37,0.03,1075579.61,1,2026-02-20 03:00:00+00:00,238.55
Sports,KXNCAAMBTOTAL-26FEB05TARLCBU,Tarleton St. at California Baptist: Total Points,KXNCAAMBTOTAL-26FEB05TARLCBU-129,Over 129.5 points scored,0.69,0.73,0.71,0.0,0.04,1056592.27,1,2026-02-20 03:00:00+00:00,238.55
Sports,KXNCAAMBTOTAL-26FEB05CSBUCI,Cal State Bakersfield at UC Irvine: Total Points,KXNCAAMBTOTAL-26FEB05CSBUCI-133,Over 133.5 points scored,0.74,0.79,0.765,0.79,0.05,1055742.34,1,2026-02-20 03:00:00+00:00,238.55
Sports,KXNCAAMBTOTAL-26FEB05LBSUUCSD,Long Beach St. at UC San Diego: Total Points,KXNCAAMBTOTAL-26FEB05LBSUUCSD-132,Over 132.5 points scored,0.75,0.85,0.8,0.0,0.1,1053212.97,1,2026-02-20 03:00:00+00:00,238.55
Sports,KXNCAAWBGAME-26FEB05USCNW,USC at Northwestern,KXNCAAWBGAME-26FEB05USCNW-NW,Northwestern,0.0,0.01,0.01,0.01,,1051059.5,1,2026-02-20 02:00:00+00:00,237.55
Sports,KXNCAAWBGAME-26FEB05USCNW,USC at Northwestern,KXNCAAWBGAME-26FEB05USCNW-USC,USC,0.98,0.99,0.985,0.99,0.01,1045263.56,1,2026-02-20 02:00:00+00:00,237.55
Sports,KXNCAAMBGAME-26FEB05NAUIDST,Northern Arizona at Idaho St.,KXNCAAMBGAME-26FEB05NAUIDST-IDST,Idaho St.,0.48,0.49,0.485,0.49,0.01,1034302.49,1,2026-02-20 02:00:00+00:00,237.55
Sports,KXNCAAWBGAME-26FEB05NDSUUMKC,North Dakota St. at Kansas City,KXNCAAWBGAME-26FEB05NDSUUMKC-NDSU,North Dakota St.,0.99,1.0,0.995,0.99,0.01,1030984.15,1,2026-02-20 01:00:00+00:00,236.55
Sports,KXNCAAWBGAME-26FEB05NDSUUMKC,North Dakota St. at Kansas City,KXNCAAWBGAME-26FEB05NDSUUMKC-UMKC,Kansas City,0.0,0.01,0.01,0.01,,1029294.81,1,2026-02-20 01:00:00+00:00,236.55
Sports,KXNCAAMBGAME-26FEB05NAUIDST,Northern Arizona at Idaho St.,KXNCAAMBGAME-26FEB05NAUIDST-NAU,Northern Arizona,0.49,0.51,0.5,0.5,0.02,1021857.2,1,2026-02-20 02:00:00+00:00,237.55
Sports,KXNCAAMBTOTAL-26FEB05CSNCP,Cal State Northridge at Cal Poly: Total Points,KXNCAAMBTOTAL-26FEB05CSNCP-165,Over 165.5 points scored,0.73,0.75,0.74,0.0,0.02,1021424.95,1,2026-02-20 03:00:00+00:00,238.55
Sports,KXNCAAMBTOTAL-26FEB05CSNCP,Cal State Northridge at Cal Poly: Total Points,KXNCAAMBTOTAL-26FEB05CSNCP-186,Over 186.5 points scored,0.29,0.33,0.31,0.28,0.04,1009500.39,1,2026-02-20 03:00:00+00:00,238.55
Sports,KXNBATOTAL-26FEB05SASDAL,San Antonio at Dallas: Total Points,KXNBATOTAL-26FEB05SASDAL-239,Over 239.5 points scored,0.79,0.8,0.795,0.79,0.01,1004186.25,1,2026-02-20 01:30:00+00:00,237.05
Sports,KXNCAAMBTOTAL-26FEB05LBSUUCSD,Long Beach St. at UC San Diego: Total Points,KXNCAAMBTOTAL-26FEB05LBSUUCSD-153,Over 153.5 points scored,0.31,0.35,0.33,0.0,0.04,997116.94,1,2026-02-20 03:00:00+00:00,238.55
Sports,KXNCAAMBTOTAL-26FEB05CSBUCI,Cal State Bakersfield at UC Irvine: Total Points,KXNCAAMBTOTAL-26FEB05CSBUCI-154,Over 154.5 points scored,0.24,0.31,0.275,0.0,0.07,996703.49,1,2026-02-20 03:00:00+00:00,238.55
Sports,KXNCAAMBTOTAL-26FEB05TARLCBU,Tarleton St. at California Baptist: Total Points,KXNCAAMBTOTAL-26FEB05TARLCBU-150,Over 150.5 points scored,0.2,0.28,0.24,0.0,0.08,994980.93,1,2026-02-20 03:00:00+00:00,238.55
Sports,KXNCAAMBGAME-26FEB05JVSTWKU,Jacksonville St. at Western Kentucky,KXNCAAMBGAME-26FEB05JVSTWKU-WKU,Western Kentucky,0.64,0.65,0.645,0.65,0.01,986515.65,1,2026-02-20 02:00:00+00:00,237.55
Sports,KXNCAAMBTOTAL-26FEB05UCRVCSF,UC Riverside at Cal State Fullerton: Total Points,KXNCAAMBTOTAL-26FEB05UCRVCSF-146,Over 146.5 points scored,0.68,0.71,0.695,0.71,0.03,984520.87,1,2026-02-20 03:00:00+00:00,238.55
Sports,KXNCAAMBTOTAL-26FEB05CSBUCI,Cal State Bakersfield at UC Irvine: Total Points,KXNCAAMBTOTAL-26FEB05CSBUCI-136,Over 136.5 points scored,0.67,0.73,0.7,0.0,0.06,966194.61,1,2026-02-20 03:00:00+00:00,238.55
Sports,KXNCAAMBGAME-26FEB05JVSTWKU,Jacksonville St. at Western Kentucky,KXNCAAMBGAME-26FEB05JVSTWKU-JVST,Jacksonville St.,0.34,0.35,0.345,0.36,0.01,965551.67,1,2026-02-20 02:00:00+00:00,237.55
Sports,KXNCAAMBTOTAL-26FEB05LBSUUCSD,Long Beach St. at UC San Diego: Total Points,KXNCAAMBTOTAL-26FEB05LBSUUCSD-135,Over 135.5 points scored,0.74,0.78,0.76,0.0,0.04,964358.15,1,2026-02-20 03:00:00+00:00,238.55
Sports,KXNCAAMBTOTAL-26FEB05TARLCBU,Tarleton St. at California Baptist: Total Points,KXNCAAMBTOTAL-26FEB05TARLCBU-132,Over 132.5 points scored,0.62,0.66,0.64,0.66,0.04,964096.09,1,2026-02-20 03:00:00+00:00,238.55
Sports,KXNCAAMBSPREAD-26FEB05CSBUCI,Cal State Bakersfield at UC Irvine: Spread,KXNCAAMBSPREAD-26FEB05CSBUCI-UCI25,UC Irvine wins by over 25.5 Points,0.21,0.28,0.245,0.0,0.07,958746.29,1,2026-02-20 03:00:00+00:00,238.55
Sports,KXNCAAMBTOTAL-26FEB05MEMUAB,Memphis at UAB: Total Points,KXNCAAMBTOTAL-26FEB05MEMUAB-142,Over 142.5 points scored,0.85,0.94,0.895,0.74,0.09,958616.72,1,2026-02-20 02:00:00+00:00,237.55
Sports,KXNCAAMBSPREAD-26FEB05UCRVCSF,UC Riverside at Cal State Fullerton: Spread,KXNCAAMBSPREAD-26FEB05UCRVCSF-UCRV3,UC Riverside wins by over 3.5 Points,0.18,0.25,0.215,0.0,0.07,957090.45,1,2026-02-20 03:00:00+00:00,238.55
Sports,KXNCAAMBSPREAD-26FEB05UCRVCSF,UC Riverside at Cal State Fullerton: Spread,KXNCAAMBSPREAD-26FEB05UCRVCSF-CSF15,Cal State Fullerton wins by over 15.5 Points,0.16,0.23,0.195,0.0,0.07,955894.49,1,2026-02-20 03:00:00+00:00,238.55
Sports,KXNCAAMBTOTAL-26FEB05MEMUAB,Memphis at UAB: Total Points,KXNCAAMBTOTAL-26FEB05MEMUAB-163,Over 163.5 points scored,0.37,0.41,0.39,0.52,0.04,952947.65,1,2026-02-20 02:00:00+00:00,237.55
Sports,KXNCAAMBGAME-26FEB05IDHOMTST,Idaho at Montana St.,KXNCAAMBGAME-26FEB05IDHOMTST-IDHO,Idaho,0.18,0.19,0.185,0.19,0.01,947517.05,1,2026-02-20 02:00:00+00:00,237.55
Sports,KXNHLSPREAD-26FEB05LAVGK,Los Angeles at Vegas: Spread,KXNHLSPREAD-26FEB05LAVGK-VGK1,Vegas wins by over 1.5 goals,0.32,0.35,0.335,0.32,0.03,945732.22,1,2026-02-20 03:00:00+00:00,238.55
Sports,KXNCAAMBGAME-26FEB05IDHOMTST,Idaho at Montana St.,KXNCAAMBGAME-26FEB05IDHOMTST-MTST,Montana St.,0.81,0.82,0.815,0.84,0.01,939353.53,1,2026-02-20 02:00:00+00:00,237.55
Sports,KXNCAAMBSPREAD-26FEB05TARLCBU,Tarleton St. at California Baptist: Spread,KXNCAAMBSPREAD-26FEB05TARLCBU-CBU1,California Baptist wins by over 1.5 Points,0.77,0.86,0.815,0.8,0.09,935664.31,1,2026-02-20 03:00:00+00:00,238.55
Sports,KXNCAAMBSPREAD-26FEB05UNCOWEB,Northern Colorado at Weber St.: Spread,KXNCAAMBSPREAD-26FEB05UNCOWEB-UNCO10,Northern Colorado wins by over 10.5 Points,0.3,0.36,0.33,0.36,0.06,933123.99,1,2026-02-20 02:00:00+00:00,237.55
Sports,KXNCAAMBSPREAD-26FEB05NAUIDST,Northern Arizona at Idaho St.: Spread,KXNCAAMBSPREAD-26FEB05NAUIDST-NAU1,Northern Arizona wins by over 1.5 Points,0.39,0.46,0.425,0.47,0.07,931740.83,1,2026-02-20 02:00:00+00:00,237.55
Sports,KXNCAAMBTOTAL-26FEB05UNCOWEB,Northern Colorado at Weber St.: Total Points,KXNCAAMBTOTAL-26FEB05UNCOWEB-150,Over 150.5 points scored,0.75,0.84,0.795,0.68,0.09,928865.67,1,2026-02-20 02:00:00+00:00,237.55
Sports,KXNCAAMBTOTAL-26FEB05NAUIDST,Northern Arizona at Idaho St.: Total Points,KXNCAAMBTOTAL-26FEB05NAUIDST-131,Over 131.5 points scored,0.85,0.96,0.905,0.0,0.11,926642.31,1,2026-02-20 02:00:00+00:00,237.55
Sports,KXNHLSPREAD-26FEB05LAVGK,Los Angeles at Vegas: Spread,KXNHLSPREAD-26FEB05LAVGK-VGK2,Vegas wins by over 2.5 goals,0.2,0.25,0.225,0.2,0.05,924173.41,1,2026-02-20 03:00:00+00:00,238.55
Sports,KXNCAAMBTOTAL-26FEB05UCSBUCD,UC Santa Barbara at UC Davis: Total Points,KXNCAAMBTOTAL-26FEB05UCSBUCD-136,Over 136.5 points scored,0.61,0.96,0.785,0.7,0.35,923361.05,1,2026-02-20 02:00:00+00:00,237.55
Sports,KXNHLSPREAD-26FEB05LAVGK,Los Angeles at Vegas: Spread,KXNHLSPREAD-26FEB05LAVGK-LA2,Los Angeles wins by over 2.5 goals,0.14,0.16,0.15,0.12,0.02,923080.44,1,2026-02-20 03:00:00+00:00,238.55
Sports,KXNCAAMBSPREAD-26FEB05IDHOMTST,Idaho at Montana St.: Spread,KXNCAAMBSPREAD-26FEB05IDHOMTST-MTST12,Montana St. wins by over 12.5 Points,0.26,0.32,0.29,0.34,0.06,919762.69,1,2026-02-20 02:00:00+00:00,237.55
Sports,KXNCAAMBTOTAL-26FEB05UNCOWEB,Northern Colorado at Weber St.: Total Points,KXNCAAMBTOTAL-26FEB05UNCOWEB-171,Over 171.5 points scored,0.16,0.27,0.215,0.0,0.11,917571.82,1,2026-02-20 02:00:00+00:00,237.55
Sports,KXNCAAMBTOTAL-26FEB05NAUIDST,Northern Arizona at Idaho St.: Total Points,KXNCAAMBTOTAL-26FEB05NAUIDST-152,Over 152.5 points scored,0.31,0.37,0.34,0.0,0.06,915564.59,1,2026-02-20 02:00:00+00:00,237.55
Sports,KXNCAAMBSPREAD-26FEB05UNCOWEB,Northern Colorado at Weber St.: Spread,KXNCAAMBSPREAD-26FEB05UNCOWEB-WEB8,Weber St. wins by over 8.5 Points,0.03,0.08,0.055,0.21,0.05,912202.29,1,2026-02-20 02:00:00+00:00,237.55
Sports,KXNCAAMBTOTAL-26FEB05UCSBUCD,UC Santa Barbara at UC Davis: Total Points,KXNCAAMBTOTAL-26FEB05UCSBUCD-157,Over 157.5 points scored,0.26,0.32,0.29,0.3,0.06,911776.12,1,2026-02-20 02:00:00+00:00,237.55
Sports,KXNCAAMBSPREAD-26FEB05NAUIDST,Northern Arizona at Idaho St.: Spread,KXNCAAMBSPREAD-26FEB05NAUIDST-IDST17,Idaho St. wins by over 17.5 Points,0.03,0.07,0.05,0.13,0.04,911530.32,1,2026-02-20 02:00:00+00:00,237.55
Sports,KXNCAAMBSPREAD-26FEB05UCSBUCD,UC Santa Barbara at UC Davis: Spread,KXNCAAMBSPREAD-26FEB05UCSBUCD-UCSB11,UC Santa Barbara wins by over 11.5 Points,0.03,0.26,0.145,0.2,0.23,898325.25,1,2026-02-20 02:00:00+00:00,237.55
Sports,KXNCAAMBSPREAD-26FEB05JVSTWKU,Jacksonville St. at Western Kentucky: Spread,KXNCAAMBSPREAD-26FEB05JVSTWKU-JVST3,Jacksonville St. wins by over 3.5 Points,0.17,0.27,0.22,0.31,0.1,847290.92,1,2026-02-20 02:00:00+00:00,237.55
Sports,KXNCAAMBSPREAD-26FEB05EWUMONT,Eastern Washington at Montana: Spread,KXNCAAMBSPREAD-26FEB05EWUMONT-MONT15,Montana wins by over 15.5 Points,0.04,0.18,0.11,0.0,0.14,846726.0,1,2026-02-20 02:00:00+00:00,237.55
Sports,KXNCAAWBGAME-26FEB05SFSEA,San Francisco at Seattle,KXNCAAWBGAME-26FEB05SFSEA-SEA,Seattle,0.03,0.24,0.135,0.03,0.21,844359.39,1,2026-02-20 02:00:00+00:00,237.55
Sports,KXNCAAWBGAME-26FEB05SFSEA,San Francisco at Seattle,KXNCAAWBGAME-26FEB05SFSEA-SF,San Francisco,0.77,0.97,0.87,0.98,0.2,839001.61,1,2026-02-20 02:00:00+00:00,237.55
Sports,KXNHLSPREAD-26FEB05LAVGK,Los Angeles at Vegas: Spread,KXNHLSPREAD-26FEB05LAVGK-LA1,Los Angeles wins by over 1.5 goals,0.22,0.26,0.24,0.26,0.04,827683.19,1,2026-02-20 03:00:00+00:00,238.55
Sports,KXNFLOT-26FEB08SEANE,Will the Pro Football Championship go to overtime?,KXNFLOT-26FEB08SEANE-OT,Game goes to overtime,0.07,0.09,0.08,0.09,0.02,736187.02,1,2026-02-15 23:30:00+00:00,139.05
Sports,KXNCAAWBGAME-26FEB05UCICSB,UC Irvine at Cal State Bakersfield,KXNCAAWBGAME-26FEB05UCICSB-UCI,UC Irvine,0.96,0.98,0.97,0.95,0.02,692036.77,1,2026-02-20 02:30:00+00:00,238.05
Sports,KXNCAAWBGAME-26FEB05UCICSB,UC Irvine at Cal State Bakersfield,KXNCAAWBGAME-26FEB05UCICSB-CSB,Cal State Bakersfield,0.02,0.03,0.025,0.02,0.01,687970.24,1,2026-02-20 02:30:00+00:00,238.05
Sports,KXNHLPTS-26FEB05FLATB,FLA Panthers at TB Lightning: Points,KXNHLPTS-26FEB05FLATB-FLABMARCHAND63-1,Brad Marchand: 1+,0.1,0.99,0.545,0.52,0.89,576000.0,1,2026-02-20 00:30:00+00:00,236.05
Sports,KXNHLGOAL-26FEB05NSHWSH,NSH Predators at WSH Capitals: Anytime Goal,KXNHLGOAL-26FEB05NSHWSH-WSHSMILANO15,Sonny Milano,0.02,0.97,0.495,0.0,0.95,452645.0,1,2026-02-20 00:00:00+00:00,235.55
Sports,KXNHLPTS-26FEB05NSHWSH,NSH Predators at WSH Capitals: Points,KXNHLPTS-26FEB05NSHWSH-WSHSMILANO15-1,Sonny Milano: 1+,0.02,0.99,0.505,0.0,0.97,394000.0,1,2026-02-20 00:00:00+00:00,235.55
Sports,KXNHLTOTAL-26FEB05LAVGK,Los Angeles at Vegas: Total Points,KXNHLTOTAL-26FEB05LAVGK-5,Over 5.5 goals scored,0.53,0.54,0.535,0.54,0.01,328185.07,1,2026-02-20 03:00:00+00:00,238.55
Sports,KXNHLTOTAL-26FEB05LAVGK,Los Angeles at Vegas: Total Points,KXNHLTOTAL-26FEB05LAVGK-6,Over 6.5 goals scored,0.4,0.41,0.405,0.42,0.01,285506.16,1,2026-02-20 03:00:00+00:00,238.55
Sports,KXNHLFIRSTGOAL-26FEB05FLATB,FLA Panthers at TB Lightning: First Goal,KXNHLFIRSTGOAL-26FEB05FLATB-TBNPAUL20,Nick Paul,0.01,0.87,0.44,0.0,0.86,272405.2,1,2026-02-20 00:30:00+00:00,236.05
Sports,KXNHLFIRSTGOAL-26FEB05FLATB,FLA Panthers at TB Lightning: First Goal,KXNHLFIRSTGOAL-26FEB05FLATB-TBACIRELLI71,Anthony Cirelli,0.01,0.87,0.44,0.0,0.86,272405.2,1,2026-02-20 00:30:00+00:00,236.05
Sports,KXNHLGOAL-26FEB05FLATB,FLA Panthers at TB Lightning: Anytime Goal,KXNHLGOAL-26FEB05FLATB-FLABMARCHAND63,Brad Marchand,0.1,0.89,0.495,0.28,0.79,247708.94,1,2026-02-20 00:30:00+00:00,236.05
Sports,KXNHLGOAL-26FEB05FLATB,FLA Panthers at TB Lightning: Anytime Goal,KXNHLGOAL-26FEB05FLATB-TBNPAUL20,Nick Paul,0.01,0.97,0.49,0.0,0.96,246945.0,1,2026-02-20 00:30:00+00:00,236.05
Sports,KXNHLTOTAL-26FEB05LAVGK,Los Angeles at Vegas: Total Points,KXNHLTOTAL-26FEB05LAVGK-7,Over 7.5 goals scored,0.22,0.24,0.23,0.27,0.02,243302.97,1,2026-02-20 03:00:00+00:00,238.55
Sports,KXNHLGOAL-26FEB05FLATB,FLA Panthers at TB Lightning: Anytime Goal,KXNHLGOAL-26FEB05FLATB-TBACIRELLI71,Anthony Cirelli,0.01,0.97,0.49,0.0,0.96,227545.0,1,2026-02-20 00:30:00+00:00,236.05
Sports,KXNHLFIRSTGOAL-26FEB05NSHWSH,NSH Predators at WSH Capitals: First Goal,KXNHLFIRSTGOAL-26FEB05NSHWSH-WSHSMILANO15,Sonny Milano,0.0,0.15,0.2,0.2,,198351.22,1,2026-02-20 00:00:00+00:00,235.55
Sports,KXNHLPTS-26FEB05FLATB,FLA Panthers at TB Lightning: Points,KXNHLPTS-26FEB05FLATB-FLABMARCHAND63-2,Brad Marchand: 2+,0.01,0.99,0.5,0.0,0.98,198000.0,1,2026-02-20 00:30:00+00:00,236.05
Sports,KXNHLAST-26FEB05FLATB,FLA Panthers at TB Lightning: Assists,KXNHLAST-26FEB05FLATB-FLABMARCHAND63-1,Brad Marchand: 1+,0.01,0.99,0.5,0.0,0.98,198000.0,1,2026-02-20 00:30:00+00:00,236.05
Sports,KXNHLAST-26FEB05NSHWSH,NSH Predators at WSH Capitals: Assists,KXNHLAST-26FEB05NSHWSH-WSHSMILANO15-1,Sonny Milano: 1+,0.01,0.99,0.5,0.0,0.98,198000.0,1,2026-02-20 00:00:00+00:00,235.55
Sports,KXNHLTOTAL-26FEB05LAVGK,Los Angeles at Vegas: Total Points,KXNHLTOTAL-26FEB05LAVGK-3,Over 3.5 goals scored,0.86,0.87,0.865,0.87,0.01,192680.04,1,2026-02-20 03:00:00+00:00,238.55
Sports,KXEPLGAME-26FEB06LEENFO,Leeds United vs Nottingham,KXEPLGAME-26FEB06LEENFO-NFO,Nottingham,0.27,0.28,0.275,0.28,0.01,171253.08,1,2026-02-20 20:00:00+00:00,255.55
Sports,KXNHLTOTAL-26FEB05LAVGK,Los Angeles at Vegas: Total Points,KXNHLTOTAL-26FEB05LAVGK-4,Over 4.5 goals scored,0.73,0.76,0.745,0.76,0.03,169092.31,1,2026-02-20 03:00:00+00:00,238.55
Sports,KXLALIGAGAME-26FEB06RCCOSA,Celta Vigo vs Osasuna,KXLALIGAGAME-26FEB06RCCOSA-RCC,Celta Vigo,0.49,0.5,0.495,0.5,0.01,164374.68,1,2026-02-20 20:00:00+00:00,255.55
Sports,KXEPLGAME-26FEB06LEENFO,Leeds United vs Nottingham,KXEPLGAME-26FEB06LEENFO-LEE,Leeds United,0.43,0.44,0.435,0.44,0.01,163850.26,1,2026-02-20 20:00:00+00:00,255.55
Sports,KXATPCHALLENGERMATCH-26FEB05BOLUCH,Bolt vs Uchiyama,KXATPCHALLENGERMATCH-26FEB05BOLUCH-UCH,Yasutaka Uchiyama,0.56,0.57,0.565,0.59,0.01,163540.15,1,2026-02-20 01:00:00+00:00,236.55
Sports,KXEPLGAME-26FEB06LEENFO,Leeds United vs Nottingham,KXEPLGAME-26FEB06LEENFO-TIE,Tie,0.28,0.29,0.285,0.29,0.01,151474.04,1,2026-02-20 20:00:00+00:00,255.55
Sports,KXNHLFIRSTGOAL-26FEB05FLATB,FLA Panthers at TB Lightning: First Goal,KXNHLFIRSTGOAL-26FEB05FLATB-FLAERODRIGUES17,Evan Rodrigues,0.01,0.87,0.44,0.04,0.86,148905.2,1,2026-02-20 00:30:00+00:00,236.05
Sports,KXNHLFIRSTGOAL-26FEB05FLATB,FLA Panthers at TB Lightning: First Goal,KXNHLFIRSTGOAL-26FEB05FLATB-FLABMARCHAND63,Brad Marchand,0.01,0.87,0.44,0.0,0.86,148905.2,1,2026-02-20 00:30:00+00:00,236.05
Sports,KXNHLGOAL-26FEB05FLATB,FLA Panthers at TB Lightning: Anytime Goal,KXNHLGOAL-26FEB05FLATB-FLAERODRIGUES17,Evan Rodrigues,0.01,0.97,0.49,0.0,0.96,147945.0,1,2026-02-20 00:30:00+00:00,236.05
Sports,KXATPCHALLENGERMATCH-26FEB05BOLUCH,Bolt vs Uchiyama,KXATPCHALLENGERMATCH-26FEB05BOLUCH-BOL,Alex Bolt,0.42,0.45,0.435,0.42,0.03,143740.16,1,2026-02-20 01:00:00+00:00,236.55
Sports,KXNCAAMBGAME-26FEB05UTAUTU,UT Arlington at Utah Tech,KXNCAAMBGAME-26FEB05UTAUTU-UTA,UT Arlington,0.53,0.54,0.535,0.54,0.01,136893.88,1,2026-02-20 02:00:00+00:00,237.55
Sports,KXNCAAMBGAME-26FEB05UTAUTU,UT Arlington at Utah Tech,KXNCAAMBGAME-26FEB05UTAUTU-UTU,Utah Tech,0.48,0.49,0.485,0.48,0.01,133192.1,1,2026-02-20 02:00:00+00:00,237.55
Sports,KXLIGUE1GAME-26FEB06FCMLIL,Metz vs Lille,KXLIGUE1GAME-26FEB06FCMLIL-LIL,Lille,0.59,0.6,0.595,0.6,0.01,133093.19,1,2026-02-20 19:45:00+00:00,255.3
Sports,KXNCAAMBGAME-26FEB05UNCOWEB,Northern Colorado at Weber St.,KXNCAAMBGAME-26FEB05UNCOWEB-WEB,Weber St.,0.21,0.22,0.215,0.21,0.01,132309.46,1,2026-02-20 02:00:00+00:00,237.55
Sports,KXNCAAMBGAME-26FEB05EIUTNST,Eastern Illinois at Tennessee St.,KXNCAAMBGAME-26FEB05EIUTNST-EIU,Eastern Illinois,0.21,0.23,0.22,0.21,0.02,131307.13,1,2026-02-20 01:30:00+00:00,237.05
Sports,KXSERIEAGAME-26FEB06VERPIS,Hellas Verona vs Pisa,KXSERIEAGAME-26FEB06VERPIS-VER,Hellas Verona,0.41,0.42,0.415,0.42,0.01,130709.88,1,2026-02-20 19:45:00+00:00,255.3
Sports,KXNCAAMBGAME-26FEB05NEOMUND,Omaha at North Dakota,KXNCAAMBGAME-26FEB05NEOMUND-UND,North Dakota,0.35,0.36,0.355,0.35,0.01,127683.56,1,2026-02-20 01:00:00+00:00,236.55
Sports,KXNCAAMBGAME-26FEB05NEOMUND,Omaha at North Dakota,KXNCAAMBGAME-26FEB05NEOMUND-NEOM,Omaha,0.64,0.65,0.645,0.64,0.01,125953.66,1,2026-02-20 01:00:00+00:00,236.55
Sports,KXSERIEAGAME-26FEB06VERPIS,Hellas Verona vs Pisa,KXSERIEAGAME-26FEB06VERPIS-PIS,Pisa,0.27,0.28,0.275,0.28,0.01,125683.57,1,2026-02-20 19:45:00+00:00,255.3
Sports,KXNCAAMBGAME-26FEB05EIUTNST,Eastern Illinois at Tennessee St.,KXNCAAMBGAME-26FEB05EIUTNST-TNST,Tennessee St.,0.77,0.78,0.775,0.77,0.01,125636.43,1,2026-02-20 01:30:00+00:00,237.05
Sports,KXNCAAMBGAME-26FEB05DENNDSU,Denver at North Dakota St.,KXNCAAMBGAME-26FEB05DENNDSU-NDSU,North Dakota St.,0.09,0.12,0.105,0.1,0.03,110436.32,1,2026-02-20 01:00:00+00:00,236.55
Sports,KXWTAMATCH-26FEB06BEJTAU,Bejlek vs Tauson,KXWTAMATCH-26FEB06BEJTAU-TAU,Clara Tauson,0.67,0.68,0.675,0.68,0.01,106595.3,1,2026-02-20 12:00:00+00:00,247.55
Sports,KXNCAAMBGAME-26FEB05UNCOWEB,Northern Colorado at Weber St.,KXNCAAMBGAME-26FEB05UNCOWEB-UNCO,Northern Colorado,0.8,0.81,0.805,0.81,0.01,104762.78,1,2026-02-20 02:00:00+00:00,237.55
Sports,KXLALIGAGAME-26FEB06RCCOSA,Celta Vigo vs Osasuna,KXLALIGAGAME-26FEB06RCCOSA-OSA,Osasuna,0.22,0.23,0.225,0.23,0.01,104292.26,1,2026-02-20 20:00:00+00:00,255.55
Sports,KXCS2TOTALMAPS-26FEB01NRGMOUZ,IEM Krakow 2026: NRG vs. MOUZ Total Maps,KXCS2TOTALMAPS-26FEB01NRGMOUZ-3,Over 2.5 maps,0.0,0.34,0.34,0.34,,99445.85,1,2026-02-15 13:00:00+00:00,128.55
Sports,KXSERIEAGAME-26FEB06VERPIS,Hellas Verona vs Pisa,KXSERIEAGAME-26FEB06VERPIS-TIE,Tie,0.31,0.32,0.315,0.32,0.01,93156.23,1,2026-02-20 19:45:00+00:00,255.3
Sports,KXBUNDESLIGAGAME-26FEB06UNISGE,Union Berlin vs Frankfurt,KXBUNDESLIGAGAME-26FEB06UNISGE-SGE,Frankfurt,0.27,0.28,0.275,0.28,0.01,90817.64,1,2026-02-20 19:30:00+00:00,255.05
Sports,KXLIGUE1GAME-26FEB06FCMLIL,Metz vs Lille,KXLIGUE1GAME-26FEB06FCMLIL-FCM,Metz,0.17,0.18,0.175,0.18,0.01,88743.95,1,2026-02-20 19:45:00+00:00,255.3
Sports,KXLALIGAGAME-26FEB06RCCOSA,Celta Vigo vs Osasuna,KXLALIGAGAME-26FEB06RCCOSA-TIE,Tie,0.28,0.29,0.285,0.28,0.01,87588.08,1,2026-02-20 20:00:00+00:00,255.55
Sports,KXNCAAMBSPREAD-26FEB05OSUMD,Ohio St. at Maryland: Spread,KXNCAAMBSPREAD-26FEB05OSUMD-OSU13,Ohio St. wins by over 13.5 Points,0.5,0.51,0.505,0.5,0.01,85874.65,1,2026-02-20 01:30:00+00:00,237.05
Sports,KXBUNDESLIGAGAME-26FEB06UNISGE,Union Berlin vs Frankfurt,KXBUNDESLIGAGAME-26FEB06UNISGE-TIE,Tie,0.27,0.28,0.275,0.28,0.01,85561.24,1,2026-02-20 19:30:00+00:00,255.05
Sports,KXNCAAMBGAME-26FEB05DENNDSU,Denver at North Dakota St.,KXNCAAMBGAME-26FEB05DENNDSU-DEN,Denver,0.87,0.89,0.88,0.87,0.02,82602.65,1,2026-02-20 01:00:00+00:00,236.55
Sports,KXBUNDESLIGAGAME-26FEB06UNISGE,Union Berlin vs Frankfurt,KXBUNDESLIGAGAME-26FEB06UNISGE-UNI,Union Berlin,0.44,0.45,0.445,0.45,0.01,81830.15,1,2026-02-20 19:30:00+00:00,255.05
Sports,KXWTAMATCH-26FEB06CIRSNI,Cirstea vs Snigur,KXWTAMATCH-26FEB06CIRSNI-CIR,Sorana Cirstea,0.71,0.72,0.715,0.75,0.01,77963.5,1,2026-02-20 16:10:00+00:00,251.71
Sports,KXNCAAMBSPREAD-26FEB05MEMUAB,Memphis at UAB: Spread,KXNCAAMBSPREAD-26FEB05MEMUAB-MEM11,Memphis wins by over 11.5 Points,0.19,0.22,0.205,0.21,0.03,77286.49,1,2026-02-20 02:00:00+00:00,237.55
Sports,KXLIGUE1GAME-26FEB06FCMLIL,Metz vs Lille,KXLIGUE1GAME-26FEB06FCMLIL-TIE,Tie,0.22,0.23,0.225,0.23,0.01,74795.36,1,2026-02-20 19:45:00+00:00,255.3
Sports,KXNCAAMBSPREAD-26FEB05OSUMD,Ohio St. at Maryland: Spread,KXNCAAMBSPREAD-26FEB05OSUMD-OSU19,Ohio St. wins by over 19.5 Points,0.15,0.24,0.195,0.18,0.09,74094.98,1,2026-02-20 01:30:00+00:00,237.05
Sports,KXEUROLEAGUEGAME-26FEB06ZALEFS,BC Zalgiris Kaunas at Anadolu Efes SK,KXEUROLEAGUEGAME-26FEB06ZALEFS-EFS,Anadolu Efes SK,0.45,0.46,0.455,0.45,0.01,74018.68,1,2026-02-20 17:30:00+00:00,253.05
Sports,KXATPCHALLENGERMATCH-26FEB05ELLMCC,Ellis vs McCabe,KXATPCHALLENGERMATCH-26FEB05ELLMCC-MCC,James McCabe,0.68,0.71,0.695,0.71,0.03,72441.93,1,2026-02-20 04:40:00+00:00,240.21
Sports,KXNCAAMBSPREAD-26FEB05ACUVU,Abilene Christian at Utah Valley: Spread,KXNCAAMBSPREAD-26FEB05ACUVU-UVU19,Utah Valley wins by over 19.5 Points,0.1,0.79,0.445,0.76,0.69,70021.76,1,2026-02-20 01:00:00+00:00,236.55
Sports,KXNCAAMBSPREAD-26FEB05MEMUAB,Memphis at UAB: Spread,KXNCAAMBSPREAD-26FEB05MEMUAB-MEM8,Memphis wins by over 8.5 Points,0.29,0.31,0.3,0.31,0.02,69792.82,1,2026-02-20 02:00:00+00:00,237.55
Sports,KXWTAMATCH-26FEB06BAPALE,Baptiste vs Alexandrova,KXWTAMATCH-26FEB06BAPALE-ALE,Ekaterina Alexandrova,0.75,0.76,0.755,0.76,0.01,68726.82,1,2026-02-20 14:00:00+00:00,249.55
Sports,KXEUROLEAGUEGAME-26FEB06VIBOPI,Virtus Bologna at BC Olympiakos Piraeus,KXEUROLEAGUEGAME-26FEB06VIBOPI-VIB,Virtus Bologna,0.11,0.13,0.12,0.13,0.02,66659.76,1,2026-02-20 19:15:00+00:00,254.8
Sports,KXWTAMATCH-26FEB06SASGRA,Sasnovich vs Gracheva,KXWTAMATCH-26FEB06SASGRA-SAS,Aliaksandra Sasnovich,0.64,0.67,0.655,0.67,0.03,65202.74,1,2026-02-20 08:00:00+00:00,243.55
Sports,KXNCAAMBSPREAD-26FEB05MEMUAB,Memphis at UAB: Spread,KXNCAAMBSPREAD-26FEB05MEMUAB-MEM2,Memphis wins by over 2.5 Points,0.56,0.58,0.57,0.58,0.02,64271.86,1,2026-02-20 02:00:00+00:00,237.55
Sports,KXEUROLEAGUEGAME-26FEB06OLMASV,Olimpia Milano at ASVEL Lyon-Villeurbanne,KXEUROLEAGUEGAME-26FEB06OLMASV-OLM,Olimpia Milano,0.58,0.6,0.59,0.6,0.02,63304.35,1,2026-02-20 19:00:00+00:00,254.55
Sports,KXWTAMATCH-26FEB06KARWAL,Kartal vs Waltert,KXWTAMATCH-26FEB06KARWAL-KAR,Sonay Kartal,0.78,0.8,0.79,0.8,0.02,63276.81,1,2026-02-20 07:00:00+00:00,242.55
Sports,KXNCAAMBGAME-26FEB05MORESEMO,Morehead St. at Southeast Missouri St.,KXNCAAMBGAME-26FEB05MORESEMO-MORE,Morehead St.,0.02,0.03,0.025,0.06,0.01,63233.53,1,2026-02-20 01:30:00+00:00,237.05
Sports,KXEUROLEAGUEGAME-26FEB06FCBBVG,FC Barcelona at Baskonia Vitoria-Gasteiz,KXEUROLEAGUEGAME-26FEB06FCBBVG-BVG,Baskonia Vitoria-Gasteiz,0.4,0.43,0.415,0.43,0.03,63071.55,1,2026-02-20 19:30:00+00:00,255.05
Sports,KXNCAAMBSPREAD-26FEB05IDHOMTST,Idaho at Montana St.: Spread,KXNCAAMBSPREAD-26FEB05IDHOMTST-MTST6,Montana St. wins by over 6.5 Points,0.56,0.59,0.575,0.79,0.03,63002.52,1,2026-02-20 02:00:00+00:00,237.55
Sports,KXWTAMATCH-26FEB06ZAKGRA,Zakharova vs Grabher,KXWTAMATCH-26FEB06ZAKGRA-ZAK,Anastasia Zakharova,0.64,0.65,0.645,0.63,0.01,62599.72,1,2026-02-20 08:00:00+00:00,243.55
Sports,KXNCAAMBSPREAD-26FEB05MEMUAB,Memphis at UAB: Spread,KXNCAAMBSPREAD-26FEB05MEMUAB-MEM5,Memphis wins by over 5.5 Points,0.42,0.45,0.435,0.45,0.03,62445.88,1,2026-02-20 02:00:00+00:00,237.55
Sports,KXNCAAMBSPREAD-26FEB05IDHOMTST,Idaho at Montana St.: Spread,KXNCAAMBSPREAD-26FEB05IDHOMTST-MTST9,Montana St. wins by over 9.5 Points,0.42,0.45,0.435,0.45,0.03,62309.27,1,2026-02-20 02:00:00+00:00,237.55
Sports,KXWTAMATCH-26FEB06RADOLI,Raducanu vs Oliynykova,KXWTAMATCH-26FEB06RADOLI-RAD,Emma Raducanu,0.83,0.84,0.835,0.85,0.01,62134.89,1,2026-02-20 13:00:00+00:00,248.55
Sports,KXNCAAMBGAME-26FEB05USIUTM,Southern Indiana at Tennessee-Martin,KXNCAAMBGAME-26FEB05USIUTM-USI,Southern Indiana,0.02,0.03,0.025,0.03,0.01,61669.93,1,2026-02-20 01:30:00+00:00,237.05
Sports,KXEUROLEAGUEGAME-26FEB06ZALEFS,BC Zalgiris Kaunas at Anadolu Efes SK,KXEUROLEAGUEGAME-26FEB06ZALEFS-ZAL,BC Zalgiris Kaunas,0.52,0.55,0.535,0.55,0.03,61643.89,1,2026-02-20 17:30:00+00:00,253.05
Sports,KXNCAAMBSPREAD-26FEB05IDHOMTST,Idaho at Montana St.: Spread,KXNCAAMBSPREAD-26FEB05IDHOMTST-MTST3,Montana St. wins by over 3.5 Points,0.68,0.74,0.71,0.81,0.06,61578.61,1,2026-02-20 02:00:00+00:00,237.55
Sports,KXEUROLEAGUEGAME-26FEB06OLMASV,Olimpia Milano at ASVEL Lyon-Villeurbanne,KXEUROLEAGUEGAME-26FEB06OLMASV-ASV,ASVEL Lyon-Villeurbanne,0.39,0.42,0.405,0.42,0.03,61046.71,1,2026-02-20 19:00:00+00:00,254.55
Sports,KXWTAMATCH-26FEB06FRECEN,Frech vs Cengiz,KXWTAMATCH-26FEB06FRECEN-FRE,Magdalena Frech,0.9,0.91,0.905,0.9,0.01,60371.78,1,2026-02-20 07:00:00+00:00,242.55
Sports,KXLOLGAME-26FEB06BRODRX,LCK Cup 2026: OKSavingsBank BRION vs. DRX,KXLOLGAME-26FEB06BRODRX-BRO,OKSavingsBank BRION,0.41,0.43,0.42,0.41,0.02,60323.73,1,2026-02-20 08:00:00+00:00,243.55
Sports,KXEUROLEAGUEGAME-26FEB06FCBBVG,FC Barcelona at Baskonia Vitoria-Gasteiz,KXEUROLEAGUEGAME-26FEB06FCBBVG-FCB,FC Barcelona,0.57,0.58,0.575,0.58,0.01,60183.22,1,2026-02-20 19:30:00+00:00,255.05
Sports,KXWTAMATCH-26FEB06KAWSEI,Kawa vs Seidel,KXWTAMATCH-26FEB06KAWSEI-SEI,Ella Seidel,0.78,0.81,0.795,0.8,0.03,60100.24,1,2026-02-20 07:00:00+00:00,242.55
Sports,KXEUROLEAGUEGAME-26FEB06MTACZV,Maccabi Tel-Aviv at KK Crvena zvezda Belgrade,KXEUROLEAGUEGAME-26FEB06MTACZV-MTA,Maccabi Tel-Aviv,0.25,0.28,0.265,0.28,0.03,59659.39,1,2026-02-20 19:00:00+00:00,254.55
Sports,KXEUROLEAGUEGAME-26FEB06MTACZV,Maccabi Tel-Aviv at KK Crvena zvezda Belgrade,KXEUROLEAGUEGAME-26FEB06MTACZV-CZV,KK Crvena zvezda Belgrade,0.72,0.74,0.73,0.72,0.02,59309.61,1,2026-02-20 19:00:00+00:00,254.55
Sports,KXLOLGAME-26FEB06WBIG,LPL 2026: Weibo Gaming vs. Invictus Gaming,KXLOLGAME-26FEB06WBIG-WB,Weibo Gaming,0.65,0.66,0.655,0.66,0.01,59246.74,1,2026-02-20 07:00:00+00:00,242.55
Sports,KXNCAAMBSPREAD-26FEB05MEMUAB,Memphis at UAB: Spread,KXNCAAMBSPREAD-26FEB05MEMUAB-MEM14,Memphis wins by over 14.5 Points,0.08,0.13,0.105,0.17,0.05,58776.31,1,2026-02-20 02:00:00+00:00,237.55
Sports,KXWTAMATCH-26FEB06COCGOR,Cocciaretto vs Gorgodze,KXWTAMATCH-26FEB06COCGOR-COC,Elisabetta Cocciaretto,0.84,0.87,0.855,0.87,0.03,58397.92,1,2026-02-20 07:00:00+00:00,242.55
Sports,KXWTAMATCH-26FEB06ZVOZHA,Zvonareva vs Zhang,KXWTAMATCH-26FEB06ZVOZHA-ZHA,Shuai Zhang,0.74,0.77,0.755,0.78,0.03,58320.12,1,2026-02-20 07:00:00+00:00,242.55
Sports,KXNCAAMBSPREAD-26FEB05NEOMUND,Omaha at North Dakota: Spread,KXNCAAMBSPREAD-26FEB05NEOMUND-NEOM2,Omaha wins by over 2.5 Points,0.5,0.59,0.545,0.5,0.09,57227.18,1,2026-02-20 01:00:00+00:00,236.55
Sports,KXNCAAMBSPREAD-26FEB05UCSBUCD,UC Santa Barbara at UC Davis: Spread,KXNCAAMBSPREAD-26FEB05UCSBUCD-UCD1,UC Davis wins by over 1.5 Points,0.53,0.58,0.555,0.48,0.05,56837.75,1,2026-02-20 02:00:00+00:00,237.55
Sports,KXNCAAMBSPREAD-26FEB05UCSBUCD,UC Santa Barbara at UC Davis: Spread,KXNCAAMBSPREAD-26FEB05UCSBUCD-UCD4,UC Davis wins by over 4.5 Points,0.34,0.38,0.36,0.48,0.04,56713.53,1,2026-02-20 02:00:00+00:00,237.55
Sports,KXLOLGAME-26FEB06WBIG,LPL 2026: Weibo Gaming vs. Invictus Gaming,KXLOLGAME-26FEB06WBIG-IG,Invictus Gaming,0.34,0.35,0.345,0.36,0.01,56547.95,1,2026-02-20 07:00:00+00:00,242.55
Sports,KXNCAAMBSPREAD-26FEB05OSUMD,Ohio St. at Maryland: Spread,KXNCAAMBSPREAD-26FEB05OSUMD-OSU10,Ohio St. wins by over 10.5 Points,0.56,0.61,0.585,0.59,0.05,56363.02,1,2026-02-20 01:30:00+00:00,237.05
Sports,KXKBLGAME-26FEB06PHOKNI,Mobis Phoebus at Seoul SK Knights,KXKBLGAME-26FEB06PHOKNI-KNI,Seoul SK Knights,0.67,0.7,0.685,0.69,0.03,56175.15,1,2026-02-20 10:00:00+00:00,245.55
Sports,KXNCAAMBSPREAD-26FEB05UCSBUCD,UC Santa Barbara at UC Davis: Spread,KXNCAAMBSPREAD-26FEB05UCSBUCD-UCSB2,UC Santa Barbara wins by over 2.5 Points,0.3,0.36,0.33,0.34,0.06,56003.95,1,2026-02-20 02:00:00+00:00,237.55
Sports,KXNCAAMBSPREAD-26FEB05UCSBUCD,UC Santa Barbara at UC Davis: Spread,KXNCAAMBSPREAD-26FEB05UCSBUCD-UCSB5,UC Santa Barbara wins by over 5.5 Points,0.16,0.23,0.195,0.2,0.07,55836.58,1,2026-02-20 02:00:00+00:00,237.55
Sports,KXNCAAMBSPREAD-26FEB05NEOMUND,Omaha at North Dakota: Spread,KXNCAAMBSPREAD-26FEB05NEOMUND-NEOM5,Omaha wins by over 5.5 Points,0.29,0.37,0.33,0.48,0.08,55834.5,1,2026-02-20 01:00:00+00:00,236.55
Sports,KXNCAAMBSPREAD-26FEB05NEOMUND,Omaha at North Dakota: Spread,KXNCAAMBSPREAD-26FEB05NEOMUND-UND1,North Dakota wins by over 1.5 Points,0.16,0.27,0.215,0.47,0.11,55586.52,1,2026-02-20 01:00:00+00:00,236.55
Sports,KXNCAAMBGAME-26FEB05LINWUALR,Lindenwood at Little Rock,KXNCAAMBGAME-26FEB05LINWUALR-LINW,Lindenwood,0.63,0.65,0.64,0.65,0.02,55140.32,1,2026-02-20 01:00:00+00:00,236.55
Sports,KXWTAMATCH-26FEB06BEJTAU,Bejlek vs Tauson,KXWTAMATCH-26FEB06BEJTAU-BEJ,Sara Bejlek,0.33,0.34,0.335,0.34,0.01,54749.26,1,2026-02-20 12:00:00+00:00,247.55
Sports,KXEUROLEAGUEGAME-26FEB06VIBOPI,Virtus Bologna at BC Olympiakos Piraeus,KXEUROLEAGUEGAME-26FEB06VIBOPI-OPI,BC Olympiakos Piraeus,0.86,0.87,0.865,0.86,0.01,54682.26,1,2026-02-20 19:15:00+00:00,254.8
Sports,KXNBLGAME-26FEB06BRITAS,Brisbane Bullets at Tasmania Jackjumpers,KXNBLGAME-26FEB06BRITAS-BRI,Brisbane Bullets,0.16,0.17,0.165,0.17,0.01,54307.06,1,2026-02-20 08:30:00+00:00,244.05
Sports,KXCS2GAME-26FEB06MOUZG2,IEM Krakow 2026: MOUZ vs. G2,KXCS2GAME-26FEB06MOUZG2-G2,G2,0.39,0.4,0.395,0.4,0.01,54010.51,1,2026-02-20 18:00:00+00:00,253.55
Sports,KXLOLGAME-26FEB06BRODRX,LCK Cup 2026: OKSavingsBank BRION vs. DRX,KXLOLGAME-26FEB06BRODRX-DRX,DRX,0.55,0.57,0.56,0.57,0.02,53628.72,1,2026-02-20 08:00:00+00:00,243.55
Sports,KXLOLGAME-26FEB06BLGAL,LPL 2026: Bilibili Gaming vs. Anyone's Legend,KXLOLGAME-26FEB06BLGAL-BLG,Bilibili Gaming,0.51,0.52,0.515,0.52,0.01,53520.39,1,2026-02-20 09:00:00+00:00,244.55
Sports,KXCS2GAME-26FEB06MOUZG2,IEM Krakow 2026: MOUZ vs. G2,KXCS2GAME-26FEB06MOUZG2-MOUZ,MOUZ,0.61,0.62,0.615,0.62,0.01,51375.39,1,2026-02-20 18:00:00+00:00,253.55
Sports,KXATPMATCH-26FEB06MANGEA,Mannarino vs Gea,KXATPMATCH-26FEB06MANGEA-GEA,Arthur Gea,0.58,0.59,0.585,0.6,0.01,50941.13,1,2026-02-20 11:30:00+00:00,247.05
Sports,KXDOTA2GAME-26FEB06RNXHEROIC,BLAST Slam 2026: REKONIX vs. Heroic,KXDOTA2GAME-26FEB06RNXHEROIC-RNX,REKONIX,0.24,0.32,0.28,0.0,0.08,50422.33,1,2026-02-20 14:00:00+00:00,249.55
Sports,KXBUNDESLIGATOTAL-26FEB06UNISGE,Frankfurt at Union Berlin: Totals,KXBUNDESLIGATOTAL-26FEB06UNISGE-1,Over 1.5 goals scored,0.72,0.74,0.73,0.74,0.02,50368.52,1,2026-02-20 19:30:00+00:00,255.05
Sports,KXATPCHALLENGERMATCH-26FEB06BARTRA,Barranco Cosano vs Travaglia,KXATPCHALLENGERMATCH-26FEB06BARTRA-TRA,Stefano Travaglia,0.72,0.75,0.735,0.75,0.03,49989.94,1,2026-02-20 11:00:00+00:00,246.55
Sports,KXNCAAMBGAME-26FEB05LINWUALR,Lindenwood at Little Rock,KXNCAAMBGAME-26FEB05LINWUALR-UALR,Little Rock,0.38,0.39,0.385,0.38,0.01,49956.93,1,2026-02-20 01:00:00+00:00,236.55
Sports,KXNBLGAME-26FEB06CARPER,Cairns Taipans at Perth Wildcats,KXNBLGAME-26FEB06CARPER-CAR,Cairns Taipans,0.08,0.09,0.085,0.09,0.01,49784.51,1,2026-02-20 10:30:00+00:00,246.05
Sports,KXCS2GAME-26FEB06FURIAAUR,IEM Krakow 2026: FURIA vs. Aurora Gaming,KXCS2GAME-26FEB06FURIAAUR-AUR,Aurora Gaming,0.34,0.37,0.355,0.37,0.03,49098.76,1,2026-02-20 14:45:00+00:00,250.3
Sports,KXWTAMATCH-26FEB06VALROD,Valentova vs Rodionova,KXWTAMATCH-26FEB06VALROD-VAL,Tereza Valentova,0.93,0.95,0.94,0.94,0.02,49000.71,1,2026-02-20 07:00:00+00:00,242.55
Sports,KXCS2GAME-26FEB06FURIAAUR,IEM Krakow 2026: FURIA vs. Aurora Gaming,KXCS2GAME-26FEB06FURIAAUR-FURIA,FURIA,0.63,0.65,0.64,0.65,0.02,48518.73,1,2026-02-20 14:45:00+00:00,250.3
Sports,KXNCAAMBSPREAD-26FEB05OSUMD,Ohio St. at Maryland: Spread,KXNCAAMBSPREAD-26FEB05OSUMD-OSU7,Ohio St. wins by over 7.5 Points,0.74,0.75,0.745,0.74,0.01,48509.05,1,2026-02-20 01:30:00+00:00,237.05
Sports,KXSCOTTISHPREMGAME-26FEB04DUNMOT,Dundee FC vs Motherwell,KXSCOTTISHPREMGAME-26FEB04DUNMOT-MOT,Motherwell,0.42,0.5,0.46,0.49,0.08,48482.11,1,2026-02-18 19:45:00+00:00,207.3
Sports,KXEFLCHAMPIONSHIPGAME-26FEB06CHAQPR,Charlton vs QPR,KXEFLCHAMPIONSHIPGAME-26FEB06CHAQPR-TIE,Tie,0.3,0.31,0.305,0.31,0.01,48363.3,1,2026-02-20 20:01:00+00:00,255.56
Sports,KXKBLGAME-26FEB06PHOKNI,Mobis Phoebus at Seoul SK Knights,KXKBLGAME-26FEB06PHOKNI-PHO,Mobis Phoebus,0.31,0.33,0.32,0.33,0.02,48319.75,1,2026-02-20 10:00:00+00:00,245.55
Sports,KXNCAAMBSPREAD-26FEB05OSUMD,Ohio St. at Maryland: Spread,KXNCAAMBSPREAD-26FEB05OSUMD-OSU16,Ohio St. wins by over 16.5 Points,0.31,0.34,0.325,0.3,0.03,47863.41,1,2026-02-20 01:30:00+00:00,237.05
Sports,KXNCAAMBGAME-26FEB05WIUTNTC,Western Illinois at Tennessee Tech,KXNCAAMBGAME-26FEB05WIUTNTC-WIU,Western Illinois,0.02,0.03,0.025,0.02,0.01,47635.59,1,2026-02-20 01:30:00+00:00,237.05
Sports,KXNBLGAME-26FEB06BRITAS,Brisbane Bullets at Tasmania Jackjumpers,KXNBLGAME-26FEB06BRITAS-TAS,Tasmania Jackjumpers,0.82,0.84,0.83,0.82,0.02,47496.63,1,2026-02-20 08:30:00+00:00,244.05
Sports,KXNCAAMBSPREAD-26FEB05IDHOMTST,Idaho at Montana St.: Spread,KXNCAAMBSPREAD-26FEB05IDHOMTST-IDHO3,Idaho wins by over 3.5 Points,0.05,0.14,0.095,0.0,0.09,46514.13,1,2026-02-20 02:00:00+00:00,237.55
Sports,KXNCAAMBSPREAD-26FEB05OSUMD,Ohio St. at Maryland: Spread,KXNCAAMBSPREAD-26FEB05OSUMD-OSU22,Ohio St. wins by over 22.5 Points,0.06,0.15,0.105,0.16,0.09,46413.72,1,2026-02-20 01:30:00+00:00,237.05
Sports,KXNBASPREAD-26FEB05CHAHOU,Charlotte at Houston: Spread,KXNBASPREAD-26FEB05CHAHOU-CHA3,Charlotte wins by over 3.5 Points,0.78,0.79,0.785,0.77,0.01,45560.01,1,2026-02-20 01:00:00+00:00,236.55
Sports,KXNCAAMBSPREAD-26FEB05OSUMD,Ohio St. at Maryland: Spread,KXNCAAMBSPREAD-26FEB05OSUMD-OSU1,Ohio St. wins by over 1.5 Points,0.87,0.95,0.91,0.92,0.08,45523.76,1,2026-02-20 01:30:00+00:00,237.05
Sports,KXSERIEATOTAL-26FEB06VERPIS,Pisa at Hellas Verona: Totals,KXSERIEATOTAL-26FEB06VERPIS-2,Over 2.5 goals scored,0.38,0.4,0.39,0.41,0.02,45244.46,1,2026-02-20 19:45:00+00:00,255.3
Sports,KXJBLEAGUEGAME-26FEB06NAGBRE,Nagasaki Velca at Utsunomiya Brex,KXJBLEAGUEGAME-26FEB06NAGBRE-NAG,Nagasaki Velca,0.57,0.61,0.59,0.0,0.04,44491.63,1,2026-02-20 10:05:00+00:00,245.63
Sports,KXEFLCHAMPIONSHIPGAME-26FEB06CHAQPR,Charlton vs QPR,KXEFLCHAMPIONSHIPGAME-26FEB06CHAQPR-QPR,QPR,0.34,0.37,0.355,0.37,0.03,44370.9,1,2026-02-20 20:01:00+00:00,255.56
Sports,KXWTAMATCH-26FEB06RUZSTA,Ruzic vs Starodubtseva,KXWTAMATCH-26FEB06RUZSTA-RUZ,Antonia Ruzic,0.57,0.59,0.58,0.59,0.02,44145.62,1,2026-02-20 08:00:00+00:00,243.55
Sports,KXJBLEAGUEGAME-26FEB06NAGBRE,Nagasaki Velca at Utsunomiya Brex,KXJBLEAGUEGAME-26FEB06NAGBRE-BRE,Utsunomiya Brex,0.39,0.43,0.41,0.0,0.04,42812.04,1,2026-02-20 10:05:00+00:00,245.63
Sports,KXATPCHALLENGERMATCH-26FEB05LADEL,La Serna vs Dellien,KXATPCHALLENGERMATCH-26FEB05LADEL-LA,Juan Manuel La Serna,0.15,0.16,0.155,0.14,0.01,42731.31,1,2026-02-19 22:10:00+00:00,233.71
Sports,KXSERIEATOTAL-26FEB06VERPIS,Pisa at Hellas Verona: Totals,KXSERIEATOTAL-26FEB06VERPIS-1,Over 1.5 goals scored,0.66,0.68,0.67,0.66,0.02,42181.42,1,2026-02-20 19:45:00+00:00,255.3
Sports,KXNCAAMBSPREAD-26FEB05UCSBUCD,UC Santa Barbara at UC Davis: Spread,KXNCAAMBSPREAD-26FEB05UCSBUCD-UCSB8,UC Santa Barbara wins by over 8.5 Points,0.05,0.36,0.205,0.27,0.31,41953.52,1,2026-02-20 02:00:00+00:00,237.55
Sports,KXNBASPREAD-26FEB05CHAHOU,Charlotte at Houston: Spread,KXNBASPREAD-26FEB05CHAHOU-CHA12,Charlotte wins by over 12.5 Points,0.34,0.35,0.345,0.32,0.01,41648.31,1,2026-02-20 01:00:00+00:00,236.55
Sports,KXATPMATCH-26FEB06DAMNAR,Damm Jr vs Nardi,KXATPMATCH-26FEB06DAMNAR-DAM,Martin Damm Jr,0.54,0.55,0.545,0.55,0.01,41277.04,1,2026-02-20 14:40:00+00:00,250.21
Sports,KXSCOTTISHPREMGAME-26FEB04DUNMOT,Dundee FC vs Motherwell,KXSCOTTISHPREMGAME-26FEB04DUNMOT-TIE,Tie,0.16,0.41,0.285,0.15,0.25,41202.04,1,2026-02-18 19:45:00+00:00,207.3
Sports,KXDOTA2GAME-26FEB06RNXHEROIC,BLAST Slam 2026: REKONIX vs. Heroic,KXDOTA2GAME-26FEB06RNXHEROIC-HEROIC,Heroic,0.7,0.84,0.77,0.0,0.14,41117.69,1,2026-02-20 14:00:00+00:00,249.55
Sports,KXNCAAMBSPREAD-26FEB05NEOMUND,Omaha at North Dakota: Spread,KXNCAAMBSPREAD-26FEB05NEOMUND-UND4,North Dakota wins by over 4.5 Points,0.05,0.15,0.1,0.38,0.1,41088.13,1,2026-02-20 01:00:00+00:00,236.55
Sports,KXNCAAMBSPREAD-26FEB05UTAUTU,UT Arlington at Utah Tech: Spread,KXNCAAMBSPREAD-26FEB05UTAUTU-UTA11,UT Arlington wins by over 11.5 Points,0.04,0.13,0.085,0.0,0.09,40751.13,1,2026-02-20 02:00:00+00:00,237.55
Sports,KXBUNDESLIGATOTAL-26FEB06UNISGE,Frankfurt at Union Berlin: Totals,KXBUNDESLIGATOTAL-26FEB06UNISGE-2,Over 2.5 goals scored,0.46,0.48,0.47,0.48,0.02,40699.11,1,2026-02-20 19:30:00+00:00,255.05
Sports,KXNCAAMBSPREAD-26FEB05UNCOWEB,Northern Colorado at Weber St.: Spread,KXNCAAMBSPREAD-26FEB05UNCOWEB-WEB5,Weber St. wins by over 5.5 Points,0.04,0.11,0.075,0.27,0.07,40428.31,1,2026-02-20 02:00:00+00:00,237.55
Sports,KXNCAAMBSPREAD-26FEB05UNCOWEB,Northern Colorado at Weber St.: Spread,KXNCAAMBSPREAD-26FEB05UNCOWEB-WEB2,Weber St. wins by over 2.5 Points,0.09,0.18,0.135,0.34,0.09,40409.48,1,2026-02-20 02:00:00+00:00,237.55
Sports,KXNCAAMBSPREAD-26FEB05UTAUTU,UT Arlington at Utah Tech: Spread,KXNCAAMBSPREAD-26FEB05UTAUTU-UTA8,UT Arlington wins by over 8.5 Points,0.12,0.2,0.16,0.2,0.08,40281.59,1,2026-02-20 02:00:00+00:00,237.55
Sports,KXATPMATCH-26FEB06MANGEA,Mannarino vs Gea,KXATPMATCH-26FEB06MANGEA-MAN,Adrian Mannarino,0.41,0.42,0.415,0.42,0.01,39923.55,1,2026-02-20 11:30:00+00:00,247.05
Sports,KXNCAAMBSPREAD-26FEB05UTAUTU,UT Arlington at Utah Tech: Spread,KXNCAAMBSPREAD-26FEB05UTAUTU-UTA5,UT Arlington wins by over 5.5 Points,0.27,0.31,0.29,0.3,0.04,39854.3,1,2026-02-20 02:00:00+00:00,237.55
Sports,KXNCAAMBSPREAD-26FEB05UTAUTU,UT Arlington at Utah Tech: Spread,KXNCAAMBSPREAD-26FEB05UTAUTU-UTU1,Utah Tech wins by over 1.5 Points,0.39,0.44,0.415,0.41,0.05,39816.14,1,2026-02-20 02:00:00+00:00,237.55
Sports,KXNCAAMBSPREAD-26FEB05UTAUTU,UT Arlington at Utah Tech: Spread,KXNCAAMBSPREAD-26FEB05UTAUTU-UTU4,Utah Tech wins by over 4.5 Points,0.26,0.3,0.28,0.33,0.04,39546.12,1,2026-02-20 02:00:00+00:00,237.55
Sports,KXNBA3PT-26FEB05SASDAL,San Antonio at Dallas: Three Pointers,KXNBA3PT-26FEB05SASDAL-DALCFLAGG32-1,Cooper Flagg: 1+,0.5,0.51,0.505,0.51,0.01,39542.17,1,2026-02-20 01:30:00+00:00,237.05
Sports,KXNCAAMBSPREAD-26FEB05UNCOWEB,Northern Colorado at Weber St.: Spread,KXNCAAMBSPREAD-26FEB05UNCOWEB-UNCO4,Northern Colorado wins by over 4.5 Points,0.58,0.63,0.605,0.63,0.05,39468.8,1,2026-02-20 02:00:00+00:00,237.55
Sports,KXNCAAMBSPREAD-26FEB05UNCOWEB,Northern Colorado at Weber St.: Spread,KXNCAAMBSPREAD-26FEB05UNCOWEB-UNCO1,Northern Colorado wins by over 1.5 Points,0.72,0.79,0.755,0.79,0.07,39460.61,1,2026-02-20 02:00:00+00:00,237.55
Sports,KXNCAAMBSPREAD-26FEB05UTAUTU,UT Arlington at Utah Tech: Spread,KXNCAAMBSPREAD-26FEB05UTAUTU-UTA2,UT Arlington wins by over 2.5 Points,0.4,0.45,0.425,0.39,0.05,38988.27,1,2026-02-20 02:00:00+00:00,237.55
Sports,KXNCAAMBSPREAD-26FEB05UNCOWEB,Northern Colorado at Weber St.: Spread,KXNCAAMBSPREAD-26FEB05UNCOWEB-UNCO7,Northern Colorado wins by over 7.5 Points,0.44,0.49,0.465,0.5,0.05,38943.31,1,2026-02-20 02:00:00+00:00,237.55
Sports,KXDOTA2GAME-26FEB06MOUZGL,BLAST Slam 2026: MOUZ vs. GamerLegion,KXDOTA2GAME-26FEB06MOUZGL-MOUZ,MOUZ,0.5,0.71,0.605,0.0,0.21,38800.17,1,2026-02-20 17:00:00+00:00,252.55
Sports,KXEREDIVISIEGAME-26FEB06BREEXC,Breda vs Excelsior,KXEREDIVISIEGAME-26FEB06BREEXC-EXC,Excelsior,0.2,0.23,0.215,0.23,0.03,38362.15,1,2026-02-20 19:00:00+00:00,254.55
Sports,KXNCAAMBGAME-26FEB05MORESEMO,Morehead St. at Southeast Missouri St.,KXNCAAMBGAME-26FEB05MORESEMO-SEMO,Southeast Missouri St.,0.97,0.98,0.975,0.98,0.01,38178.83,1,2026-02-20 01:30:00+00:00,237.05
Sports,KXDOTA2GAME-26FEB06MOUZGL,BLAST Slam 2026: MOUZ vs. GamerLegion,KXDOTA2GAME-26FEB06MOUZGL-GL,GamerLegion,0.29,0.5,0.395,0.0,0.21,38141.49,1,2026-02-20 17:00:00+00:00,252.55
Sports,KXNCAAMBSPREAD-26FEB05MORESEMO,Morehead St. at Southeast Missouri St.: Spread,KXNCAAMBSPREAD-26FEB05MORESEMO-SEMO14,Southeast Missouri St. wins by over 14.5 Points,0.49,0.57,0.53,0.42,0.08,38121.03,1,2026-02-20 01:30:00+00:00,237.05
Sports,KXWTAMATCH-26FEB06UCHSRA,Uchijima vs Sramkova,KXWTAMATCH-26FEB06UCHSRA-SRA,Rebecca Sramkova,0.57,0.58,0.575,0.61,0.01,37993.23,1,2026-02-20 07:00:00+00:00,242.55
Sports,KXNCAAMBSPREAD-26FEB05MORESEMO,Morehead St. at Southeast Missouri St.: Spread,KXNCAAMBSPREAD-26FEB05MORESEMO-SEMO17,Southeast Missouri St. wins by over 17.5 Points,0.35,0.43,0.39,0.0,0.08,37810.49,1,2026-02-20 01:30:00+00:00,237.05
Sports,KXNCAAMBSPREAD-26FEB05NAUIDST,Northern Arizona at Idaho St.: Spread,KXNCAAMBSPREAD-26FEB05NAUIDST-IDST2,Idaho St. wins by over 2.5 Points,0.38,0.46,0.42,0.38,0.08,37740.96,1,2026-02-20 02:00:00+00:00,237.55
Sports,KXEFLCHAMPIONSHIPGAME-26FEB06CHAQPR,Charlton vs QPR,KXEFLCHAMPIONSHIPGAME-26FEB06CHAQPR-CHA,Charlton,0.32,0.33,0.325,0.33,0.01,37698.31,1,2026-02-20 20:01:00+00:00,255.56
Sports,KXNCAAMBSPREAD-26FEB05JVSTWKU,Jacksonville St. at Western Kentucky: Spread,KXNCAAMBSPREAD-26FEB05JVSTWKU-WKU12,Western Kentucky wins by over 12.5 Points,0.11,0.2,0.155,0.0,0.09,37587.37,1,2026-02-20 02:00:00+00:00,237.55
Sports,KXLNBELITEGAME-26FEB06BOUJLB,Boulazac Basket Dordogne at JL Bourg Basket,KXLNBELITEGAME-26FEB06BOUJLB-BOU,Boulazac Basket Dordogne,0.17,0.22,0.195,0.0,0.05,37552.86,1,2026-02-20 19:30:00+00:00,255.05
Sports,KXLALIGATOTAL-26FEB06RCCOSA,Osasuna at Celta Vigo: Totals,KXLALIGATOTAL-26FEB06RCCOSA-2,Over 2.5 goals scored,0.42,0.44,0.43,0.42,0.02,37469.45,1,2026-02-20 20:00:00+00:00,255.55
Sports,KXLNBELITEGAME-26FEB06BOUJLB,Boulazac Basket Dordogne at JL Bourg Basket,KXLNBELITEGAME-26FEB06BOUJLB-JLB,JL Bourg Basket,0.78,0.83,0.805,0.0,0.05,37460.08,1,2026-02-20 19:30:00+00:00,255.05
Sports,KXNCAAMBSPREAD-26FEB05JVSTWKU,Jacksonville St. at Western Kentucky: Spread,KXNCAAMBSPREAD-26FEB05JVSTWKU-WKU6,Western Kentucky wins by over 6.5 Points,0.36,0.4,0.38,0.5,0.04,37444.72,1,2026-02-20 02:00:00+00:00,237.55
Sports,KXNCAAMBSPREAD-26FEB05JVSTWKU,Jacksonville St. at Western Kentucky: Spread,KXNCAAMBSPREAD-26FEB05JVSTWKU-WKU3,Western Kentucky wins by over 3.5 Points,0.49,0.54,0.515,0.6,0.05,37421.83,1,2026-02-20 02:00:00+00:00,237.55
Sports,KXWTAMATCH-26FEB06ZARBIR,Zarazua vs Birrell,KXWTAMATCH-26FEB06ZARBIR-BIR,Kimberly Birrell,0.56,0.59,0.575,0.57,0.03,37367.8,1,2026-02-20 07:00:00+00:00,242.55
Sports,KXNCAAMBSPREAD-26FEB05JVSTWKU,Jacksonville St. at Western Kentucky: Spread,KXNCAAMBSPREAD-26FEB05JVSTWKU-WKU9,Western Kentucky wins by over 9.5 Points,0.22,0.29,0.255,0.0,0.07,37247.88,1,2026-02-20 02:00:00+00:00,237.55
Sports,KXATPCHALLENGERMATCH-26FEB05SAKSCH,Sakamoto vs Schoolkate,KXATPCHALLENGERMATCH-26FEB05SAKSCH-SAK,Rei Sakamoto,0.6,0.61,0.605,0.61,0.01,37019.34,1,2026-02-20 03:30:00+00:00,239.05
Sports,KXNCAAMBSPREAD-26FEB05EWUMONT,Eastern Washington at Montana: Spread,KXNCAAMBSPREAD-26FEB05EWUMONT-MONT9,Montana wins by over 9.5 Points,0.27,0.36,0.315,0.42,0.09,36926.44,1,2026-02-20 02:00:00+00:00,237.55
Sports,KXWTAMATCH-26FEB06MASPAR,Masarova vs Parks,KXWTAMATCH-26FEB06MASPAR-MAS,Rebeka Masarova,0.55,0.57,0.56,0.57,0.02,36681.83,1,2026-02-20 12:00:00+00:00,247.55
Sports,KXNCAAMBSPREAD-26FEB05EWUMONT,Eastern Washington at Montana: Spread,KXNCAAMBSPREAD-26FEB05EWUMONT-MONT6,Montana wins by over 6.5 Points,0.42,0.5,0.46,0.78,0.08,36660.56,1,2026-02-20 02:00:00+00:00,237.55
Sports,KXNCAAMBSPREAD-26FEB05EWUMONT,Eastern Washington at Montana: Spread,KXNCAAMBSPREAD-26FEB05EWUMONT-MONT3,Montana wins by over 3.5 Points,0.58,0.66,0.62,0.53,0.08,36533.08,1,2026-02-20 02:00:00+00:00,237.55
Sports,KXLALIGATOTAL-26FEB06RCCOSA,Osasuna at Celta Vigo: Totals,KXLALIGATOTAL-26FEB06RCCOSA-1,Over 1.5 goals scored,0.69,0.7,0.695,0.7,0.01,36369.88,1,2026-02-20 20:00:00+00:00,255.55
Sports,KXNCAAMBSPREAD-26FEB05WIUTNTC,Western Illinois at Tennessee Tech: Spread,KXNCAAMBSPREAD-26FEB05WIUTNTC-TNTC14,Tennessee Tech wins by over 14.5 Points,0.78,0.79,0.785,0.76,0.01,36310.92,1,2026-02-20 01:30:00+00:00,237.05
Sports,KXEPLTOTAL-26FEB06LEENFO,Nottingham at Leeds United: Totals,KXEPLTOTAL-26FEB06LEENFO-2,Over 2.5 goals scored,0.44,0.46,0.45,0.46,0.02,36084.58,1,2026-02-20 20:00:00+00:00,255.55
Sports,KXNCAAMBSPREAD-26FEB05USIUTM,Southern Indiana at Tennessee-Martin: Spread,KXNCAAMBSPREAD-26FEB05USIUTM-UTM17,Tennessee-Martin wins by over 17.5 Points,0.53,0.68,0.605,0.67,0.15,35933.15,1,2026-02-20 01:30:00+00:00,237.05
Sports,KXNCAAMBSPREAD-26FEB05USIUTM,Southern Indiana at Tennessee-Martin: Spread,KXNCAAMBSPREAD-26FEB05USIUTM-UTM26,Tennessee-Martin wins by over 26.5 Points,0.13,0.5,0.315,0.0,0.37,35894.83,1,2026-02-20 01:30:00+00:00,237.05
Sports,KXNCAAMBSPREAD-26FEB05USIUTM,Southern Indiana at Tennessee-Martin: Spread,KXNCAAMBSPREAD-26FEB05USIUTM-UTM23,Tennessee-Martin wins by over 23.5 Points,0.25,0.65,0.45,0.5,0.4,35884.78,1,2026-02-20 01:30:00+00:00,237.05
Sports,KXNCAAMBSPREAD-26FEB05NAUIDST,Northern Arizona at Idaho St.: Spread,KXNCAAMBSPREAD-26FEB05NAUIDST-IDST14,Idaho St. wins by over 14.5 Points,0.03,0.11,0.07,0.0,0.08,35817.89,1,2026-02-20 02:00:00+00:00,237.55
Sports,KXNCAAMBSPREAD-26FEB05MORESEMO,Morehead St. at Southeast Missouri St.: Spread,KXNCAAMBSPREAD-26FEB05MORESEMO-SEMO2,Southeast Missouri St. wins by over 2.5 Points,0.88,0.97,0.925,0.73,0.09,35783.06,1,2026-02-20 01:30:00+00:00,237.05
Sports,KXNCAAMBSPREAD-26FEB05WIUTNTC,Western Illinois at Tennessee Tech: Spread,KXNCAAMBSPREAD-26FEB05WIUTNTC-TNTC17,Tennessee Tech wins by over 17.5 Points,0.69,0.7,0.695,0.69,0.01,35728.18,1,2026-02-20 01:30:00+00:00,237.05
Sports,KXNCAAMBSPREAD-26FEB05USIUTM,Southern Indiana at Tennessee-Martin: Spread,KXNCAAMBSPREAD-26FEB05USIUTM-UTM20,Tennessee-Martin wins by over 20.5 Points,0.34,0.65,0.495,0.5,0.31,35718.01,1,2026-02-20 01:30:00+00:00,237.05
Sports,KXNCAAMBSPREAD-26FEB05USIUTM,Southern Indiana at Tennessee-Martin: Spread,KXNCAAMBSPREAD-26FEB05USIUTM-UTM11,Tennessee-Martin wins by over 11.5 Points,0.56,0.97,0.765,0.91,0.41,35704.88,1,2026-02-20 01:30:00+00:00,237.05
Sports,KXNCAAMBSPREAD-26FEB05WIUTNTC,Western Illinois at Tennessee Tech: Spread,KXNCAAMBSPREAD-26FEB05WIUTNTC-TNTC20,Tennessee Tech wins by over 20.5 Points,0.58,0.65,0.615,0.31,0.07,35463.68,1,2026-02-20 01:30:00+00:00,237.05
Sports,KXNCAAMBGAME-26FEB05USIUTM,Southern Indiana at Tennessee-Martin,KXNCAAMBGAME-26FEB05USIUTM-UTM,Tennessee-Martin,0.98,0.99,0.985,0.99,0.01,35457.53,1,2026-02-20 01:30:00+00:00,237.05
Sports,KXNCAAMBSPREAD-26FEB05WIUTNTC,Western Illinois at Tennessee Tech: Spread,KXNCAAMBSPREAD-26FEB05WIUTNTC-TNTC23,Tennessee Tech wins by over 23.5 Points,0.44,0.52,0.48,0.17,0.08,35405.72,1,2026-02-20 01:30:00+00:00,237.05
Sports,KXNCAAMBSPREAD-26FEB05WIUTNTC,Western Illinois at Tennessee Tech: Spread,KXNCAAMBSPREAD-26FEB05WIUTNTC-TNTC8,Tennessee Tech wins by over 8.5 Points,0.9,0.97,0.935,0.79,0.07,35335.36,1,2026-02-20 01:30:00+00:00,237.05
Sports,KXNCAAMBSPREAD-26FEB05CITSAM,The Citadel at Samford: Spread,KXNCAAMBSPREAD-26FEB05CITSAM-SAM16,Samford wins by over 16.5 Points,0.03,0.65,0.34,0.46,0.62,35266.2,1,2026-02-20 01:00:00+00:00,236.55
Sports,KXNCAAMBSPREAD-26FEB05USIUTM,Southern Indiana at Tennessee-Martin: Spread,KXNCAAMBSPREAD-26FEB05USIUTM-UTM14,Tennessee-Martin wins by over 14.5 Points,0.11,0.78,0.445,0.74,0.67,35230.0,1,2026-02-20 01:30:00+00:00,237.05
Sports,KXNCAAMBSPREAD-26FEB05ACUVU,Abilene Christian at Utah Valley: Spread,KXNCAAMBSPREAD-26FEB05ACUVU-UVU22,Utah Valley wins by over 22.5 Points,0.28,0.66,0.47,0.65,0.38,34489.3,1,2026-02-20 01:00:00+00:00,236.55
Sports,KXSCOTTISHPREMGAME-26FEB04DUNMOT,Dundee FC vs Motherwell,KXSCOTTISHPREMGAME-26FEB04DUNMOT-DUN,Dundee FC,0.22,0.43,0.325,0.43,0.21,34400.79,1,2026-02-18 19:45:00+00:00,207.3
Sports,KXNCAAMBGAME-26FEB05WIUTNTC,Western Illinois at Tennessee Tech,KXNCAAMBGAME-26FEB05WIUTNTC-TNTC,Tennessee Tech,0.97,0.98,0.975,0.98,0.01,34216.42,1,2026-02-20 01:30:00+00:00,237.05
Sports,KXNCAAMBSPREAD-26FEB05ACUVU,Abilene Christian at Utah Valley: Spread,KXNCAAMBSPREAD-26FEB05ACUVU-UVU25,Utah Valley wins by over 25.5 Points,0.1,0.79,0.445,0.41,0.69,34160.04,1,2026-02-20 01:00:00+00:00,236.55
Sports,KXEREDIVISIEGAME-26FEB06BREEXC,Breda vs Excelsior,KXEREDIVISIEGAME-26FEB06BREEXC-BRE,Breda,0.53,0.55,0.54,0.0,0.02,34099.62,1,2026-02-20 19:00:00+00:00,254.55
Sports,KXNCAAMBSPREAD-26FEB05CITSAM,The Citadel at Samford: Spread,KXNCAAMBSPREAD-26FEB05CITSAM-SAM10,Samford wins by over 10.5 Points,0.35,0.82,0.585,0.6,0.47,34001.03,1,2026-02-20 01:00:00+00:00,236.55
Sports,KXATPMATCH-26FEB06GRIDRO,Griekspoor vs Droguet,KXATPMATCH-26FEB06GRIDRO-GRI,Tallon Griekspoor,0.62,0.63,0.625,0.62,0.01,33418.29,1,2026-02-20 09:00:00+00:00,244.55
Sports,KXNBASPREAD-26FEB05CHAHOU,Charlotte at Houston: Spread,KXNBASPREAD-26FEB05CHAHOU-CHA6,Charlotte wins by over 6.5 Points,0.66,0.7,0.68,0.7,0.04,33000.03,1,2026-02-20 01:00:00+00:00,236.55
Sports,KXWTAMATCH-26FEB06BAPALE,Baptiste vs Alexandrova,KXWTAMATCH-26FEB06BAPALE-BAP,Hailey Baptiste,0.24,0.25,0.245,0.25,0.01,32822.74,1,2026-02-20 14:00:00+00:00,249.55
Sports,KXEPLTOTAL-26FEB06LEENFO,Nottingham at Leeds United: Totals,KXEPLTOTAL-26FEB06LEENFO-1,Over 1.5 goals scored,0.72,0.73,0.725,0.73,0.01,32267.8,1,2026-02-20 20:00:00+00:00,255.55
Sports,KXATPCHALLENGERMATCH-26FEB05LADEL,La Serna vs Dellien,KXATPCHALLENGERMATCH-26FEB05LADEL-DEL,Hugo Dellien,0.84,0.85,0.845,0.87,0.01,32092.22,1,2026-02-19 22:10:00+00:00,233.71
Sports,KXATPCHALLENGERMATCH-26FEB05ELLMCC,Ellis vs McCabe,KXATPCHALLENGERMATCH-26FEB05ELLMCC-ELL,Blake Ellis,0.3,0.32,0.31,0.31,0.02,31475.02,1,2026-02-20 04:40:00+00:00,240.21
Sports,KXLALIGASPREAD-26FEB06RCCOSA,Osasuna at Celta Vigo: Spreads,KXLALIGASPREAD-26FEB06RCCOSA-RCC1,Celta Vigo wins by over 1.5 goals,0.23,0.24,0.235,0.24,0.01,30733.51,1,2026-02-20 20:00:00+00:00,255.55
Sports,KXSAUDIPLGAME-26FEB06NEORIY,AL Suqoor vs Al-Riyadh,KXSAUDIPLGAME-26FEB06NEORIY-RIY,Al-Riyadh,0.17,0.19,0.18,0.21,0.02,30641.49,1,2026-02-20 14:25:00+00:00,249.96
Sports,KXWTAMATCH-26FEB06UCHSRA,Uchijima vs Sramkova,KXWTAMATCH-26FEB06UCHSRA-UCH,Moyuka Uchijima,0.41,0.42,0.415,0.38,0.01,29918.02,1,2026-02-20 07:00:00+00:00,242.55
Sports,KXNBASPREAD-26FEB05CHAHOU,Charlotte at Houston: Spread,KXNBASPREAD-26FEB05CHAHOU-CHA9,Charlotte wins by over 9.5 Points,0.49,0.5,0.495,0.5,0.01,29830.39,1,2026-02-20 01:00:00+00:00,236.55
Sports,KXLIGUE1TOTAL-26FEB06FCMLIL,Lille at Metz: Totals,KXLIGUE1TOTAL-26FEB06FCMLIL-3,Over 3.5 goals scored,0.3,0.34,0.32,0.34,0.04,29675.28,1,2026-02-20 19:45:00+00:00,255.3
Sports,KXBUNDESLIGATOTAL-26FEB06UNISGE,Frankfurt at Union Berlin: Totals,KXBUNDESLIGATOTAL-26FEB06UNISGE-3,Over 3.5 goals scored,0.24,0.26,0.25,0.0,0.02,29570.63,1,2026-02-20 19:30:00+00:00,255.05
Sports,KXWTAMATCH-26FEB06RADOLI,Raducanu vs Oliynykova,KXWTAMATCH-26FEB06RADOLI-OLI,Oleksandra Oliynykova,0.15,0.17,0.16,0.17,0.02,29332.34,1,2026-02-20 13:00:00+00:00,248.55
Sports,KXATPMATCH-26FEB06AUGFIL,Auger-Aliassime vs Fils,KXATPMATCH-26FEB06AUGFIL-AUG,Felix Auger-Aliassime,0.58,0.64,0.61,0.64,0.06,29283.65,1,2026-02-20 17:30:00+00:00,253.05
Sports,KXNCAAMBTOTAL-26FEB05OSUMD,Ohio St. at Maryland: Total Points,KXNCAAMBTOTAL-26FEB05OSUMD-151,Over 151.5 points scored,0.48,0.49,0.485,0.48,0.01,29244.15,1,2026-02-20 01:30:00+00:00,237.05
Sports,KXSERIEATOTAL-26FEB06VERPIS,Pisa at Hellas Verona: Totals,KXSERIEATOTAL-26FEB06VERPIS-3,Over 3.5 goals scored,0.18,0.2,0.19,0.18,0.02,29111.53,1,2026-02-20 19:45:00+00:00,255.3
Sports,KXATPCHALLENGERMATCH-26FEB05SAKSCH,Sakamoto vs Schoolkate,KXATPCHALLENGERMATCH-26FEB05SAKSCH-SCH,Tristan Schoolkate,0.4,0.41,0.405,0.41,0.01,28640.6,1,2026-02-20 03:30:00+00:00,239.05
Sports,KXSERIEASPREAD-26FEB06VERPIS,Pisa at Hellas Verona: Spreads,KXSERIEASPREAD-26FEB06VERPIS-PIS1,Pisa wins by over 1.5 goals,0.09,0.11,0.1,0.0,0.02,28287.85,1,2026-02-20 19:45:00+00:00,255.3
Sports,KXWTAMATCH-26FEB06ZAKGRA,Zakharova vs Grabher,KXWTAMATCH-26FEB06ZAKGRA-GRA,Julia Grabher,0.34,0.36,0.35,0.36,0.02,28165.44,1,2026-02-20 08:00:00+00:00,243.55
Sports,KXBUNDESLIGABTTS-26FEB06UNISGE,Frankfurt at Union Berlin: Both Teams to Score,KXBUNDESLIGABTTS-26FEB06UNISGE,Both Teams To Score,0.54,0.56,0.55,0.56,0.02,28153.88,1,2026-02-20 19:30:00+00:00,255.05
Sports,KXATPMATCH-26FEB06AUGFIL,Auger-Aliassime vs Fils,KXATPMATCH-26FEB06AUGFIL-FIL,Arthur Fils,0.33,0.38,0.355,0.38,0.05,28025.61,1,2026-02-20 17:30:00+00:00,253.05
Sports,KXWTAMATCH-26FEB06CIRSNI,Cirstea vs Snigur,KXWTAMATCH-26FEB06CIRSNI-SNI,Daria Snigur,0.28,0.29,0.285,0.28,0.01,27905.59,1,2026-02-20 16:10:00+00:00,251.71
Sports,KXLALIGATOTAL-26FEB06RCCOSA,Osasuna at Celta Vigo: Totals,KXLALIGATOTAL-26FEB06RCCOSA-3,Over 3.5 goals scored,0.2,0.22,0.21,0.22,0.02,27829.91,1,2026-02-20 20:00:00+00:00,255.55
Sports,KXNBASPREAD-26FEB05CHITOR,Chicago at Toronto: Spread,KXNBASPREAD-26FEB05CHITOR-TOR17,Toronto wins by over 17.5 Points,0.11,0.22,0.165,0.15,0.11,27643.39,1,2026-02-20 00:30:00+00:00,236.05
Sports,KXLIGUE1TOTAL-26FEB06FCMLIL,Lille at Metz: Totals,KXLIGUE1TOTAL-26FEB06FCMLIL-2,Over 2.5 goals scored,0.53,0.55,0.54,0.55,0.02,27639.05,1,2026-02-20 19:45:00+00:00,255.3
Sports,KXNBAALLSTARS-26,Pro Basketball All Stars?,KXNBAALLSTARS-26-RWES,Russell Westbrook,0.01,0.03,0.02,0.04,0.02,27038.15,1,2026-02-17 15:00:00+00:00,178.55
Sports,KXATPMATCH-26FEB06DAMNAR,Damm Jr vs Nardi,KXATPMATCH-26FEB06DAMNAR-NAR,Luca Nardi,0.45,0.47,0.46,0.45,0.02,26935.6,1,2026-02-20 14:40:00+00:00,250.21
Sports,KXATPMATCH-26FEB06GRIDRO,Griekspoor vs Droguet,KXATPMATCH-26FEB06GRIDRO-DRO,Titouan Droguet,0.38,0.39,0.385,0.39,0.01,26623.02,1,2026-02-20 09:00:00+00:00,244.55
Sports,KXATPCHALLENGERMATCH-26FEB05UGODIA,Ugo Carabelli vs Diaz Acosta,KXATPCHALLENGERMATCH-26FEB05UGODIA-DIA,Facundo Diaz Acosta,0.73,0.78,0.755,0.78,0.05,26561.41,1,2026-02-19 22:40:00+00:00,234.21
Sports,KXLIGUE1TOTAL-26FEB06FCMLIL,Lille at Metz: Totals,KXLIGUE1TOTAL-26FEB06FCMLIL-1,Over 1.5 goals scored,0.26,0.95,0.605,0.0,0.69,26033.93,1,2026-02-20 19:45:00+00:00,255.3
Sports,KXNCAAMBTOTAL-26FEB05OSUMD,Ohio St. at Maryland: Total Points,KXNCAAMBTOTAL-26FEB05OSUMD-154,Over 154.5 points scored,0.35,0.4,0.375,0.4,0.05,25982.63,1,2026-02-20 01:30:00+00:00,237.05
Sports,KXSAUDIPLGAME-26FEB06NEORIY,AL Suqoor vs Al-Riyadh,KXSAUDIPLGAME-26FEB06NEORIY-NEO,AL Suqoor,0.6,0.62,0.61,0.62,0.02,25966.43,1,2026-02-20 14:25:00+00:00,249.96
Sports,KXWTAMATCH-26FEB06SASGRA,Sasnovich vs Gracheva,KXWTAMATCH-26FEB06SASGRA-GRA,Varvara Gracheva,0.33,0.36,0.345,0.35,0.03,25954.13,1,2026-02-20 08:00:00+00:00,243.55
Sports,KXBUNDESLIGATOTAL-26FEB06UNISGE,Frankfurt at Union Berlin: Totals,KXBUNDESLIGATOTAL-26FEB06UNISGE-4,Over 4.5 goals scored,0.1,0.11,0.105,0.0,0.01,25928.64,1,2026-02-20 19:30:00+00:00,255.05
Sports,KXSERIEASPREAD-26FEB06VERPIS,Pisa at Hellas Verona: Spreads,KXSERIEASPREAD-26FEB06VERPIS-VER1,Hellas Verona wins by over 1.5 goals,0.17,0.18,0.175,0.18,0.01,25747.68,1,2026-02-20 19:45:00+00:00,255.3
Sports,KXLOLGAME-26FEB06BLGAL,LPL 2026: Bilibili Gaming vs. Anyone's Legend,KXLOLGAME-26FEB06BLGAL-AL,Anyone's Legend,0.48,0.49,0.485,0.49,0.01,25744.51,1,2026-02-20 09:00:00+00:00,244.55
Sports,KXWTAMATCH-26FEB06ZARBIR,Zarazua vs Birrell,KXWTAMATCH-26FEB06ZARBIR-ZAR,Renata Zarazua,0.41,0.42,0.415,0.42,0.01,25697.13,1,2026-02-20 07:00:00+00:00,242.55
Sports,KXLIGUE1SPREAD-26FEB06FCMLIL,Lille at Metz: Spreads,KXLIGUE1SPREAD-26FEB06FCMLIL-LIL1,Lille wins by over 1.5 goals,0.33,0.35,0.34,0.35,0.02,25626.33,1,2026-02-20 19:45:00+00:00,255.3
Sports,KXWTAMATCH-26FEB06RUZSTA,Ruzic vs Starodubtseva,KXWTAMATCH-26FEB06RUZSTA-STA,Yuliia Starodubtseva,0.41,0.42,0.415,0.44,0.01,25397.07,1,2026-02-20 08:00:00+00:00,243.55
Sports,KXALEAGUEGAME-26FEB06WPHVIC,Wellington vs Melbourne Victory,KXALEAGUEGAME-26FEB06WPHVIC-VIC,Melbourne Victory,0.51,0.52,0.515,0.52,0.01,25139.84,1,2026-02-20 06:00:00+00:00,241.55
Sports,KXEREDIVISIEGAME-26FEB06BREEXC,Breda vs Excelsior,KXEREDIVISIEGAME-26FEB06BREEXC-TIE,Tie,0.23,0.25,0.24,0.25,0.02,24721.0,1,2026-02-20 19:00:00+00:00,254.55
Sports,KXWTAMATCH-26FEB06FRECEN,Frech vs Cengiz,KXWTAMATCH-26FEB06FRECEN-CEN,Berfu Cengiz,0.08,0.1,0.09,0.09,0.02,24604.62,1,2026-02-20 07:00:00+00:00,242.55
Sports,KXWTAMATCH-26FEB06MASPAR,Masarova vs Parks,KXWTAMATCH-26FEB06MASPAR-PAR,Alycia Parks,0.46,0.47,0.465,0.46,0.01,24591.2,1,2026-02-20 12:00:00+00:00,247.55
Sports,KXNCAAMBGAME-26FEB05ELONHAMP,Elon at Hampton,KXNCAAMBGAME-26FEB05ELONHAMP-ELON,Elon,0.0,0.01,0.01,0.01,,24140.48,1,2026-02-20 00:00:00+00:00,235.55
Sports,KXWTAMATCH-26FEB06KAWSEI,Kawa vs Seidel,KXWTAMATCH-26FEB06KAWSEI-KAW,Katarzyna Kawa,0.19,0.22,0.205,0.22,0.03,24132.06,1,2026-02-20 07:00:00+00:00,242.55
Sports,KXSERIEATOTAL-26FEB06VERPIS,Pisa at Hellas Verona: Totals,KXSERIEATOTAL-26FEB06VERPIS-4,Over 4.5 goals scored,0.07,0.08,0.075,0.08,0.01,24092.27,1,2026-02-20 19:45:00+00:00,255.3
Sports,KXSERIEABTTS-26FEB06VERPIS,Pisa at Hellas Verona: Both Teams to Score,KXSERIEABTTS-26FEB06VERPIS,Both Teams To Score,0.43,0.51,0.47,0.51,0.08,23996.07,1,2026-02-20 19:45:00+00:00,255.3
Sports,KXNHLGAME-26FEB05NSHWSH,Nashville at Washington,KXNHLGAME-26FEB05NSHWSH-NSH,NSH Predators,0.01,0.02,0.015,0.05,0.01,23807.13,1,2026-02-20 00:00:00+00:00,235.55
Sports,KXALEAGUEGAME-26FEB06MACPER,Macarthur vs Perth,KXALEAGUEGAME-26FEB06MACPER-TIE,Tie,0.24,0.26,0.25,0.26,0.02,23798.54,1,2026-02-20 08:35:00+00:00,244.13
Sports,KXEPLTOTAL-26FEB06LEENFO,Nottingham at Leeds United: Totals,KXEPLTOTAL-26FEB06LEENFO-3,Over 3.5 goals scored,0.24,0.25,0.245,0.25,0.01,23696.22,1,2026-02-20 20:00:00+00:00,255.55
Sports,KXSAUDIPLGAME-26FEB06ALNITJ,Al Nassr vs Al-Ittihad,KXSAUDIPLGAME-26FEB06ALNITJ-ITJ,Al-Ittihad,0.18,0.21,0.195,0.21,0.03,23240.9,1,2026-02-20 17:30:00+00:00,253.05
Sports,KXWTAMATCH-26FEB06VOLBOU,Volynets vs Boulter,KXWTAMATCH-26FEB06VOLBOU-BOU,Katie Boulter,0.64,0.65,0.645,0.65,0.01,23015.59,1,2026-02-20 15:00:00+00:00,250.55
Sports,KXLALIGABTTS-26FEB06RCCOSA,Osasuna at Celta Vigo: Both Teams to Score,KXLALIGABTTS-26FEB06RCCOSA,Both Teams To Score,0.48,0.5,0.49,0.5,0.02,22570.54,1,2026-02-20 20:00:00+00:00,255.55
Sports,KXNBLGAME-26FEB06CARPER,Cairns Taipans at Perth Wildcats,KXNBLGAME-26FEB06CARPER-PER,Perth Wildcats,0.91,0.92,0.915,0.92,0.01,22470.3,1,2026-02-20 10:30:00+00:00,246.05
Sports,KXALEAGUEGAME-26FEB06WPHVIC,Wellington vs Melbourne Victory,KXALEAGUEGAME-26FEB06WPHVIC-WPH,Wellington,0.25,0.26,0.255,0.26,0.01,22452.64,1,2026-02-20 06:00:00+00:00,241.55
Sports,KXWTAMATCH-26FEB06KARWAL,Kartal vs Waltert,KXWTAMATCH-26FEB06KARWAL-WAL,Simona Waltert,0.21,0.22,0.215,0.22,0.01,22445.99,1,2026-02-20 07:00:00+00:00,242.55
Sports,KXALEAGUEGAME-26FEB06WPHVIC,Wellington vs Melbourne Victory,KXALEAGUEGAME-26FEB06WPHVIC-TIE,Tie,0.23,0.24,0.235,0.24,0.01,22267.84,1,2026-02-20 06:00:00+00:00,241.55
Sports,KXSERIEASPREAD-26FEB06VERPIS,Pisa at Hellas Verona: Spreads,KXSERIEASPREAD-26FEB06VERPIS-VER2,Hellas Verona wins by over 2.5 goals,0.05,0.06,0.055,0.05,0.01,22194.56,1,2026-02-20 19:45:00+00:00,255.3
Sports,KXNBAPTS-26FEB05SASDAL,San Antonio at Dallas: Points,KXNBAPTS-26FEB05SASDAL-DALCFLAGG32-20,Cooper Flagg: 20+,0.56,0.72,0.64,0.73,0.16,22117.07,1,2026-02-20 01:30:00+00:00,237.05
Sports,KXEPLBTTS-26FEB06LEENFO,Nottingham at Leeds United: Both Teams to Score,KXEPLBTTS-26FEB06LEENFO,Both Teams To Score,0.5,0.53,0.515,0.53,0.03,21743.88,1,2026-02-20 20:00:00+00:00,255.55
Sports,KXWTAMATCH-26FEB06HONOSO,Hon vs Osorio,KXWTAMATCH-26FEB06HONOSO-HON,Priscilla Hon,0.26,0.28,0.27,0.26,0.02,21729.46,1,2026-02-20 07:00:00+00:00,242.55
Sports,KXWTAMATCH-26FEB06COCGOR,Cocciaretto vs Gorgodze,KXWTAMATCH-26FEB06COCGOR-GOR,Ekaterine Gorgodze,0.15,0.16,0.155,0.15,0.01,21350.36,1,2026-02-20 07:00:00+00:00,242.55
Sports,KXWTAMATCH-26FEB06HONOSO,Hon vs Osorio,KXWTAMATCH-26FEB06HONOSO-OSO,Camila Osorio,0.72,0.74,0.73,0.74,0.02,21341.05,1,2026-02-20 07:00:00+00:00,242.55
Sports,KXNCAAMBSPREAD-26FEB05NEOMUND,Omaha at North Dakota: Spread,KXNCAAMBSPREAD-26FEB05NEOMUND-NEOM11,Omaha wins by over 11.5 Points,0.03,0.12,0.075,0.39,0.09,21236.66,1,2026-02-20 01:00:00+00:00,236.55
Sports,KXWTAMATCH-26FEB06PARKOR,Parry vs Korpatsch,KXWTAMATCH-26FEB06PARKOR-PAR,Diane Parry,0.6,0.62,0.61,0.63,0.02,21207.55,1,2026-02-20 17:00:00+00:00,252.55
Sports,KXLALIGATOTAL-26FEB06RCCOSA,Osasuna at Celta Vigo: Totals,KXLALIGATOTAL-26FEB06RCCOSA-4,Over 4.5 goals scored,0.08,0.09,0.085,0.0,0.01,21144.8,1,2026-02-20 20:00:00+00:00,255.55
Sports,KXNBAPTS-26FEB05SASDAL,San Antonio at Dallas: Points,KXNBAPTS-26FEB05SASDAL-DALCFLAGG32-25,Cooper Flagg: 25+,0.0,0.43,0.43,0.43,,20888.22,1,2026-02-20 01:30:00+00:00,237.05
Sports,KXNCAAMBSPREAD-26FEB05NEOMUND,Omaha at North Dakota: Spread,KXNCAAMBSPREAD-26FEB05NEOMUND-NEOM14,Omaha wins by over 14.5 Points,0.03,0.07,0.05,0.0,0.04,20816.86,1,2026-02-20 01:00:00+00:00,236.55
Sports,KXNCAAMBSPREAD-26FEB05NEOMUND,Omaha at North Dakota: Spread,KXNCAAMBSPREAD-26FEB05NEOMUND-UND7,North Dakota wins by over 7.5 Points,0.01,0.07,0.04,0.06,0.06,20813.0,1,2026-02-20 01:00:00+00:00,236.55
Sports,KXNBAPTS-26FEB05SASDAL,San Antonio at Dallas: Points,KXNBAPTS-26FEB05SASDAL-SASDFOX4-15,De'Aaron Fox: 15+,0.24,0.33,0.285,0.45,0.09,20812.39,1,2026-02-20 01:30:00+00:00,237.05
Sports,KXNBAPTS-26FEB05SASDAL,San Antonio at Dallas: Points,KXNBAPTS-26FEB05SASDAL-SASVWEMBANYAMA1-25,Victor Wembanyama: 25+,0.6,0.95,0.775,0.82,0.35,20741.44,1,2026-02-20 01:30:00+00:00,237.05
Sports,KXNBA3PT-26FEB05SASDAL,San Antonio at Dallas: Three Pointers,KXNBA3PT-26FEB05SASDAL-DALCFLAGG32-2,Cooper Flagg: 2+,0.1,0.16,0.13,0.16,0.06,20707.45,1,2026-02-20 01:30:00+00:00,237.05
Sports,KXNCAAMBTOTAL-26FEB05OSUMD,Ohio St. at Maryland: Total Points,KXNCAAMBTOTAL-26FEB05OSUMD-148,Over 148.5 points scored,0.54,0.58,0.56,0.54,0.04,20700.96,1,2026-02-20 01:30:00+00:00,237.05
Sports,KXNBAPTS-26FEB05SASDAL,San Antonio at Dallas: Points,KXNBAPTS-26FEB05SASDAL-SASSCASTLE5-15,Stephon Castle: 15+,0.0,0.57,0.53,0.53,,20692.24,1,2026-02-20 01:30:00+00:00,237.05
Sports,KXNBAPTS-26FEB05SASDAL,San Antonio at Dallas: Points,KXNBAPTS-26FEB05SASDAL-SASVWEMBANYAMA1-35,Victor Wembanyama: 35+,0.0,0.37,0.36,0.36,,20655.11,1,2026-02-20 01:30:00+00:00,237.05
Sports,KXATPCHALLENGERMATCH-26FEB05UGODIA,Ugo Carabelli vs Diaz Acosta,KXATPCHALLENGERMATCH-26FEB05UGODIA-UGO,Camilo Ugo Carabelli,0.19,0.26,0.225,0.26,0.07,20640.67,1,2026-02-19 22:40:00+00:00,234.21
Sports,KXNBAPTS-26FEB05SASDAL,San Antonio at Dallas: Points,KXNBAPTS-26FEB05SASDAL-SASSCASTLE5-25,Stephon Castle: 25+,0.06,0.18,0.12,0.06,0.12,20512.71,1,2026-02-20 01:30:00+00:00,237.05
Sports,KXNBAPTS-26FEB05SASDAL,San Antonio at Dallas: Points,KXNBAPTS-26FEB05SASDAL-SASSCASTLE5-20,Stephon Castle: 20+,0.0,0.28,0.3,0.3,,20470.12,1,2026-02-20 01:30:00+00:00,237.05
Sports,KXNBAPTS-26FEB05SASDAL,San Antonio at Dallas: Points,KXNBAPTS-26FEB05SASDAL-DALCFLAGG32-30,Cooper Flagg: 30+,0.0,0.2,0.19,0.19,,20437.69,1,2026-02-20 01:30:00+00:00,237.05
Sports,KXNBAPTS-26FEB05CHAHOU,Charlotte at Houston: Points,KXNBAPTS-26FEB05CHAHOU-CHAMBRIDGES0-20,Miles Bridges: 20+,0.0,0.51,0.68,0.68,,20344.56,1,2026-02-20 01:00:00+00:00,236.55
Sports,KXNBAPTS-26FEB05CHAHOU,Charlotte at Houston: Points,KXNBAPTS-26FEB05CHAHOU-HOUASENGUN28-15,Alperen Sengun: 15+,0.0,0.21,0.26,0.26,,20209.57,1,2026-02-20 01:00:00+00:00,236.55
Sports,KXWTAMATCH-26FEB06ZVOZHA,Zvonareva vs Zhang,KXWTAMATCH-26FEB06ZVOZHA-ZVO,Vera Zvonareva,0.25,0.26,0.255,0.25,0.01,20154.04,1,2026-02-20 07:00:00+00:00,242.55
Sports,KXNBAPTS-26FEB05CHAHOU,Charlotte at Houston: Points,KXNBAPTS-26FEB05CHAHOU-CHAKKNUEPPEL7-30,Kon Knueppel: 30+,0.0,0.38,0.08,0.08,,20126.57,1,2026-02-20 01:00:00+00:00,236.55
Sports,KXSAUDIPLGAME-26FEB06ALNITJ,Al Nassr vs Al-Ittihad,KXSAUDIPLGAME-26FEB06ALNITJ-TIE,Tie,0.21,0.24,0.225,0.23,0.03,20041.88,1,2026-02-20 17:30:00+00:00,253.05
Sports,KXSERIEASPREAD-26FEB06VERPIS,Pisa at Hellas Verona: Spreads,KXSERIEASPREAD-26FEB06VERPIS-PIS2,Pisa wins by over 2.5 goals,0.02,0.03,0.025,0.02,0.01,19984.65,1,2026-02-20 19:45:00+00:00,255.3
Sports,KXALEAGUEGAME-26FEB06MACPER,Macarthur vs Perth,KXALEAGUEGAME-26FEB06MACPER-MAC,Macarthur,0.47,0.48,0.475,0.48,0.01,19894.63,1,2026-02-20 08:35:00+00:00,244.13
Sports,KXBUNDESLIGASPREAD-26FEB06UNISGE,Frankfurt at Union Berlin: Spreads,KXBUNDESLIGASPREAD-26FEB06UNISGE-UNI1,Union Berlin wins by over 1.5 goals,0.21,0.22,0.215,0.22,0.01,19621.65,1,2026-02-20 19:30:00+00:00,255.05
Sports,KXALEAGUEGAME-26FEB06MACPER,Macarthur vs Perth,KXALEAGUEGAME-26FEB06MACPER-PER,Perth,0.28,0.3,0.29,0.3,0.02,19265.29,1,2026-02-20 08:35:00+00:00,244.13
Sports,KXSAUDIPLGAME-26FEB06NEORIY,AL Suqoor vs Al-Riyadh,KXSAUDIPLGAME-26FEB06NEORIY-TIE,Tie,0.2,0.21,0.205,0.21,0.01,19216.53,1,2026-02-20 14:25:00+00:00,249.96
Sports,KXATPCHALLENGERMATCH-26FEB06BARTRA,Barranco Cosano vs Travaglia,KXATPCHALLENGERMATCH-26FEB06BARTRA-BAR,Javier Barranco Cosano,0.25,0.28,0.265,0.25,0.03,19181.64,1,2026-02-20 11:00:00+00:00,246.55
Sports,KXBELGIANPLGAME-26FEB06WESSTT,Westerlo vs St. Truidense,KXBELGIANPLGAME-26FEB06WESSTT-TIE,Tie,0.26,0.29,0.275,0.24,0.03,19125.2,1,2026-02-20 19:45:00+00:00,255.3
Sports,KXATPCHALLENGERMATCH-26FEB05HEWSWE,Hewitt vs Sweeny,KXATPCHALLENGERMATCH-26FEB05HEWSWE-SWE,Dane Sweeny,0.82,0.83,0.825,0.84,0.01,19099.81,1,2026-02-20 02:10:00+00:00,237.71
Sports,KXNCAAWBGAME-26FEB05UCSDLBSU,UC San Diego at Long Beach St.,KXNCAAWBGAME-26FEB05UCSDLBSU-LBSU,Long Beach St.,0.03,0.19,0.11,0.19,0.16,19056.8,1,2026-02-20 02:00:00+00:00,237.55
Sports,KXWTACHALLENGERMATCH-26FEB06TAGSEM,Tagger vs Semenistaja,KXWTACHALLENGERMATCH-26FEB06TAGSEM-TAG,Lilli Tagger,0.59,0.61,0.6,0.62,0.02,18928.9,1,2026-02-20 10:40:00+00:00,246.21
Sports,KXWTAMATCH-26FEB06VALROD,Valentova vs Rodionova,KXWTAMATCH-26FEB06VALROD-ROD,Arina Rodionova,0.06,0.07,0.065,0.06,0.01,18911.62,1,2026-02-20 07:00:00+00:00,242.55
Sports,KXLIGUE1TOTAL-26FEB06FCMLIL,Lille at Metz: Totals,KXLIGUE1TOTAL-26FEB06FCMLIL-4,Over 4.5 goals scored,0.04,0.36,0.2,0.0,0.32,18904.58,1,2026-02-20 19:45:00+00:00,255.3
Sports,KXSAUDIPLGAME-26FEB06ITTDAM,Al-Ittifaq vs Damac,KXSAUDIPLGAME-26FEB06ITTDAM-ITT,Al-Ittifaq,0.57,0.58,0.575,0.59,0.01,18695.22,1,2026-02-20 15:00:00+00:00,250.55
Sports,KXSAUDIPLGAME-26FEB06ALNITJ,Al Nassr vs Al-Ittihad,KXSAUDIPLGAME-26FEB06ALNITJ-ALN,Al Nassr,0.58,0.59,0.585,0.59,0.01,18630.75,1,2026-02-20 17:30:00+00:00,253.05
Sports,KXLIGUE1BTTS-26FEB06FCMLIL,Lille at Metz: Both Teams to Score,KXLIGUE1BTTS-26FEB06FCMLIL,Both Teams To Score,0.53,0.58,0.555,0.55,0.05,18474.93,1,2026-02-20 19:45:00+00:00,255.3
Sports,KXBELGIANPLGAME-26FEB06WESSTT,Westerlo vs St. Truidense,KXBELGIANPLGAME-26FEB06WESSTT-WES,Westerlo,0.38,0.39,0.385,0.38,0.01,18473.32,1,2026-02-20 19:45:00+00:00,255.3
Sports,KXATPCHALLENGERMATCH-26FEB05HEWSWE,Hewitt vs Sweeny,KXATPCHALLENGERMATCH-26FEB05HEWSWE-HEW,Cruz Hewitt,0.16,0.18,0.17,0.18,0.02,18471.35,1,2026-02-20 02:10:00+00:00,237.71
Sports,KXWTAMATCH-26FEB06VOLBOU,Volynets vs Boulter,KXWTAMATCH-26FEB06VOLBOU-VOL,Katie Volynets,0.36,0.37,0.365,0.37,0.01,18241.75,1,2026-02-20 15:00:00+00:00,250.55
Sports,KXDENSUPERLIGAGAME-26FEB06AGFOBK,Aarhus vs Odense,KXDENSUPERLIGAGAME-26FEB06AGFOBK-OBK,Odense,0.13,0.2,0.165,0.2,0.07,18094.92,1,2026-02-20 18:00:00+00:00,253.55
Sports,KXNBASPREAD-26FEB05CHAHOU,Charlotte at Houston: Spread,KXNBASPREAD-26FEB05CHAHOU-HOU3,Houston wins by over 3.5 Points,0.07,0.12,0.095,0.08,0.05,18074.96,1,2026-02-20 01:00:00+00:00,236.55
Sports,KXNCAAMBSPREAD-26FEB05UTAUTU,UT Arlington at Utah Tech: Spread,KXNCAAMBSPREAD-26FEB05UTAUTU-UTA14,UT Arlington wins by over 14.5 Points,0.03,0.08,0.055,0.0,0.05,17994.8,1,2026-02-20 02:00:00+00:00,237.55
Sports,KXNCAAMBSPREAD-26FEB05ACUVU,Abilene Christian at Utah Valley: Spread,KXNCAAMBSPREAD-26FEB05ACUVU-UVU16,Utah Valley wins by over 16.5 Points,0.57,0.97,0.77,0.79,0.4,17990.2,1,2026-02-20 01:00:00+00:00,236.55
Sports,KXNCAAMBSPREAD-26FEB05OSUMD,Ohio St. at Maryland: Spread,KXNCAAMBSPREAD-26FEB05OSUMD-MD2,Maryland wins by over 2.5 Points,0.03,0.05,0.04,0.11,0.02,17928.19,1,2026-02-20 01:30:00+00:00,237.05
Sports,KXNCAAMBSPREAD-26FEB05ACUVU,Abilene Christian at Utah Valley: Spread,KXNCAAMBSPREAD-26FEB05ACUVU-UVU13,Utah Valley wins by over 13.5 Points,0.56,0.97,0.765,0.79,0.41,17895.1,1,2026-02-20 01:00:00+00:00,236.55
Sports,KXNCAAMBSPREAD-26FEB05UTAUTU,UT Arlington at Utah Tech: Spread,KXNCAAMBSPREAD-26FEB05UTAUTU-UTU16,Utah Tech wins by over 16.5 Points,0.03,0.07,0.05,0.0,0.04,17866.97,1,2026-02-20 02:00:00+00:00,237.55
Sports,KXEPLSPREAD-26FEB06LEENFO,Nottingham at Leeds United: Spreads,KXEPLSPREAD-26FEB06LEENFO-LEE1,Leeds United wins by over 1.5 goals,0.2,0.21,0.205,0.21,0.01,17843.43,1,2026-02-20 20:00:00+00:00,255.55
Sports,KXSAUDIPLGAME-26FEB06ITTDAM,Al-Ittifaq vs Damac,KXSAUDIPLGAME-26FEB06ITTDAM-TIE,Tie,0.23,0.28,0.255,0.28,0.05,17784.99,1,2026-02-20 15:00:00+00:00,250.55
Sports,KXHOLEINONE-26-WM,Will there be a hole-in-one on Hole 16 at the WM Phoenix Open?,KXHOLEINONE-26-WM-1,1+ hole-in-ones on Hole 16,0.24,0.26,0.25,0.26,0.02,17528.55,1,2026-02-19 11:00:00+00:00,222.55
Sports,KXNCAAMBSPREAD-26FEB05WIUTNTC,Western Illinois at Tennessee Tech: Spread,KXNCAAMBSPREAD-26FEB05WIUTNTC-TNTC2,Tennessee Tech wins by over 2.5 Points,0.93,0.97,0.95,0.94,0.04,17516.54,1,2026-02-20 01:30:00+00:00,237.05
Sports,KXNCAAMBSPREAD-26FEB05WIUTNTC,Western Illinois at Tennessee Tech: Spread,KXNCAAMBSPREAD-26FEB05WIUTNTC-TNTC5,Tennessee Tech wins by over 5.5 Points,0.92,0.97,0.945,0.0,0.05,17480.49,1,2026-02-20 01:30:00+00:00,237.05
Sports,KXWTAMATCH-26FEB06PARKOR,Parry vs Korpatsch,KXWTAMATCH-26FEB06PARKOR-KOR,Tamara Korpatsch,0.38,0.4,0.39,0.4,0.02,17472.39,1,2026-02-20 17:00:00+00:00,252.55
Sports,KXNCAAMBSPREAD-26FEB05DENNDSU,Denver at North Dakota St.: Spread,KXNCAAMBSPREAD-26FEB05DENNDSU-NDSU5,North Dakota St. wins by over 5.5 Points,0.01,0.04,0.025,0.03,0.03,17456.54,1,2026-02-20 01:00:00+00:00,236.55
Sports,KXNBATOTAL-26FEB05CHAHOU,Charlotte at Houston: Total Points,KXNBATOTAL-26FEB05CHAHOU-232,Over 232.5 points scored,0.19,0.2,0.195,0.34,0.01,17449.14,1,2026-02-20 01:00:00+00:00,236.55
Sports,KXNCAAMBSPREAD-26FEB05USIUTM,Southern Indiana at Tennessee-Martin: Spread,KXNCAAMBSPREAD-26FEB05USIUTM-UTM5,Tennessee-Martin wins by over 5.5 Points,0.21,0.97,0.59,0.66,0.76,17437.47,1,2026-02-20 01:30:00+00:00,237.05
Sports,KXNCAAMBSPREAD-26FEB05USIUTM,Southern Indiana at Tennessee-Martin: Spread,KXNCAAMBSPREAD-26FEB05USIUTM-UTM8,Tennessee-Martin wins by over 8.5 Points,0.5,0.97,0.735,0.84,0.47,17422.22,1,2026-02-20 01:30:00+00:00,237.05
Sports,KXNCAAMBSPREAD-26FEB05ACUVU,Abilene Christian at Utah Valley: Spread,KXNCAAMBSPREAD-26FEB05ACUVU-UVU7,Utah Valley wins by over 7.5 Points,0.97,0.99,0.98,0.97,0.02,17421.64,1,2026-02-20 01:00:00+00:00,236.55
Sports,KXEPLSPREAD-26FEB06LEENFO,Nottingham at Leeds United: Spreads,KXEPLSPREAD-26FEB06LEENFO-LEE2,Leeds United wins by over 2.5 goals,0.07,0.08,0.075,0.08,0.01,17414.77,1,2026-02-20 20:00:00+00:00,255.55
Sports,KXNCAAMBSPREAD-26FEB05UTAUTU,UT Arlington at Utah Tech: Spread,KXNCAAMBSPREAD-26FEB05UTAUTU-UTU13,Utah Tech wins by over 13.5 Points,0.03,0.07,0.05,0.0,0.04,17408.62,1,2026-02-20 02:00:00+00:00,237.55
Sports,KXNCAAMBSPREAD-26FEB05USIUTM,Southern Indiana at Tennessee-Martin: Spread,KXNCAAMBSPREAD-26FEB05USIUTM-UTM2,Tennessee-Martin wins by over 2.5 Points,0.23,0.99,0.61,0.98,0.76,17313.95,1,2026-02-20 01:30:00+00:00,237.05
Sports,KXNCAAMBSPREAD-26FEB05MORESEMO,Morehead St. at Southeast Missouri St.: Spread,KXNCAAMBSPREAD-26FEB05MORESEMO-MORE1,Morehead St. wins by over 1.5 Points,0.02,0.07,0.045,0.03,0.05,17257.99,1,2026-02-20 01:30:00+00:00,237.05
Sports,KXWTACHALLENGERMATCH-26FEB06SAWPRO,Sawangkaew vs Prozorova,KXWTACHALLENGERMATCH-26FEB06SAWPRO-SAW,Mananchaya Sawangkaew,0.39,0.41,0.4,0.4,0.02,17131.77,1,2026-02-20 09:30:00+00:00,245.05
Sports,KXNCAAMBSPREAD-26FEB05NEOMUND,Omaha at North Dakota: Spread,KXNCAAMBSPREAD-26FEB05NEOMUND-UND10,North Dakota wins by over 10.5 Points,0.01,0.05,0.03,0.03,0.04,17123.32,1,2026-02-20 01:00:00+00:00,236.55
Sports,KXNCAAMBSPREAD-26FEB05MORESEMO,Morehead St. at Southeast Missouri St.: Spread,KXNCAAMBSPREAD-26FEB05MORESEMO-MORE4,Morehead St. wins by over 4.5 Points,0.02,0.06,0.04,0.02,0.04,17110.58,1,2026-02-20 01:30:00+00:00,237.05
Sports,KXNCAAMBSPREAD-26FEB05WIUTNTC,Western Illinois at Tennessee Tech: Spread,KXNCAAMBSPREAD-26FEB05WIUTNTC-WIU7,Western Illinois wins by over 7.5 Points,0.03,0.06,0.045,0.03,0.03,17017.48,1,2026-02-20 01:30:00+00:00,237.05
Sports,KXNCAAMBSPREAD-26FEB05CITSAM,The Citadel at Samford: Spread,KXNCAAMBSPREAD-26FEB05CITSAM-SAM4,Samford wins by over 4.5 Points,0.21,0.97,0.59,0.52,0.76,17003.38,1,2026-02-20 01:00:00+00:00,236.55
Sports,KXEPLSPREAD-26FEB06LEENFO,Nottingham at Leeds United: Spreads,KXEPLSPREAD-26FEB06LEENFO-NFO1,Nottingham wins by over 1.5 goals,0.09,0.1,0.095,0.1,0.01,17002.98,1,2026-02-20 20:00:00+00:00,255.55
Sports,KXNBAPTS-26FEB05PHILAL,Philadelphia at Los Angeles L: Points,KXNBAPTS-26FEB05PHILAL-PHIVEDGECOMBE77-15,VJ Edgecombe: 15+,0.43,0.48,0.455,0.48,0.05,16814.27,1,2026-02-20 03:00:00+00:00,238.55
Sports,KXWTACHALLENGERMATCH-26FEB06JEATAR,Jeanjean vs Tararudee,KXWTACHALLENGERMATCH-26FEB06JEATAR-JEA,Leolia Jeanjean,0.39,0.42,0.405,0.4,0.03,16705.68,1,2026-02-20 09:30:00+00:00,245.05
Sports,KXATPCHALLENGERMATCH-26FEB06MORMER,Moro Canas vs Merida,KXATPCHALLENGERMATCH-26FEB06MORMER-MER,Daniel Merida,0.56,0.59,0.575,0.55,0.03,16685.08,1,2026-02-20 12:10:00+00:00,247.71
Sports,KXNBAPTS-26FEB05PHILAL,Philadelphia at Los Angeles L: Points,KXNBAPTS-26FEB05PHILAL-LALAREAVES15-15,Austin Reaves: 15+,0.57,0.58,0.575,0.58,0.01,16646.23,1,2026-02-20 03:00:00+00:00,238.55
Sports,KXNBAALLSTARS-26,Pro Basketball All Stars?,KXNBAALLSTARS-26-FWAG,Franz Wagner,0.0,0.38,0.01,0.01,,16521.28,1,2026-02-17 15:00:00+00:00,178.55
Sports,KXSAUDIPLGAME-26FEB06ITTDAM,Al-Ittifaq vs Damac,KXSAUDIPLGAME-26FEB06ITTDAM-DAM,Damac,0.14,0.18,0.16,0.17,0.04,16504.62,1,2026-02-20 15:00:00+00:00,250.55
Sports,KXNBAALLSTARS-26,Pro Basketball All Stars?,KXNBAALLSTARS-26-BING,Brandon Ingram,0.01,0.43,0.22,0.01,0.42,16398.74,1,2026-02-17 15:00:00+00:00,178.55
Sports,KXEKSTRAKLASAGAME-26FEB06KORZAG,Korona Kielce vs Zaglebie Lubin,KXEKSTRAKLASAGAME-26FEB06KORZAG-ZAG,Zaglebie Lubin,0.18,0.23,0.205,0.23,0.05,16383.44,1,2026-02-20 17:00:00+00:00,252.55
Sports,KXLOLGAME-26FEB06MVKTSW,LCP 2026: MVK Esports vs. Team Secret Whales,KXLOLGAME-26FEB06MVKTSW-MVK,MVK Esports,0.32,0.35,0.335,0.35,0.03,16343.21,1,2026-02-20 06:00:00+00:00,241.55
Sports,KXNBAALLSTARS-26,Pro Basketball All Stars?,KXNBAALLSTARS-26-BADE,Bam Adebayo,0.0,0.43,0.1,0.1,,16271.49,1,2026-02-17 15:00:00+00:00,178.55
Sports,KXNBAALLSTARS-26,Pro Basketball All Stars?,KXNBAALLSTARS-26-ASEN,Alperen Sengun,0.78,0.93,0.855,0.79,0.15,16249.98,1,2026-02-17 15:00:00+00:00,178.55
Sports,KXVALORANTGAME-26FEB06EGNV,VCT Americas Kickoff 2026: Evil Geniuses vs. Team Envy,KXVALORANTGAME-26FEB06EGNV-NV,Team Envy,0.53,0.58,0.555,0.6,0.05,16051.45,1,2026-02-20 22:00:00+00:00,257.55
Sports,KXWTACHALLENGERMATCH-26FEB06SAWPRO,Sawangkaew vs Prozorova,KXWTACHALLENGERMATCH-26FEB06SAWPRO-PRO,Tatiana Prozorova,0.59,0.6,0.595,0.6,0.01,16029.83,1,2026-02-20 09:30:00+00:00,245.05
Sports,KXNBAALLSTARS-26,Pro Basketball All Stars?,KXNBAALLSTARS-26-KKNU,Kon Knueppel,0.0,0.15,0.24,0.24,,15955.05,1,2026-02-17 15:00:00+00:00,178.55
Sports,KXWTACHALLENGERMATCH-26FEB06YAMTIA,Yamaguchi vs Tian,KXWTACHALLENGERMATCH-26FEB06YAMTIA-TIA,Fangran Tian,0.63,0.66,0.645,0.67,0.03,15905.85,1,2026-02-20 10:40:00+00:00,246.21
Sports,KXNBAALLSTARS-26,Pro Basketball All Stars?,KXNBAALLSTARS-26-SCAS,Stephon Castle,0.0,0.1,0.1,0.1,,15831.25,1,2026-02-17 15:00:00+00:00,178.55
Sports,KXNBAALLSTARS-26,Pro Basketball All Stars?,KXNBAALLSTARS-26-SSHA,Shaedon Sharpe,0.0,0.12,0.17,0.17,,15828.5,1,2026-02-17 15:00:00+00:00,178.55
Sports,KXNBAALLSTARS-26,Pro Basketball All Stars?,KXNBAALLSTARS-26-TYOU,Trae Young,0.0,0.03,0.03,0.03,,15700.48,1,2026-02-17 15:00:00+00:00,178.55
Sports,KXWTACHALLENGERMATCH-26FEB06YAMTIA,Yamaguchi vs Tian,KXWTACHALLENGERMATCH-26FEB06YAMTIA-YAM,Mei Yamaguchi,0.34,0.36,0.35,0.37,0.02,15670.37,1,2026-02-20 10:40:00+00:00,246.21
Sports,KXNBAALLSTARS-26SDC,Pro Basketball Slam Dunk Contest Participants?,KXNBAALLSTARS-26SDC-MMCC,Mac McClung,0.0,0.18,0.18,0.18,,15618.97,1,2026-02-16 03:00:00+00:00,142.55
Sports,KXHNLGAME-26FEB06LOKGOR,Lokomotiva vs Gorica,KXHNLGAME-26FEB06LOKGOR-GOR,Gorica,0.21,0.29,0.25,0.29,0.08,15560.64,1,2026-02-20 17:00:00+00:00,252.55
Sports,KXNBASPREAD-26FEB05CHAHOU,Charlotte at Houston: Spread,KXNBASPREAD-26FEB05CHAHOU-HOU6,Houston wins by over 6.5 Points,0.04,0.05,0.045,0.06,0.01,15535.94,1,2026-02-20 01:00:00+00:00,236.55
Sports,KXBELGIANPLGAME-26FEB06WESSTT,Westerlo vs St. Truidense,KXBELGIANPLGAME-26FEB06WESSTT-STT,St. Truidense,0.33,0.36,0.345,0.31,0.03,15524.98,1,2026-02-20 19:45:00+00:00,255.3
Sports,KXHNLGAME-26FEB06LOKGOR,Lokomotiva vs Gorica,KXHNLGAME-26FEB06LOKGOR-TIE,Tie,0.25,0.33,0.29,0.33,0.08,15507.68,1,2026-02-20 17:00:00+00:00,252.55
Sports,KXATPCHALLENGERMATCH-26FEB06MORMER,Moro Canas vs Merida,KXATPCHALLENGERMATCH-26FEB06MORMER-MOR,Alejandro Moro Canas,0.4,0.44,0.42,0.44,0.04,15378.67,1,2026-02-20 12:10:00+00:00,247.71
Sports,KXLOLGAME-26FEB06DNFKT,LCK Cup 2026: DN SOOPers vs. KT Rolster,KXLOLGAME-26FEB06DNFKT-KT,KT Rolster,0.74,0.76,0.75,0.76,0.02,15286.86,1,2026-02-20 10:00:00+00:00,245.55
Sports,KXEFLCHAMPIONSHIPGAME-26FEB03PORIPS,Portsmouth vs Ipswich,KXEFLCHAMPIONSHIPGAME-26FEB03PORIPS-IPS,Ipswich,0.51,0.53,0.52,0.51,0.02,15024.95,1,2026-02-17 19:45:00+00:00,183.3
Sports,KXLOLGAME-26FEB06GZCFO,LCP 2026: Ground Zero Gaming vs. CTBC Flying Oyster,KXLOLGAME-26FEB06GZCFO-CFO,CTBC Flying Oyster,0.76,0.83,0.795,0.84,0.07,15008.39,1,2026-02-20 08:30:00+00:00,244.05
Sports,KXDENSUPERLIGAGAME-26FEB06AGFOBK,Aarhus vs Odense,KXDENSUPERLIGAGAME-26FEB06AGFOBK-TIE,Tie,0.18,0.26,0.22,0.0,0.08,14913.95,1,2026-02-20 18:00:00+00:00,253.55
Sports,KXWTACHALLENGERMATCH-26FEB06JEATAR,Jeanjean vs Tararudee,KXWTACHALLENGERMATCH-26FEB06JEATAR-TAR,Lanlana Tararudee,0.58,0.61,0.595,0.6,0.03,14871.23,1,2026-02-20 09:30:00+00:00,245.05
Sports,KXEKSTRAKLASAGAME-26FEB06LECCRA,Lechia Gdansk vs Cracovia Krakow,KXEKSTRAKLASAGAME-26FEB06LECCRA-TIE,Tie,0.23,0.29,0.26,0.0,0.06,14694.29,1,2026-02-20 19:30:00+00:00,255.05
Sports,KXVALORANTGAME-26FEB06T1PR,VCT Pacific Kickoff 2026: T1 vs. Paper Rex,KXVALORANTGAME-26FEB06T1PR-PR,Paper Rex,0.53,0.54,0.535,0.57,0.01,14655.84,1,2026-02-20 11:00:00+00:00,246.55
Sports,KXNCAAMBTOTAL-26FEB05OSUMD,Ohio St. at Maryland: Total Points,KXNCAAMBTOTAL-26FEB05OSUMD-139,Over 139.5 points scored,0.75,0.86,0.805,0.83,0.11,14599.02,1,2026-02-20 01:30:00+00:00,237.05
Sports,KXVALORANTGAME-26FEB06BLGDRG,VCT China Kickoff 2026: Bilibili Gaming vs. Dragon Ranger Gaming,KXVALORANTGAME-26FEB06BLGDRG-BLG,Bilibili Gaming,0.54,0.58,0.56,0.58,0.04,14519.18,1,2026-02-20 09:00:00+00:00,244.55
Sports,KXNBASPREAD-26FEB05CHITOR,Chicago at Toronto: Spread,KXNBASPREAD-26FEB05CHITOR-TOR11,Toronto wins by over 11.5 Points,0.72,0.83,0.775,0.84,0.11,14405.38,1,2026-02-20 00:30:00+00:00,236.05
Sports,KXBUNDESLIGASPREAD-26FEB06UNISGE,Frankfurt at Union Berlin: Spreads,KXBUNDESLIGASPREAD-26FEB06UNISGE-UNI2,Union Berlin wins by over 2.5 goals,0.07,0.08,0.075,0.0,0.01,14303.81,1,2026-02-20 19:30:00+00:00,255.05
Sports,KXNBAALLSTARS-26,Pro Basketball All Stars?,KXNBAALLSTARS-26-DBRO,Dillon Brooks,0.05,0.2,0.125,0.24,0.15,14269.71,1,2026-02-17 15:00:00+00:00,178.55
Sports,KXNCAAWBGAME-26FEB05MTSTIDHO,Montana St. at Idaho,KXNCAAWBGAME-26FEB05MTSTIDHO-IDHO,Idaho,0.32,0.79,0.555,0.68,0.47,14223.33,1,2026-02-20 02:00:00+00:00,237.55
Sports,KXNCAAMBTOTAL-26FEB05OSUMD,Ohio St. at Maryland: Total Points,KXNCAAMBTOTAL-26FEB05OSUMD-136,Over 136.5 points scored,0.81,0.91,0.86,0.91,0.1,14147.09,1,2026-02-20 01:30:00+00:00,237.05
Sports,KXNBASPREAD-26FEB05CHITOR,Chicago at Toronto: Spread,KXNBASPREAD-26FEB05CHITOR-TOR14,Toronto wins by over 14.5 Points,0.52,0.56,0.54,0.52,0.04,14123.68,1,2026-02-20 00:30:00+00:00,236.05
Sports,KXBUNDESLIGASPREAD-26FEB06UNISGE,Frankfurt at Union Berlin: Spreads,KXBUNDESLIGASPREAD-26FEB06UNISGE-SGE1,Frankfurt wins by over 1.5 goals,0.09,0.1,0.095,0.0,0.01,14091.2,1,2026-02-20 19:30:00+00:00,255.05
Sports,KXVALORANTGAME-26FEB06T1PR,VCT Pacific Kickoff 2026: T1 vs. Paper Rex,KXVALORANTGAME-26FEB06T1PR-T1,T1,0.43,0.47,0.45,0.47,0.04,14054.62,1,2026-02-20 11:00:00+00:00,246.55
Sports,KXNCAAMBTOTAL-26FEB05OSUMD,Ohio St. at Maryland: Total Points,KXNCAAMBTOTAL-26FEB05OSUMD-142,Over 142.5 points scored,0.72,0.78,0.75,0.78,0.06,14033.09,1,2026-02-20 01:30:00+00:00,237.05
Sports,KXNCAAWBGAME-26FEB05WSUUSD,Washington St. at San Diego,KXNCAAWBGAME-26FEB05WSUUSD-USD,San Diego,0.28,0.31,0.295,0.02,0.03,13878.7,1,2026-02-20 02:00:00+00:00,237.55
Sports,KXEKSTRAKLASAGAME-26FEB06KORZAG,Korona Kielce vs Zaglebie Lubin,KXEKSTRAKLASAGAME-26FEB06KORZAG-TIE,Tie,0.24,0.31,0.275,0.0,0.07,13846.26,1,2026-02-20 17:00:00+00:00,252.55
Sports,KXNCAAWBGAME-26FEB05SCUPAC,Santa Clara at Pacific,KXNCAAWBGAME-26FEB05SCUPAC-SCU,Santa Clara,0.8,0.81,0.805,0.8,0.01,13778.74,1,2026-02-20 02:00:00+00:00,237.55
Sports,KXCS2TOTALMAPS-26FEB06MOUZG2,IEM Krakow 2026: MOUZ vs. G2 Total Maps,KXCS2TOTALMAPS-26FEB06MOUZG2-3,Over 2.5 maps,0.48,0.51,0.495,0.51,0.03,13712.96,1,2026-02-20 18:00:00+00:00,253.55
Sports,KXNBAALLSTARS-26,Pro Basketball All Stars?,KXNBAALLSTARS-26-JEMB,Joel Embiid,0.16,0.89,0.525,0.25,0.73,13692.04,1,2026-02-17 15:00:00+00:00,178.55
Sports,KXNCAAMBTOTAL-26FEB05OSUMD,Ohio St. at Maryland: Total Points,KXNCAAMBTOTAL-26FEB05OSUMD-163,Over 163.5 points scored,0.1,0.18,0.14,0.09,0.08,13666.75,1,2026-02-20 01:30:00+00:00,237.05
Sports,KXDENSUPERLIGAGAME-26FEB06AGFOBK,Aarhus vs Odense,KXDENSUPERLIGAGAME-26FEB06AGFOBK-AGF,Aarhus,0.56,0.63,0.595,0.64,0.07,13662.02,1,2026-02-20 18:00:00+00:00,253.55
Sports,KXLOLGAME-26FEB06DNFKT,LCK Cup 2026: DN SOOPers vs. KT Rolster,KXLOLGAME-26FEB06DNFKT-DNF,DN SOOPers,0.25,0.27,0.26,0.27,0.02,13637.28,1,2026-02-20 10:00:00+00:00,245.55
Sports,KXEKSTRAKLASAGAME-26FEB06LECCRA,Lechia Gdansk vs Cracovia Krakow,KXEKSTRAKLASAGAME-26FEB06LECCRA-LEC,Lechia Gdansk,0.42,0.5,0.46,0.0,0.08,13513.38,1,2026-02-20 19:30:00+00:00,255.05
Sports,KXHNLGAME-26FEB06LOKGOR,Lokomotiva vs Gorica,KXHNLGAME-26FEB06LOKGOR-LOK,Lokomotiva,0.46,0.5,0.48,0.0,0.04,13474.63,1,2026-02-20 17:00:00+00:00,252.55
Sports,KXVALORANTGAME-26FEB06GXTL,VCT EMEA Kickoff 2026: GIANTX vs. Team Liquid,KXVALORANTGAME-26FEB06GXTL-GX,GIANTX,0.45,0.49,0.47,0.49,0.04,13432.11,1,2026-02-20 19:00:00+00:00,254.55
Sports,KXJLEAGUEGAME-26FEB06KYOVIK,Kyoto Sanga vs Kobe,KXJLEAGUEGAME-26FEB06KYOVIK-TIE,Tie,0.26,0.35,0.305,0.34,0.09,13390.54,1,2026-02-20 10:00:00+00:00,245.55
Sports,KXNBAPTS-26FEB05PHILAL,Philadelphia at Los Angeles L: Points,KXNBAPTS-26FEB05PHILAL-PHITMAXEY0-25,Tyrese Maxey: 25+,0.64,0.65,0.645,0.65,0.01,13341.46,1,2026-02-20 03:00:00+00:00,238.55
Sports,KXEKSTRAKLASAGAME-26FEB06KORZAG,Korona Kielce vs Zaglebie Lubin,KXEKSTRAKLASAGAME-26FEB06KORZAG-KOR,Korona Kielce,0.47,0.54,0.505,0.54,0.07,13299.93,1,2026-02-20 17:00:00+00:00,252.55
Sports,KXEKSTRAKLASAGAME-26FEB06LECCRA,Lechia Gdansk vs Cracovia Krakow,KXEKSTRAKLASAGAME-26FEB06LECCRA-CRA,Cracovia Krakow,0.24,0.31,0.275,0.0,0.07,13230.69,1,2026-02-20 19:30:00+00:00,255.05
Sports,KXWTACHALLENGERMATCH-26FEB06TAGSEM,Tagger vs Semenistaja,KXWTACHALLENGERMATCH-26FEB06TAGSEM-SEM,Darja Semenistaja,0.39,0.41,0.4,0.38,0.02,13141.91,1,2026-02-20 10:40:00+00:00,246.21
Sports,KXNCAAMBGAME-26FEB05ACUVU,Abilene Christian at Utah Valley,KXNCAAMBGAME-26FEB05ACUVU-UVU,Utah Valley,0.99,1.0,0.995,0.99,0.01,13135.21,1,2026-02-20 01:00:00+00:00,236.55
Sports,KXNCAAWBGAME-26FEB05WSUUSD,Washington St. at San Diego,KXNCAAWBGAME-26FEB05WSUUSD-WSU,Washington St.,0.67,0.71,0.69,0.7,0.04,13074.7,1,2026-02-20 02:00:00+00:00,237.55
Sports,KXATPCHALLENGERMATCH-26FEB06UCHSCH,Uchida vs Schoenhaus,KXATPCHALLENGERMATCH-26FEB06UCHSCH-UCH,Kaichi Uchida,0.48,0.51,0.495,0.51,0.03,13064.19,1,2026-02-20 11:00:00+00:00,246.55
Sports,KXNCAAMBTOTAL-26FEB05MEMUAB,Memphis at UAB: Total Points,KXNCAAMBTOTAL-26FEB05MEMUAB-154,Over 154.5 points scored,0.63,0.68,0.655,0.67,0.05,12967.47,1,2026-02-20 02:00:00+00:00,237.55
Sports,KXNCAAMBTOTAL-26FEB05OSUMD,Ohio St. at Maryland: Total Points,KXNCAAMBTOTAL-26FEB05OSUMD-160,Over 160.5 points scored,0.16,0.24,0.2,0.16,0.08,12943.35,1,2026-02-20 01:30:00+00:00,237.05
Sports,KXATPCHALLENGERMATCH-26FEB06KOTREH,Kotov vs Rehberg,KXATPCHALLENGERMATCH-26FEB06KOTREH-KOT,Pavel Kotov,0.54,0.57,0.555,0.57,0.03,12937.46,1,2026-02-20 12:10:00+00:00,247.71
Sports,KXR6GAME-26FEB06G2FAZE,Six Invitational 2026: G2 Esports vs. FaZe Clan,KXR6GAME-26FEB06G2FAZE-G2,G2 Esports,0.39,0.43,0.41,0.46,0.04,12912.83,1,2026-02-20 20:30:00+00:00,256.05
Sports,KXNCAAWBGAME-26FEB05UCDUCSB,UC Davis at UC Santa Barbara,KXNCAAWBGAME-26FEB05UCDUCSB-UCD,UC Davis,0.57,0.78,0.675,0.77,0.21,12662.9,1,2026-02-20 02:00:00+00:00,237.55
Sports,KXNCAAMBTOTAL-26FEB05OSUMD,Ohio St. at Maryland: Total Points,KXNCAAMBTOTAL-26FEB05OSUMD-157,Over 157.5 points scored,0.25,0.31,0.28,0.32,0.06,12575.35,1,2026-02-20 01:30:00+00:00,237.05
Sports,KXEFLCHAMPIONSHIPGAME-26FEB03PORIPS,Portsmouth vs Ipswich,KXEFLCHAMPIONSHIPGAME-26FEB03PORIPS-POR,Portsmouth,0.2,0.26,0.23,0.2,0.06,12575.3,1,2026-02-17 19:45:00+00:00,183.3
Sports,KXCS2MAP-26FEB06MOUZG2-2,IEM Krakow 2026: MOUZ vs. G2 Map 2,KXCS2MAP-26FEB06MOUZG2-2-MOUZ,MOUZ,0.51,0.55,0.53,0.54,0.04,12567.8,1,2026-02-20 18:00:00+00:00,253.55
Sports,KXNCAAMBGAME-26FEB05ACUVU,Abilene Christian at Utah Valley,KXNCAAMBGAME-26FEB05ACUVU-AC,Abilene Christian,0.0,0.01,0.01,0.01,,12556.52,1,2026-02-20 01:00:00+00:00,236.55
Sports,KXNCAAMBTOTAL-26FEB05OSUMD,Ohio St. at Maryland: Total Points,KXNCAAMBTOTAL-26FEB05OSUMD-166,Over 166.5 points scored,0.04,0.14,0.09,0.13,0.1,12460.16,1,2026-02-20 01:30:00+00:00,237.05
Sports,KXNCAAMBSPREAD-26FEB05OSUMD,Ohio St. at Maryland: Spread,KXNCAAMBSPREAD-26FEB05OSUMD-OSU4,Ohio St. wins by over 4.5 Points,0.78,0.9,0.84,0.85,0.12,12435.65,1,2026-02-20 01:30:00+00:00,237.05
Sports,KXLOLGAME-26FEB06MVKTSW,LCP 2026: MVK Esports vs. Team Secret Whales,KXLOLGAME-26FEB06MVKTSW-TSW,Team Secret Whales,0.67,0.68,0.675,0.68,0.01,12430.67,1,2026-02-20 06:00:00+00:00,241.55
Sports,KXLOLMAP-26FEB06BRODRX-1,LCK Cup 2026: OKSavingsBank BRION vs. DRX Map 1,KXLOLMAP-26FEB06BRODRX-1-DRX,DRX,0.53,0.57,0.55,0.57,0.04,12429.72,1,2026-02-20 08:00:00+00:00,243.55
Sports,KXEFLCHAMPIONSHIPGAME-26FEB03PORIPS,Portsmouth vs Ipswich,KXEFLCHAMPIONSHIPGAME-26FEB03PORIPS-TIE,Tie,0.25,0.27,0.26,0.25,0.02,12426.83,1,2026-02-17 19:45:00+00:00,183.3
Sports,KXNBAPTS-26FEB05PHILAL,Philadelphia at Los Angeles L: Points,KXNBAPTS-26FEB05PHILAL-LALAREAVES15-10,Austin Reaves: 10+,0.79,0.84,0.815,0.84,0.05,12402.32,1,2026-02-20 03:00:00+00:00,238.55
Sports,KXLOLMAP-26FEB06BRODRX-1,LCK Cup 2026: OKSavingsBank BRION vs. DRX Map 1,KXLOLMAP-26FEB06BRODRX-1-BRO,OKSavingsBank BRION,0.43,0.47,0.45,0.0,0.04,12363.12,1,2026-02-20 08:00:00+00:00,243.55
Sports,KXNCAAMBTOTAL-26FEB05OSUMD,Ohio St. at Maryland: Total Points,KXNCAAMBTOTAL-26FEB05OSUMD-145,Over 145.5 points scored,0.62,0.67,0.645,0.67,0.05,12354.89,1,2026-02-20 01:30:00+00:00,237.05
Sports,KXNCAAWBGAME-26FEB05CSFUCRV,Cal State Fullerton at UC Riverside,KXNCAAWBGAME-26FEB05CSFUCRV-CSF,Cal State Fullerton,0.35,0.81,0.58,0.75,0.46,12342.61,1,2026-02-20 02:00:00+00:00,237.55
Sports,KXVALORANTGAME-26FEB06EDGTYLOO,VCT China Kickoff 2026: EDward Gaming vs. TYLOO,KXVALORANTGAME-26FEB06EDGTYLOO-EDG,EDward Gaming,0.59,0.63,0.61,0.63,0.04,12333.11,1,2026-02-20 11:00:00+00:00,246.55
Sports,KXNBA2D-26FEB05PHILAL,Philadelphia at Los Angeles L: Double Doubles,KXNBA2D-26FEB05PHILAL-LALLDONCIC77,Luka Dončić,0.58,0.59,0.585,0.59,0.01,12256.39,1,2026-02-20 03:00:00+00:00,238.55
Sports,KXATPCHALLENGERMATCH-26FEB06ROMDAL,Romano vs Dalla Valle,KXATPCHALLENGERMATCH-26FEB06ROMDAL-ROM,Filippo Romano,0.42,0.44,0.43,0.44,0.02,12238.18,1,2026-02-20 12:00:00+00:00,247.55
Sports,KXVALORANTGAME-26FEB06NAVITH,VCT EMEA Kickoff 2026: Natus Vincere vs. Team Heretics,KXVALORANTGAME-26FEB06NAVITH-NAVI,Natus Vincere,0.45,0.47,0.46,0.47,0.02,12238.0,1,2026-02-20 16:00:00+00:00,251.55
Sports,KXWTAMATCH-26FEB06BAPHUN,Baptiste vs Hunter,KXWTAMATCH-26FEB06BAPHUN-BAP,Hailey Baptiste,0.08,0.81,0.445,0.81,0.73,12221.26,1,2026-02-20 07:00:00+00:00,242.55
Sports,KXNBAALLSTARS-26,Pro Basketball All Stars?,KXNBAALLSTARS-26-ADAV,Anthony Davis,0.0,0.02,0.05,0.05,,12203.93,1,2026-02-17 15:00:00+00:00,178.55
Sports,KXWTAMATCH-26FEB06BAPHUN,Baptiste vs Hunter,KXWTAMATCH-26FEB06BAPHUN-HUN,Storm Hunter,0.08,0.81,0.445,0.08,0.73,12159.48,1,2026-02-20 07:00:00+00:00,242.55
Sports,KXCS2MAP-26FEB06MOUZG2-1,IEM Krakow 2026: MOUZ vs. G2 Map 1,KXCS2MAP-26FEB06MOUZG2-1-MOUZ,MOUZ,0.6,0.62,0.61,0.6,0.02,12156.32,1,2026-02-20 18:00:00+00:00,253.55
Sports,KXNHLTOTAL-26FEB05FLATB,Florida at Tampa Bay: Total Points,KXNHLTOTAL-26FEB05FLATB-5,Over 5.5 goals scored,0.33,0.72,0.525,0.41,0.39,12067.99,1,2026-02-20 00:30:00+00:00,236.05
Sports,KXNBAPTS-26FEB05PHILAL,Philadelphia at Los Angeles L: Points,KXNBAPTS-26FEB05PHILAL-LALLDONCIC77-25,Luka Dončić: 25+,0.79,0.83,0.81,0.8,0.04,12043.21,1,2026-02-20 03:00:00+00:00,238.55
Sports,KXNHLGAME-26FEB05NSHWSH,Nashville at Washington,KXNHLGAME-26FEB05NSHWSH-WSH,WSH Capitals,0.98,0.99,0.985,0.98,0.01,12017.44,1,2026-02-20 00:00:00+00:00,235.55
Sports,KXVALORANTGAME-26FEB06DFMFS,VCT Pacific Kickoff 2026: DetonatioN FocusMe vs. FULL SENSE,KXVALORANTGAME-26FEB06DFMFS-FS,FULL SENSE,0.63,0.66,0.645,0.66,0.03,11986.82,1,2026-02-20 08:00:00+00:00,243.55
Sports,KXNBATOTAL-26FEB05CHAHOU,Charlotte at Houston: Total Points,KXNBATOTAL-26FEB05CHAHOU-223,Over 223.5 points scored,0.48,0.52,0.5,0.48,0.04,11888.62,1,2026-02-20 01:00:00+00:00,236.55
Sports,KXNCAAWBGAME-26FEB05MONTEWU,Montana at Eastern Washington,KXNCAAWBGAME-26FEB05MONTEWU-MONT,Montana,0.28,0.36,0.32,0.28,0.08,11717.03,1,2026-02-20 02:00:00+00:00,237.55
Sports,KXR6GAME-26FEB06FLUSSG,Six Invitational 2026: Fluxo W7M vs. Spacestation Gaming,KXR6GAME-26FEB06FLUSSG-FLU,Fluxo W7M,0.48,0.52,0.5,0.51,0.04,11671.85,1,2026-02-20 17:00:00+00:00,252.55
Sports,KXVALORANTGAME-26FEB06DFMFS,VCT Pacific Kickoff 2026: DetonatioN FocusMe vs. FULL SENSE,KXVALORANTGAME-26FEB06DFMFS-DFM,DetonatioN FocusMe,0.35,0.38,0.365,0.37,0.03,11614.42,1,2026-02-20 08:00:00+00:00,243.55
Sports,KXATPCHALLENGERMATCH-26FEB06GIUMAR,Giustino vs Martin Tiffon,KXATPCHALLENGERMATCH-26FEB06GIUMAR-GIU,Lorenzo Giustino,0.46,0.49,0.475,0.0,0.03,11606.2,1,2026-02-20 13:20:00+00:00,248.88
Sports,KXCS2TOTALMAPS-26FEB06FURIAAUR,IEM Krakow 2026: FURIA vs. Aurora Gaming Total Maps,KXCS2TOTALMAPS-26FEB06FURIAAUR-3,Over 2.5 maps,0.49,0.5,0.495,0.5,0.01,11424.21,1,2026-02-20 14:45:00+00:00,250.3
Sports,KXJLEAGUEGAME-26FEB06MARMAC,Marinos vs Machida Z,KXJLEAGUEGAME-26FEB06MARMAC-TIE,Tie,0.24,0.33,0.285,0.33,0.09,11377.72,1,2026-02-20 10:00:00+00:00,245.55
Sports,KXNCAAWBGAME-26FEB05CPCSN,Cal Poly at Cal State Northridge,KXNCAAWBGAME-26FEB05CPCSN-CP,Cal Poly,0.22,0.8,0.51,0.67,0.58,11338.31,1,2026-02-20 02:00:00+00:00,237.55
Sports,KXNBAAST-26FEB05PHILAL,Philadelphia at Los Angeles L: Assists,KXNBAAST-26FEB05PHILAL-PHIVEDGECOMBE77-4,VJ Edgecombe: 4+,0.57,0.62,0.595,0.65,0.05,11253.12,1,2026-02-20 03:00:00+00:00,238.55
Sports,KXNHLGAME-26FEB05PITBUF,Pittsburgh at Buffalo,KXNHLGAME-26FEB05PITBUF-BUF,BUF Sabres,0.0,0.02,0.03,0.03,,11198.38,1,2026-02-20 00:00:00+00:00,235.55
Sports,KXJLEAGUEGAME-26FEB06VVNSAN,V-Varen vs Hiroshima,KXJLEAGUEGAME-26FEB06VVNSAN-VVN,V-Varen,0.21,0.3,0.255,0.3,0.09,11191.88,1,2026-02-20 10:00:00+00:00,245.55
Sports,KXNCAAWBGAME-26FEB05LTUTEP,Louisiana Tech at UTEP,KXNCAAWBGAME-26FEB05LTUTEP-UTEP,UTEP,0.03,0.58,0.305,0.02,0.55,11186.02,1,2026-02-20 02:00:00+00:00,237.55
Sports,KXLOLTOTALMAPS-26FEB06WBIG,LPL 2026: Weibo Gaming vs. Invictus Gaming Total Maps,KXLOLTOTALMAPS-26FEB06WBIG-3,Over 2.5 maps,0.44,0.51,0.475,0.51,0.07,11138.72,1,2026-02-20 07:00:00+00:00,242.55
Sports,KXNCAAWBGAME-26FEB05SCUPAC,Santa Clara at Pacific,KXNCAAWBGAME-26FEB05SCUPAC-PAC,Pacific,0.19,0.22,0.205,0.22,0.03,11089.31,1,2026-02-20 02:00:00+00:00,237.55
Sports,KXNHLGAME-26FEB05FLATB,Florida at Tampa Bay,KXNHLGAME-26FEB05FLATB-FLA,FLA Panthers,0.0,0.01,0.01,0.01,,11058.94,1,2026-02-20 00:30:00+00:00,236.05
Sports,KXATPCHALLENGERMATCH-26FEB06GIUMAR,Giustino vs Martin Tiffon,KXATPCHALLENGERMATCH-26FEB06GIUMAR-MAR,Pol Martin Tiffon,0.5,0.54,0.52,0.0,0.04,11020.35,1,2026-02-20 13:20:00+00:00,248.88
Sports,KXNCAAMBGAME-26FEB05ELONHAMP,Elon at Hampton,KXNCAAMBGAME-26FEB05ELONHAMP-HAMP,Hampton,0.99,1.0,0.995,0.99,0.01,10959.52,1,2026-02-20 00:00:00+00:00,235.55
Sports,KXJOINMESSI-26,Will Messi join Galatasaray?,KXJOINMESSI-26-GALA,Galatasaray S.K.,0.01,0.07,0.04,0.05,0.06,10928.75,1,2026-02-18 15:00:00+00:00,202.55
Sports,KXVALORANTGAME-26FEB06NAVITH,VCT EMEA Kickoff 2026: Natus Vincere vs. Team Heretics,KXVALORANTGAME-26FEB06NAVITH-TH,Team Heretics,0.53,0.56,0.545,0.57,0.03,10773.97,1,2026-02-20 16:00:00+00:00,251.55
Sports,KXLOLMAP-26FEB06WBIG-1,LPL 2026: Weibo Gaming vs. Invictus Gaming Map 1,KXLOLMAP-26FEB06WBIG-1-WB,Weibo Gaming,0.58,0.65,0.615,0.0,0.07,10770.45,1,2026-02-20 07:00:00+00:00,242.55
Sports,KXNCAAWBGAME-26FEB05UCSDLBSU,UC San Diego at Long Beach St.,KXNCAAWBGAME-26FEB05UCSDLBSU-UCSD,UC San Diego,0.77,0.97,0.87,0.56,0.2,10754.78,1,2026-02-20 02:00:00+00:00,237.55
Sports,KXJLEAGUEGAME-26FEB06KYOVIK,Kyoto Sanga vs Kobe,KXJLEAGUEGAME-26FEB06KYOVIK-KYO,Kyoto Sanga,0.27,0.32,0.295,0.58,0.05,10709.14,1,2026-02-20 10:00:00+00:00,245.55
Sports,KXNCAAMBTOTAL-26FEB05MEMUAB,Memphis at UAB: Total Points,KXNCAAMBTOTAL-26FEB05MEMUAB-157,Over 157.5 points scored,0.57,0.6,0.585,0.79,0.03,10708.26,1,2026-02-20 02:00:00+00:00,237.55
Sports,KXNBAALLSTARS-26,Pro Basketball All Stars?,KXNBAALLSTARS-26-JWIL,Jalen Williams,0.0,0.04,0.03,0.03,,10702.11,1,2026-02-17 15:00:00+00:00,178.55
Sports,KXNBAAST-26FEB05GSWPHX,Golden State at Phoenix: Assists,KXNBAAST-26FEB05GSWPHX-GSWDGREEN23-5,Draymond Green: 5+,0.48,0.53,0.505,0.5,0.05,10632.52,1,2026-02-20 03:00:00+00:00,238.55
Sports,KXNBAREB-26FEB05PHILAL,Philadelphia at Los Angeles L: Rebounds,KXNBAREB-26FEB05PHILAL-LALLJAMES23-6,LeBron James: 6+,0.54,0.59,0.565,0.56,0.05,10620.41,1,2026-02-20 03:00:00+00:00,238.55
Sports,KXNBATOTAL-26FEB05CHAHOU,Charlotte at Houston: Total Points,KXNBATOTAL-26FEB05CHAHOU-217,Over 217.5 points scored,0.69,0.77,0.73,0.8,0.08,10504.78,1,2026-02-20 01:00:00+00:00,236.55
Sports,KXNBAPTS-26FEB05PHILAL,Philadelphia at Los Angeles L: Points,KXNBAPTS-26FEB05PHILAL-PHIVEDGECOMBE77-25,VJ Edgecombe: 25+,0.06,0.09,0.075,0.1,0.03,10438.11,1,2026-02-20 03:00:00+00:00,238.55
Sports,KXNCAAWBGAME-26FEB05SIUUIC,Southern Illinois at UIC,KXNCAAWBGAME-26FEB05SIUUIC-SIU,Southern Illinois,0.19,0.92,0.555,0.32,0.73,10412.82,1,2026-02-20 01:00:00+00:00,236.55
Sports,KXNBAPTS-26FEB05PHILAL,Philadelphia at Los Angeles L: Points,KXNBAPTS-26FEB05PHILAL-LALLJAMES23-20,LeBron James: 20+,0.5,0.56,0.53,0.53,0.06,10407.73,1,2026-02-20 03:00:00+00:00,238.55
Sports,KXNHLTOTAL-26FEB05FLATB,Florida at Tampa Bay: Total Points,KXNHLTOTAL-26FEB05FLATB-4,Over 4.5 goals scored,0.76,0.92,0.84,0.98,0.16,10404.19,1,2026-02-20 00:30:00+00:00,236.05
Sports,KXNBAPTS-26FEB05PHILAL,Philadelphia at Los Angeles L: Points,KXNBAPTS-26FEB05PHILAL-LALLDONCIC77-35,Luka Dončić: 35+,0.38,0.43,0.405,0.43,0.05,10369.36,1,2026-02-20 03:00:00+00:00,238.55
Sports,KXLIGUE1SPREAD-26FEB06FCMLIL,Lille at Metz: Spreads,KXLIGUE1SPREAD-26FEB06FCMLIL-LIL2,Lille wins by over 2.5 goals,0.15,0.16,0.155,0.16,0.01,10366.72,1,2026-02-20 19:45:00+00:00,255.3
Sports,KXWOCURLGAME-26FEB06SWENOR,Sweden vs Norway,KXWOCURLGAME-26FEB06SWENOR-NOR,Norway,0.02,0.97,0.495,0.0,0.95,10352.91,1,2026-02-20 13:35:00+00:00,249.13
Sports,KXVALORANTGAME-26FEB06EGNV,VCT Americas Kickoff 2026: Evil Geniuses vs. Team Envy,KXVALORANTGAME-26FEB06EGNV-EG,Evil Geniuses,0.44,0.46,0.45,0.46,0.02,10331.54,1,2026-02-20 22:00:00+00:00,257.55
Sports,KXNBAALLSTARS-26,Pro Basketball All Stars?,KXNBAALLSTARS-26-JGID,Josh Giddey,0.0,0.1,0.1,0.1,,10329.03,1,2026-02-17 15:00:00+00:00,178.55
Sports,KXNCAAWBGAME-26FEB05UCDUCSB,UC Davis at UC Santa Barbara,KXNCAAWBGAME-26FEB05UCDUCSB-UCSB,UC Santa Barbara,0.22,0.81,0.515,0.82,0.59,10307.07,1,2026-02-20 02:00:00+00:00,237.55
Sports,KXNCAAWBGAME-26FEB05ALCNMVSU,Alcorn St. at Mississippi Valley St.,KXNCAAWBGAME-26FEB05ALCNMVSU-MVSU,Mississippi Valley St.,0.02,0.51,0.265,0.16,0.49,10289.33,1,2026-02-20 01:00:00+00:00,236.55
Sports,KXLALIGASPREAD-26FEB06RCCOSA,Osasuna at Celta Vigo: Spreads,KXLALIGASPREAD-26FEB06RCCOSA-RCC2,Celta Vigo wins by over 2.5 goals,0.08,0.09,0.085,0.08,0.01,10285.16,1,2026-02-20 20:00:00+00:00,255.55
Sports,KXLIGUE1SPREAD-26FEB06FCMLIL,Lille at Metz: Spreads,KXLIGUE1SPREAD-26FEB06FCMLIL-FCM1,Metz wins by over 1.5 goals,0.02,0.08,0.05,0.0,0.06,10099.71,1,2026-02-20 19:45:00+00:00,255.3
Sports,KXNCAAWBGAME-26FEB05CBUTARL,California Baptist at Tarleton St.,KXNCAAWBGAME-26FEB05CBUTARL-TARL,Tarleton St.,0.0,0.1,0.01,0.01,,10094.15,1,2026-02-20 01:00:00+00:00,236.55
Sports,KXLOLMAP-26FEB06WBIG-1,LPL 2026: Weibo Gaming vs. Invictus Gaming Map 1,KXLOLMAP-26FEB06WBIG-1-IG,Invictus Gaming,0.35,0.42,0.385,0.0,0.07,10093.79,1,2026-02-20 07:00:00+00:00,242.55
Sports,KXLOLGAME-26FEB06GZCFO,LCP 2026: Ground Zero Gaming vs. CTBC Flying Oyster,KXLOLGAME-26FEB06GZCFO-GZ,Ground Zero Gaming,0.14,0.27,0.205,0.29,0.13,10057.31,1,2026-02-20 08:30:00+00:00,244.05
Sports,KXJLEAGUEGAME-26FEB06MARMAC,Marinos vs Machida Z,KXJLEAGUEGAME-26FEB06MARMAC-MAC,Machida Z,0.41,0.44,0.425,0.43,0.03,10050.96,1,2026-02-20 10:00:00+00:00,245.55
Sports,KXJLEAGUEGAME-26FEB06MARMAC,Marinos vs Machida Z,KXJLEAGUEGAME-26FEB06MARMAC-MAR,Marinos,0.3,0.35,0.325,0.35,0.05,10044.88,1,2026-02-20 10:00:00+00:00,245.55
Sports,KXATPCHALLENGERMATCH-26FEB06UCHSCH,Uchida vs Schoenhaus,KXATPCHALLENGERMATCH-26FEB06UCHSCH-SCH,Max Schoenhaus,0.49,0.52,0.505,0.51,0.03,10038.34,1,2026-02-20 11:00:00+00:00,246.55
Sports,KXNCAAWBGAME-26FEB05MTSTIDHO,Montana St. at Idaho,KXNCAAWBGAME-26FEB05MTSTIDHO-MTST,Montana St.,0.23,0.65,0.44,0.69,0.42,10035.0,1,2026-02-20 02:00:00+00:00,237.55
Sports,KXEPLSPREAD-26FEB06LEENFO,Nottingham at Leeds United: Spreads,KXEPLSPREAD-26FEB06LEENFO-NFO2,Nottingham wins by over 2.5 goals,0.02,0.04,0.03,0.04,0.02,10017.15,1,2026-02-20 20:00:00+00:00,255.55
Sports,KXNCAAMBGAME-26FEB05CITSAM,The Citadel at Samford,KXNCAAMBGAME-26FEB05CITSAM-CIT,The Citadel,0.0,0.01,0.01,0.01,,9927.0,1,2026-02-20 01:00:00+00:00,236.55
Sports,KXWOCURLGAME-26FEB06USACAN,United States vs Canada,KXWOCURLGAME-26FEB06USACAN-USA,United States,0.44,0.5,0.47,0.5,0.06,9925.28,1,2026-02-20 09:05:00+00:00,244.63
Sports,KXNHLGAME-26FEB05FLATB,Florida at Tampa Bay,KXNHLGAME-26FEB05FLATB-TB,TB Lightning,0.99,1.0,0.995,0.99,0.01,9911.48,1,2026-02-20 00:30:00+00:00,236.05
Sports,KXJLEAGUEGAME-26FEB06KYOVIK,Kyoto Sanga vs Kobe,KXJLEAGUEGAME-26FEB06KYOVIK-VIK,Kobe,0.44,0.48,0.46,0.48,0.04,9817.45,1,2026-02-20 10:00:00+00:00,245.55
Sports,KXNBAPTS-26FEB05GSWPHX,Golden State at Phoenix: Points,KXNBAPTS-26FEB05GSWPHX-GSWDGREEN23-10,Draymond Green: 10+,0.43,0.45,0.44,0.45,0.02,9806.35,1,2026-02-20 03:00:00+00:00,238.55
Sports,KXLOLMAP-26FEB06WBIG-2,LPL 2026: Weibo Gaming vs. Invictus Gaming Map 2,KXLOLMAP-26FEB06WBIG-2-WB,Weibo Gaming,0.58,0.65,0.615,0.0,0.07,9772.04,1,2026-02-20 07:00:00+00:00,242.55
Sports,KXR6GAME-26FEB06WCGFURIA,Six Invitational 2026: Wildcard Gaming vs. FURIA Esports,KXR6GAME-26FEB06WCGFURIA-WCG,Wildcard Gaming,0.2,0.24,0.22,0.24,0.04,9648.97,1,2026-02-20 13:30:00+00:00,249.05
Sports,KXVALORANTGAME-26FEB06GXTL,VCT EMEA Kickoff 2026: GIANTX vs. Team Liquid,KXVALORANTGAME-26FEB06GXTL-TL,Team Liquid,0.51,0.55,0.53,0.94,0.04,9631.07,1,2026-02-20 19:00:00+00:00,254.55
Sports,KXR6GAME-26FEB06DAYFLCS,Six Invitational 2026: Daystar vs. Falcons Esport,KXR6GAME-26FEB06DAYFLCS-DAY,Daystar,0.05,0.09,0.07,0.09,0.04,9623.1,1,2026-02-20 10:00:00+00:00,245.55
Sports,KXATPCHALLENGERMATCH-26FEB06KOTREH,Kotov vs Rehberg,KXATPCHALLENGERMATCH-26FEB06KOTREH-REH,Max Hans Rehberg,0.45,0.46,0.455,0.48,0.01,9568.32,1,2026-02-20 12:10:00+00:00,247.71
Sports,KXNBAAST-26FEB05PHILAL,Philadelphia at Los Angeles L: Assists,KXNBAAST-26FEB05PHILAL-PHITMAXEY0-6,Tyrese Maxey: 6+,0.68,0.74,0.71,0.74,0.06,9551.44,1,2026-02-20 03:00:00+00:00,238.55
Sports,KXLOLMAP-26FEB06BLGAL-2,LPL 2026: Bilibili Gaming vs. Anyone's Legend Map 2,KXLOLMAP-26FEB06BLGAL-2-BLG,Bilibili Gaming,0.5,0.54,0.52,0.0,0.04,9532.19,1,2026-02-20 09:00:00+00:00,244.55
Sports,KXJLEAGUEGAME-26FEB06VVNSAN,V-Varen vs Hiroshima,KXJLEAGUEGAME-26FEB06VVNSAN-TIE,Tie,0.25,0.35,0.3,0.34,0.1,9432.21,1,2026-02-20 10:00:00+00:00,245.55
Sports,KXR6GAME-26FEB06BDSR,Six Invitational 2026: Black Dragons e-Sports vs. Shopify Rebellion,KXR6GAME-26FEB06BDSR-BD,Black Dragons e-Sports,0.22,0.26,0.24,0.88,0.04,9425.34,1,2026-02-20 17:00:00+00:00,252.55
Sports,KXNBA3PT-26FEB05PHILAL,Philadelphia at Los Angeles L: Three Pointers,KXNBA3PT-26FEB05PHILAL-LALLJAMES23-1,LeBron James: 1+,0.7,0.77,0.735,0.79,0.07,9422.19,1,2026-02-20 03:00:00+00:00,238.55
Sports,KXNBAALLSTARS-26,Pro Basketball All Stars?,KXNBAALLSTARS-26-JBUT,Jimmy Butler,0.0,0.01,0.01,0.01,,9386.92,1,2026-02-17 15:00:00+00:00,178.55
Sports,KXVALORANTMAP-26FEB06DFMFS-2,VCT Pacific Kickoff 2026: DetonatioN FocusMe vs. FULL SENSE Map 2,KXVALORANTMAP-26FEB06DFMFS-2-FS,FULL SENSE,0.59,0.63,0.61,0.0,0.04,9362.32,1,2026-02-20 08:00:00+00:00,243.55
Sports,KXR6GAME-26FEB06OXGEP,Six Invitational 2026: Oxygen Esports vs. ENTERPRISE Esports,KXR6GAME-26FEB06OXGEP-OXG,Oxygen Esports,0.7,0.74,0.72,0.0,0.04,9354.84,1,2026-02-20 20:30:00+00:00,256.05
Sports,KXNCAAWBGAME-26FEB05CSFUCRV,Cal State Fullerton at UC Riverside,KXNCAAWBGAME-26FEB05CSFUCRV-UCRV,UC Riverside,0.21,0.62,0.415,0.62,0.41,9348.82,1,2026-02-20 02:00:00+00:00,237.55
Sports,KXNBA3PT-26FEB05PHILAL,Philadelphia at Los Angeles L: Three Pointers,KXNBA3PT-26FEB05PHILAL-PHITMAXEY0-2,Tyrese Maxey: 2+,0.82,0.87,0.845,0.87,0.05,9334.04,1,2026-02-20 03:00:00+00:00,238.55
Sports,KXNBAPTS-26FEB05GSWPHX,Golden State at Phoenix: Points,KXNBAPTS-26FEB05GSWPHX-GSWDGREEN23-15,Draymond Green: 15+,0.14,0.17,0.155,0.16,0.03,9252.34,1,2026-02-20 03:00:00+00:00,238.55
Sports,KXJLEAGUEGAME-26FEB06VVNSAN,V-Varen vs Hiroshima,KXJLEAGUEGAME-26FEB06VVNSAN-SAN,Hiroshima,0.39,0.45,0.42,0.44,0.06,9249.75,1,2026-02-20 10:00:00+00:00,245.55
Sports,KXNCAAWBGAME-26FEB05WEBUNCO,Weber St. at Northern Colorado,KXNCAAWBGAME-26FEB05WEBUNCO-WEB,Weber St.,0.01,0.02,0.015,0.01,0.01,9202.22,1,2026-02-20 01:00:00+00:00,236.55
Sports,KXNBA3PT-26FEB05PHILAL,Philadelphia at Los Angeles L: Three Pointers,KXNBA3PT-26FEB05PHILAL-LALLJAMES23-2,LeBron James: 2+,0.4,0.45,0.425,0.45,0.05,9178.42,1,2026-02-20 03:00:00+00:00,238.55
Sports,KXNCAAMBTOTAL-26FEB05IDHOMTST,Idaho at Montana St.: Total Points,KXNCAAMBTOTAL-26FEB05IDHOMTST-141,Over 141.5 points scored,0.45,0.5,0.475,0.52,0.05,9170.34,1,2026-02-20 02:00:00+00:00,237.55
Sports,KXNCAAMBTOTAL-26FEB05UNCOWEB,Northern Colorado at Weber St.: Total Points,KXNCAAMBTOTAL-26FEB05UNCOWEB-156,Over 156.5 points scored,0.61,0.68,0.645,0.57,0.07,9157.42,1,2026-02-20 02:00:00+00:00,237.55
Sports,KXNHLGAME-26FEB05PITBUF,Pittsburgh at Buffalo,KXNHLGAME-26FEB05PITBUF-PIT,PIT Penguins,0.99,1.0,0.995,0.99,0.01,9154.29,1,2026-02-20 00:00:00+00:00,235.55
Sports,KXLOLTOTALMAPS-26FEB06BLGAL,LPL 2026: Bilibili Gaming vs. Anyone's Legend Total Maps,KXLOLTOTALMAPS-26FEB06BLGAL-3,Over 2.5 maps,0.5,0.52,0.51,0.52,0.02,9148.12,1,2026-02-20 09:00:00+00:00,244.55
Sports,KXNCAAMBTOTAL-26FEB05UNCOWEB,Northern Colorado at Weber St.: Total Points,KXNCAAMBTOTAL-26FEB05UNCOWEB-162,Over 162.5 points scored,0.44,0.49,0.465,0.44,0.05,9100.46,1,2026-02-20 02:00:00+00:00,237.55
Sports,KXNCAAMBTOTAL-26FEB05IDHOMTST,Idaho at Montana St.: Total Points,KXNCAAMBTOTAL-26FEB05IDHOMTST-138,Over 138.5 points scored,0.54,0.61,0.575,0.5,0.07,9093.65,1,2026-02-20 02:00:00+00:00,237.55
Sports,KXNBAAST-26FEB05PHILAL,Philadelphia at Los Angeles L: Assists,KXNBAAST-26FEB05PHILAL-PHIVEDGECOMBE77-2,VJ Edgecombe: 2+,0.86,0.94,0.9,0.81,0.08,9090.56,1,2026-02-20 03:00:00+00:00,238.55
Sports,KXNCAAMBTOTAL-26FEB05UNCOWEB,Northern Colorado at Weber St.: Total Points,KXNCAAMBTOTAL-26FEB05UNCOWEB-159,Over 159.5 points scored,0.53,0.58,0.555,0.53,0.05,8988.49,1,2026-02-20 02:00:00+00:00,237.55
Sports,KXNCAAMBTOTAL-26FEB05UNCOWEB,Northern Colorado at Weber St.: Total Points,KXNCAAMBTOTAL-26FEB05UNCOWEB-165,Over 165.5 points scored,0.35,0.4,0.375,0.32,0.05,8982.17,1,2026-02-20 02:00:00+00:00,237.55
Sports,KXNCAAWBGAME-26FEB05CPCSN,Cal Poly at Cal State Northridge,KXNCAAWBGAME-26FEB05CPCSN-CSN,Cal State Northridge,0.22,0.81,0.515,0.78,0.59,8975.49,1,2026-02-20 02:00:00+00:00,237.55
Sports,KXNCAAMBTOTAL-26FEB05UNCOWEB,Northern Colorado at Weber St.: Total Points,KXNCAAMBTOTAL-26FEB05UNCOWEB-153,Over 153.5 points scored,0.68,0.77,0.725,0.56,0.09,8975.29,1,2026-02-20 02:00:00+00:00,237.55
Sports,KXNCAAMBTOTAL-26FEB05IDHOMTST,Idaho at Montana St.: Total Points,KXNCAAMBTOTAL-26FEB05IDHOMTST-144,Over 144.5 points scored,0.36,0.4,0.38,0.36,0.04,8966.19,1,2026-02-20 02:00:00+00:00,237.55
Sports,KXNBA3PT-26FEB05PHILAL,Philadelphia at Los Angeles L: Three Pointers,KXNBA3PT-26FEB05PHILAL-PHITMAXEY0-4,Tyrese Maxey: 4+,0.44,0.45,0.445,0.45,0.01,8960.38,1,2026-02-20 03:00:00+00:00,238.55
Sports,KXLOLMAP-26FEB06BRODRX-2,LCK Cup 2026: OKSavingsBank BRION vs. DRX Map 2,KXLOLMAP-26FEB06BRODRX-2-DRX,DRX,0.53,0.57,0.55,0.57,0.04,8959.66,1,2026-02-20 08:00:00+00:00,243.55
Sports,KXNCAAMBTOTAL-26FEB05IDHOMTST,Idaho at Montana St.: Total Points,KXNCAAMBTOTAL-26FEB05IDHOMTST-147,Over 147.5 points scored,0.27,0.33,0.3,0.15,0.06,8956.89,1,2026-02-20 02:00:00+00:00,237.55
Sports,KXNCAAMBTOTAL-26FEB05UNCOWEB,Northern Colorado at Weber St.: Total Points,KXNCAAMBTOTAL-26FEB05UNCOWEB-168,Over 168.5 points scored,0.25,0.33,0.29,0.25,0.08,8949.11,1,2026-02-20 02:00:00+00:00,237.55
Sports,KXVALORANTGAME-26FEB06BLGDRG,VCT China Kickoff 2026: Bilibili Gaming vs. Dragon Ranger Gaming,KXVALORANTGAME-26FEB06BLGDRG-DRG,Dragon Ranger Gaming,0.42,0.43,0.425,0.43,0.01,8945.37,1,2026-02-20 09:00:00+00:00,244.55
Sports,KXNCAAWBGAME-26FEB05SHSUNMSU,Sam Houston at New Mexico St.,KXNCAAWBGAME-26FEB05SHSUNMSU-NMSU,New Mexico St.,0.94,0.97,0.955,0.97,0.03,8940.64,1,2026-02-20 01:00:00+00:00,236.55
Sports,KXNCAAWBGAME-26FEB05MONTEWU,Montana at Eastern Washington,KXNCAAWBGAME-26FEB05MONTEWU-EWU,Eastern Washington,0.66,0.69,0.675,0.69,0.03,8936.6,1,2026-02-20 02:00:00+00:00,237.55
Sports,KXNBATOTAL-26FEB05CHAHOU,Charlotte at Houston: Total Points,KXNBATOTAL-26FEB05CHAHOU-229,Over 229.5 points scored,0.3,0.41,0.355,0.46,0.11,8876.11,1,2026-02-20 01:00:00+00:00,236.55
Sports,KXNBAPTS-26FEB05PHILAL,Philadelphia at Los Angeles L: Points,KXNBAPTS-26FEB05PHILAL-LALLJAMES23-15,LeBron James: 15+,0.78,0.81,0.795,0.81,0.03,8847.05,1,2026-02-20 03:00:00+00:00,238.55
Sports,KXNBAAST-26FEB05GSWPHX,Golden State at Phoenix: Assists,KXNBAAST-26FEB05GSWPHX-GSWDGREEN23-2,Draymond Green: 2+,0.89,0.98,0.935,0.95,0.09,8835.59,1,2026-02-20 03:00:00+00:00,238.55
Sports,KXNCAAWBGAME-26FEB05IDSTNAU,Idaho St. at Northern Arizona,KXNCAAWBGAME-26FEB05IDSTNAU-NAU,Northern Arizona,0.03,0.36,0.195,0.06,0.33,8820.44,1,2026-02-20 01:00:00+00:00,236.55
Sports,KXR6GAME-26FEB06HERETICSWBG,Six Invitational 2026: Heretics vs. Weibo Gaming,KXR6GAME-26FEB06HERETICSWBG-HERETICS,Heretics,0.25,0.29,0.27,0.25,0.04,8789.2,1,2026-02-20 10:00:00+00:00,245.55
Sports,KXSCOTTISHPREMGAME-26FEB04ABECEL,Aberdeen vs Celtic,KXSCOTTISHPREMGAME-26FEB04ABECEL-CEL,Celtic,0.18,0.78,0.48,0.79,0.6,8779.35,1,2026-02-18 20:00:00+00:00,207.55
Sports,KXNCAAWBGAME-26FEB05SDAKDEN,South Dakota at Denver,KXNCAAWBGAME-26FEB05SDAKDEN-DEN,Denver,0.0,0.03,0.01,0.01,,8735.92,1,2026-02-20 01:00:00+00:00,236.55
Sports,KXNBATOTAL-26FEB05CHAHOU,Charlotte at Houston: Total Points,KXNBATOTAL-26FEB05CHAHOU-220,Over 220.5 points scored,0.64,0.69,0.665,0.92,0.05,8710.78,1,2026-02-20 01:00:00+00:00,236.55
Sports,KXR6GAME-26FEB06FXM80,Six Invitational 2026: FearX vs. M80,KXR6GAME-26FEB06FXM80-FX,FearX,0.05,0.09,0.07,0.09,0.04,8703.35,1,2026-02-20 13:30:00+00:00,249.05
Sports,KXATPCHALLENGERMATCH-26FEB06ROMDAL,Romano vs Dalla Valle,KXATPCHALLENGERMATCH-26FEB06ROMDAL-DAL,Enrico Dalla Valle,0.57,0.58,0.575,0.58,0.01,8661.94,1,2026-02-20 12:00:00+00:00,247.55
Sports,KXNBAREB-26FEB05GSWPHX,Golden State at Phoenix: Rebounds,KXNBAREB-26FEB05GSWPHX-GSWDGREEN23-10,Draymond Green: 10+,0.11,0.13,0.12,0.12,0.02,8661.27,1,2026-02-20 03:00:00+00:00,238.55
Sports,KXNCAAMBTOTAL-26FEB05IDHOMTST,Idaho at Montana St.: Total Points,KXNCAAMBTOTAL-26FEB05IDHOMTST-156,Over 156.5 points scored,0.05,0.16,0.105,0.0,0.11,8657.31,1,2026-02-20 02:00:00+00:00,237.55
Sports,KXNBA2D-26FEB05PHILAL,Philadelphia at Los Angeles L: Double Doubles,KXNBA2D-26FEB05PHILAL-PHITMAXEY0,Tyrese Maxey,0.17,0.19,0.18,0.2,0.02,8654.6,1,2026-02-20 03:00:00+00:00,238.55
Sports,KXCS2MAP-26FEB06FURIAAUR-2,IEM Krakow 2026: FURIA vs. Aurora Gaming Map 2,KXCS2MAP-26FEB06FURIAAUR-2-FURIA,FURIA,0.54,0.58,0.56,0.54,0.04,8643.39,1,2026-02-20 14:45:00+00:00,250.3
Sports,KXR6MAP-26FEB06HERETICSWBG-2,Six Invitational 2026: Heretics vs. Weibo Gaming Map 2,KXR6MAP-26FEB06HERETICSWBG-2-WBG,Weibo Gaming,0.64,0.68,0.66,0.0,0.04,8630.52,1,2026-02-20 10:00:00+00:00,245.55
Sports,KXR6MAP-26FEB06HERETICSWBG-1,Six Invitational 2026: Heretics vs. Weibo Gaming Map 1,KXR6MAP-26FEB06HERETICSWBG-1-WBG,Weibo Gaming,0.64,0.68,0.66,0.0,0.04,8625.27,1,2026-02-20 10:00:00+00:00,245.55
Sports,KXR6MAP-26FEB06OXGEP-1,Six Invitational 2026: Oxygen Esports vs. ENTERPRISE Esports Map 1,KXR6MAP-26FEB06OXGEP-1-OXG,Oxygen Esports,0.62,0.66,0.64,0.0,0.04,8588.82,1,2026-02-20 20:30:00+00:00,256.05
Sports,KXR6MAP-26FEB06OXGEP-2,Six Invitational 2026: Oxygen Esports vs. ENTERPRISE Esports Map 2,KXR6MAP-26FEB06OXGEP-2-OXG,Oxygen Esports,0.62,0.66,0.64,0.0,0.04,8586.74,1,2026-02-20 20:30:00+00:00,256.05
Sports,KXVALORANTMAP-26FEB06T1PR-1,VCT Pacific Kickoff 2026: T1 vs. Paper Rex Map 1,KXVALORANTMAP-26FEB06T1PR-1-PR,Paper Rex,0.51,0.55,0.53,0.0,0.04,8571.12,1,2026-02-20 11:00:00+00:00,246.55
Sports,KXLOLMAP-26FEB06WBIG-2,LPL 2026: Weibo Gaming vs. Invictus Gaming Map 2,KXLOLMAP-26FEB06WBIG-2-IG,Invictus Gaming,0.35,0.42,0.385,0.0,0.07,8568.91,1,2026-02-20 07:00:00+00:00,242.55
Sports,KXNCAAMBTOTAL-26FEB05IDHOMTST,Idaho at Montana St.: Total Points,KXNCAAMBTOTAL-26FEB05IDHOMTST-153,Over 153.5 points scored,0.1,0.21,0.155,0.0,0.11,8558.3,1,2026-02-20 02:00:00+00:00,237.55
Sports,KXCS2MAP-26FEB06MOUZG2-2,IEM Krakow 2026: MOUZ vs. G2 Map 2,KXCS2MAP-26FEB06MOUZG2-2-G2,G2,0.45,0.49,0.47,0.0,0.04,8511.26,1,2026-02-20 18:00:00+00:00,253.55
Sports,KXNCAAWBGAME-26FEB05SHSUNMSU,Sam Houston at New Mexico St.,KXNCAAWBGAME-26FEB05SHSUNMSU-SHSU,Sam Houston,0.03,0.07,0.05,0.03,0.04,8500.55,1,2026-02-20 01:00:00+00:00,236.55
Sports,KXR6MAP-26FEB06G2FAZE-2,Six Invitational 2026: G2 Esports vs. FaZe Clan Map 2,KXR6MAP-26FEB06G2FAZE-2-FAZE,FaZe Clan,0.53,0.57,0.55,0.54,0.04,8499.77,1,2026-02-20 20:30:00+00:00,256.05
Sports,KXNBABLK-26FEB05GSWPHX,Golden State at Phoenix: Blocks,KXNBABLK-26FEB05GSWPHX-GSWDGREEN23-1,Draymond Green: 1+,0.29,0.54,0.415,0.47,0.25,8449.65,1,2026-02-20 03:00:00+00:00,238.55
Sports,KXNBAREB-26FEB05GSWPHX,Golden State at Phoenix: Rebounds,KXNBAREB-26FEB05GSWPHX-GSWDGREEN23-8,Draymond Green: 8+,0.26,0.32,0.29,0.28,0.06,8448.24,1,2026-02-20 03:00:00+00:00,238.55
Sports,KXVALORANTMAP-26FEB06DFMFS-1,VCT Pacific Kickoff 2026: DetonatioN FocusMe vs. FULL SENSE Map 1,KXVALORANTMAP-26FEB06DFMFS-1-DFM,DetonatioN FocusMe,0.37,0.41,0.39,0.41,0.04,8406.01,1,2026-02-20 08:00:00+00:00,243.55
Sports,KXNCAAMBTOTAL-26FEB05IDHOMTST,Idaho at Montana St.: Total Points,KXNCAAMBTOTAL-26FEB05IDHOMTST-150,Over 150.5 points scored,0.17,0.27,0.22,0.0,0.1,8401.43,1,2026-02-20 02:00:00+00:00,237.55
Sports,KXLALIGASPREAD-26FEB06RCCOSA,Osasuna at Celta Vigo: Spreads,KXLALIGASPREAD-26FEB06RCCOSA-OSA1,Osasuna wins by over 1.5 goals,0.06,0.07,0.065,0.07,0.01,8302.91,1,2026-02-20 20:00:00+00:00,255.55
Sports,KXNCAAMBTOTAL-26FEB05MEMUAB,Memphis at UAB: Total Points,KXNCAAMBTOTAL-26FEB05MEMUAB-160,Over 160.5 points scored,0.48,0.51,0.495,0.53,0.03,8213.07,1,2026-02-20 02:00:00+00:00,237.55
Sports,KXNBAPTS-26FEB05PHILAL,Philadelphia at Los Angeles L: Points,KXNBAPTS-26FEB05PHILAL-LALAREAVES15-25,Austin Reaves: 25+,0.07,0.14,0.105,0.15,0.07,8208.43,1,2026-02-20 03:00:00+00:00,238.55
Sports,KXR6MAP-26FEB06WCGFURIA-1,Six Invitational 2026: Wildcard Gaming vs. FURIA Esports Map 1,KXR6MAP-26FEB06WCGFURIA-1-FURIA,FURIA Esports,0.66,0.7,0.68,0.0,0.04,8190.03,1,2026-02-20 13:30:00+00:00,249.05
Sports,KXR6MAP-26FEB06BDSR-2,Six Invitational 2026: Black Dragons e-Sports vs. Shopify Rebellion Map 2,KXR6MAP-26FEB06BDSR-2-SR,Shopify Rebellion,0.66,0.7,0.68,0.0,0.04,8187.57,1,2026-02-20 17:00:00+00:00,252.55
Sports,KXNBA3PT-26FEB05PHILAL,Philadelphia at Los Angeles L: Three Pointers,KXNBA3PT-26FEB05PHILAL-LALAREAVES15-2,Austin Reaves: 2+,0.52,0.56,0.54,0.57,0.04,8157.01,1,2026-02-20 03:00:00+00:00,238.55
Sports,KXNCAAWBGAME-26FEB05UTUUTA,Utah Tech at UT Arlington,KXNCAAWBGAME-26FEB05UTUUTA-UTU,Utah Tech,0.1,0.45,0.275,0.45,0.35,8156.04,1,2026-02-20 00:30:00+00:00,236.05
Sports,KXNCAAMBTOTAL-26FEB05EIUTNST,Eastern Illinois at Tennessee St.: Total Points,KXNCAAMBTOTAL-26FEB05EIUTNST-133,Over 133.5 points scored,0.69,0.76,0.725,0.74,0.07,8139.38,1,2026-02-20 01:30:00+00:00,237.05
Sports,KXLOLMAP-26FEB06BLGAL-1,LPL 2026: Bilibili Gaming vs. Anyone's Legend Map 1,KXLOLMAP-26FEB06BLGAL-1-AL,Anyone's Legend,0.46,0.5,0.48,0.0,0.04,8133.94,1,2026-02-20 09:00:00+00:00,244.55
Sports,KXR6MAP-26FEB06G2FAZE-1,Six Invitational 2026: G2 Esports vs. FaZe Clan Map 1,KXR6MAP-26FEB06G2FAZE-1-FAZE,FaZe Clan,0.53,0.57,0.55,0.0,0.04,8121.68,1,2026-02-20 20:30:00+00:00,256.05
Sports,KXNCAAMBTOTAL-26FEB05EIUTNST,Eastern Illinois at Tennessee St.: Total Points,KXNCAAMBTOTAL-26FEB05EIUTNST-151,Over 151.5 points scored,0.11,0.2,0.155,0.34,0.09,8091.9,1,2026-02-20 01:30:00+00:00,237.05
Sports,KXVALORANTMAP-26FEB06EDGTYLOO-1,VCT China Kickoff 2026: EDward Gaming vs. TYLOO Map 1,KXVALORANTMAP-26FEB06EDGTYLOO-1-EDG,EDward Gaming,0.55,0.59,0.57,0.0,0.04,8077.66,1,2026-02-20 11:00:00+00:00,246.55
Sports,KXNBAPTS-26FEB05PHILAL,Philadelphia at Los Angeles L: Points,KXNBAPTS-26FEB05PHILAL-LALAREAVES15-20,Austin Reaves: 20+,0.25,0.31,0.28,0.25,0.06,8062.86,1,2026-02-20 03:00:00+00:00,238.55
Sports,KXNBA3PT-26FEB05PHILAL,Philadelphia at Los Angeles L: Three Pointers,KXNBA3PT-26FEB05PHILAL-PHIVEDGECOMBE77-2,VJ Edgecombe: 2+,0.55,0.59,0.57,0.58,0.04,8049.4,1,2026-02-20 03:00:00+00:00,238.55
Sports,KXNCAAMBTOTAL-26FEB05EIUTNST,Eastern Illinois at Tennessee St.: Total Points,KXNCAAMBTOTAL-26FEB05EIUTNST-148,Over 148.5 points scored,0.19,0.27,0.23,0.35,0.08,8033.16,1,2026-02-20 01:30:00+00:00,237.05
Sports,KXLOLTOTALMAPS-26FEB06DNFKT,LCK Cup 2026: DN SOOPers vs. KT Rolster Total Maps,KXLOLTOTALMAPS-26FEB06DNFKT-3,Over 2.5 maps,0.4,0.43,0.415,0.43,0.03,8029.37,1,2026-02-20 10:00:00+00:00,245.55
Sports,KXNBASPREAD-26FEB05CHITOR,Chicago at Toronto: Spread,KXNBASPREAD-26FEB05CHITOR-TOR20,Toronto wins by over 20.5 Points,0.06,0.4,0.23,0.05,0.34,8029.21,1,2026-02-20 00:30:00+00:00,236.05
Sports,KXNCAAMBTOTAL-26FEB05MEMUAB,Memphis at UAB: Total Points,KXNCAAMBTOTAL-26FEB05MEMUAB-145,Over 145.5 points scored,0.81,0.9,0.855,0.66,0.09,8005.22,1,2026-02-20 02:00:00+00:00,237.55
Sports,KXNBAAST-26FEB05PHILAL,Philadelphia at Los Angeles L: Assists,KXNBAAST-26FEB05PHILAL-PHIVEDGECOMBE77-5,VJ Edgecombe: 5+,0.39,0.44,0.415,0.0,0.05,7998.07,1,2026-02-20 03:00:00+00:00,238.55
Sports,KXVALORANTMAP-26FEB06EDGTYLOO-2,VCT China Kickoff 2026: EDward Gaming vs. TYLOO Map 2,KXVALORANTMAP-26FEB06EDGTYLOO-2-TYLOO,TYLOO,0.41,0.45,0.43,0.0,0.04,7970.84,1,2026-02-20 11:00:00+00:00,246.55
Sports,KXNCAAMBTOTAL-26FEB05EIUTNST,Eastern Illinois at Tennessee St.: Total Points,KXNCAAMBTOTAL-26FEB05EIUTNST-154,Over 154.5 points scored,0.05,0.16,0.105,0.06,0.11,7935.67,1,2026-02-20 01:30:00+00:00,237.05
Sports,KXNBAREB-26FEB05PHILAL,Philadelphia at Los Angeles L: Rebounds,KXNBAREB-26FEB05PHILAL-LALLDONCIC77-8,Luka Dončić: 8+,0.56,0.6,0.58,0.61,0.04,7867.68,1,2026-02-20 03:00:00+00:00,238.55
Sports,KXNBAPTS-26FEB05PHILAL,Philadelphia at Los Angeles L: Points,KXNBAPTS-26FEB05PHILAL-PHITMAXEY0-20,Tyrese Maxey: 20+,0.78,0.86,0.82,0.86,0.08,7864.52,1,2026-02-20 03:00:00+00:00,238.55
Sports,KXNCAAMBTOTAL-26FEB05EIUTNST,Eastern Illinois at Tennessee St.: Total Points,KXNCAAMBTOTAL-26FEB05EIUTNST-142,Over 142.5 points scored,0.4,0.45,0.425,0.47,0.05,7852.23,1,2026-02-20 01:30:00+00:00,237.05
Sports,KXWOCURLGAME-26FEB06SWEGBR,Sweden vs Great Britain,KXWOCURLGAME-26FEB06SWEGBR-SWE,Sweden,0.28,0.37,0.325,0.37,0.09,7840.72,1,2026-02-20 09:05:00+00:00,244.63
Sports,KXVALORANTMAP-26FEB06BLGDRG-1,VCT China Kickoff 2026: Bilibili Gaming vs. Dragon Ranger Gaming Map 1,KXVALORANTMAP-26FEB06BLGDRG-1-BLG,Bilibili Gaming,0.53,0.57,0.55,0.0,0.04,7837.83,1,2026-02-20 09:00:00+00:00,244.55
Sports,KXNCAAMBTOTAL-26FEB05MEMUAB,Memphis at UAB: Total Points,KXNCAAMBTOTAL-26FEB05MEMUAB-151,Over 151.5 points scored,0.69,0.77,0.73,0.78,0.08,7826.77,1,2026-02-20 02:00:00+00:00,237.55
Sports,KXNBAAST-26FEB05GSWPHX,Golden State at Phoenix: Assists,KXNBAAST-26FEB05GSWPHX-GSWDGREEN23-8,Draymond Green: 8+,0.09,0.16,0.125,0.1,0.07,7822.14,1,2026-02-20 03:00:00+00:00,238.55
Sports,KXNCAAMBTOTAL-26FEB05EIUTNST,Eastern Illinois at Tennessee St.: Total Points,KXNCAAMBTOTAL-26FEB05EIUTNST-145,Over 145.5 points scored,0.29,0.35,0.32,0.4,0.06,7820.33,1,2026-02-20 01:30:00+00:00,237.05
Sports,KXNCAAMBTOTAL-26FEB05EIUTNST,Eastern Illinois at Tennessee St.: Total Points,KXNCAAMBTOTAL-26FEB05EIUTNST-130,Over 130.5 points scored,0.8,0.85,0.825,0.62,0.05,7816.81,1,2026-02-20 01:30:00+00:00,237.05
Sports,KXNCAAWBGAME-26FEB05UTUUTA,Utah Tech at UT Arlington,KXNCAAWBGAME-26FEB05UTUUTA-UTA,UT Arlington,0.53,0.9,0.715,0.6,0.37,7814.4,1,2026-02-20 00:30:00+00:00,236.05
Sports,KXNCAAMBTOTAL-26FEB05EIUTNST,Eastern Illinois at Tennessee St.: Total Points,KXNCAAMBTOTAL-26FEB05EIUTNST-136,Over 136.5 points scored,0.61,0.66,0.635,0.59,0.05,7796.7,1,2026-02-20 01:30:00+00:00,237.05
Sports,KXR6MAP-26FEB06HERETICSWBG-2,Six Invitational 2026: Heretics vs. Weibo Gaming Map 2,KXR6MAP-26FEB06HERETICSWBG-2-HERETICS,Heretics,0.32,0.36,0.34,0.36,0.04,7783.22,1,2026-02-20 10:00:00+00:00,245.55
Sports,KXNBAREB-26FEB05PHILAL,Philadelphia at Los Angeles L: Rebounds,KXNBAREB-26FEB05PHILAL-LALLJAMES23-4,LeBron James: 4+,0.78,0.87,0.825,0.82,0.09,7768.05,1,2026-02-20 03:00:00+00:00,238.55
Sports,KXNBAREB-26FEB05GSWPHX,Golden State at Phoenix: Rebounds,KXNBAREB-26FEB05GSWPHX-GSWDGREEN23-6,Draymond Green: 6+,0.54,0.57,0.555,0.57,0.03,7760.09,1,2026-02-20 03:00:00+00:00,238.55
Sports,KXNCAAWBGAME-26FEB05IDSTNAU,Idaho St. at Northern Arizona,KXNCAAWBGAME-26FEB05IDSTNAU-IDST,Idaho St.,0.82,0.97,0.895,0.94,0.15,7755.06,1,2026-02-20 01:00:00+00:00,236.55
Sports,KXNBAPTS-26FEB05PHILAL,Philadelphia at Los Angeles L: Points,KXNBAPTS-26FEB05PHILAL-LALLJAMES23-25,LeBron James: 25+,0.22,0.31,0.265,0.28,0.09,7736.02,1,2026-02-20 03:00:00+00:00,238.55
Sports,KXNBAAST-26FEB05GSWPHX,Golden State at Phoenix: Assists,KXNBAAST-26FEB05GSWPHX-GSWDGREEN23-4,Draymond Green: 4+,0.64,0.7,0.67,0.66,0.06,7705.61,1,2026-02-20 03:00:00+00:00,238.55
Sports,KXNCAAMBTOTAL-26FEB05EIUTNST,Eastern Illinois at Tennessee St.: Total Points,KXNCAAMBTOTAL-26FEB05EIUTNST-139,Over 139.5 points scored,0.5,0.55,0.525,0.62,0.05,7700.49,1,2026-02-20 01:30:00+00:00,237.05
Sports,KXR6GAME-26FEB06FLUSSG,Six Invitational 2026: Fluxo W7M vs. Spacestation Gaming,KXR6GAME-26FEB06FLUSSG-SSG,Spacestation Gaming,0.48,0.52,0.5,0.49,0.04,7674.2,1,2026-02-20 17:00:00+00:00,252.55
Sports,KXNBATOTAL-26FEB05CHAHOU,Charlotte at Houston: Total Points,KXNBATOTAL-26FEB05CHAHOU-211,Over 211.5 points scored,0.89,0.94,0.915,0.97,0.05,7669.27,1,2026-02-20 01:00:00+00:00,236.55
Sports,KXNCAAWBGAME-26FEB05SIUUIC,Southern Illinois at UIC,KXNCAAWBGAME-26FEB05SIUUIC-UIC,UIC,0.09,0.63,0.36,0.58,0.54,7661.16,1,2026-02-20 01:00:00+00:00,236.55
Sports,KXNBASPREAD-26FEB05CHITOR,Chicago at Toronto: Spread,KXNBASPREAD-26FEB05CHITOR-TOR8,Toronto wins by over 8.5 Points,0.95,0.97,0.96,0.95,0.02,7653.78,1,2026-02-20 00:30:00+00:00,236.05
Sports,KXR6MAP-26FEB06G2FAZE-2,Six Invitational 2026: G2 Esports vs. FaZe Clan Map 2,KXR6MAP-26FEB06G2FAZE-2-G2,G2 Esports,0.43,0.47,0.45,0.0,0.04,7653.72,1,2026-02-20 20:30:00+00:00,256.05
Sports,KXNBAPTS-26FEB05PHILAL,Philadelphia at Los Angeles L: Points,KXNBAPTS-26FEB05PHILAL-PHIVEDGECOMBE77-10,VJ Edgecombe: 10+,0.69,0.77,0.73,0.77,0.08,7639.9,1,2026-02-20 03:00:00+00:00,238.55
Sports,KXNBAAST-26FEB05GSWPHX,Golden State at Phoenix: Assists,KXNBAAST-26FEB05GSWPHX-GSWDGREEN23-6,Draymond Green: 6+,0.32,0.38,0.35,0.32,0.06,7625.11,1,2026-02-20 03:00:00+00:00,238.55
Sports,KXNBA3PT-26FEB05PHILAL,Philadelphia at Los Angeles L: Three Pointers,KXNBA3PT-26FEB05PHILAL-LALLDONCIC77-3,Luka Dončić: 3+,0.65,0.71,0.68,0.72,0.06,7621.87,1,2026-02-20 03:00:00+00:00,238.55
Sports,KXWOCURLGAME-26FEB06SWENOR,Sweden vs Norway,KXWOCURLGAME-26FEB06SWENOR-SWE,Sweden,0.06,0.96,0.51,0.58,0.9,7599.0,1,2026-02-20 13:35:00+00:00,249.13
Sports,KXNCAAMBTOTAL-26FEB05MEMUAB,Memphis at UAB: Total Points,KXNCAAMBTOTAL-26FEB05MEMUAB-148,Over 148.5 points scored,0.75,0.84,0.795,0.84,0.09,7573.34,1,2026-02-20 02:00:00+00:00,237.55
Sports,KXVALORANTMAP-26FEB06DFMFS-2,VCT Pacific Kickoff 2026: DetonatioN FocusMe vs. FULL SENSE Map 2,KXVALORANTMAP-26FEB06DFMFS-2-DFM,DetonatioN FocusMe,0.37,0.41,0.39,0.0,0.04,7569.92,1,2026-02-20 08:00:00+00:00,243.55
Sports,KXNBASTL-26FEB05PHILAL,Philadelphia at Los Angeles L: Steals,KXNBASTL-26FEB05PHILAL-LALLJAMES23-1,LeBron James: 1+,0.5,0.73,0.615,0.0,0.23,7528.18,1,2026-02-20 03:00:00+00:00,238.55
Sports,KXNBAAST-26FEB05PHILAL,Philadelphia at Los Angeles L: Assists,KXNBAAST-26FEB05PHILAL-PHITMAXEY0-8,Tyrese Maxey: 8+,0.42,0.44,0.43,0.44,0.02,7514.06,1,2026-02-20 03:00:00+00:00,238.55
Sports,KXNBAAST-26FEB05PHILAL,Philadelphia at Los Angeles L: Assists,KXNBAAST-26FEB05PHILAL-PHITMAXEY0-7,Tyrese Maxey: 7+,0.55,0.58,0.565,0.57,0.03,7508.11,1,2026-02-20 03:00:00+00:00,238.55
Sports,KXNHLTOTAL-26FEB05PITBUF,Pittsburgh at Buffalo: Total Points,KXNHLTOTAL-26FEB05PITBUF-6,Over 6.5 goals scored,0.52,0.7,0.61,0.65,0.18,7468.15,1,2026-02-20 00:00:00+00:00,235.55
Sports,KXNBAAST-26FEB05PHILAL,Philadelphia at Los Angeles L: Assists,KXNBAAST-26FEB05PHILAL-LALLJAMES23-7,LeBron James: 7+,0.44,0.49,0.465,0.46,0.05,7463.77,1,2026-02-20 03:00:00+00:00,238.55
Sports,KXLOLTOTALMAPS-26FEB06BRODRX,LCK Cup 2026: OKSavingsBank BRION vs. DRX Total Maps,KXLOLTOTALMAPS-26FEB06BRODRX-3,Over 2.5 maps,0.48,0.52,0.5,0.52,0.04,7454.89,1,2026-02-20 08:00:00+00:00,243.55
Sports,KXNCAAMBSPREAD-26FEB05EIUTNST,Eastern Illinois at Tennessee St.: Spread,KXNCAAMBSPREAD-26FEB05EIUTNST-TNST13,Tennessee St. wins by over 13.5 Points,0.12,0.21,0.165,0.27,0.09,7443.39,1,2026-02-20 01:30:00+00:00,237.05
Sports,KXWOCURLGAME-26FEB06USACAN,United States vs Canada,KXWOCURLGAME-26FEB06USACAN-CAN,Canada,0.47,0.53,0.5,0.53,0.06,7442.57,1,2026-02-20 09:05:00+00:00,244.63
Sports,KXNCAAMBTOTAL-26FEB05NAUIDST,Northern Arizona at Idaho St.: Total Points,KXNCAAMBTOTAL-26FEB05NAUIDST-143,Over 143.5 points scored,0.6,0.67,0.635,0.46,0.07,7428.66,1,2026-02-20 02:00:00+00:00,237.55
Sports,KXNCAAMBTOTAL-26FEB05NAUIDST,Northern Arizona at Idaho St.: Total Points,KXNCAAMBTOTAL-26FEB05NAUIDST-146,Over 146.5 points scored,0.51,0.58,0.545,0.58,0.07,7406.51,1,2026-02-20 02:00:00+00:00,237.55
Sports,KXNCAAMBTOTAL-26FEB05NAUIDST,Northern Arizona at Idaho St.: Total Points,KXNCAAMBTOTAL-26FEB05NAUIDST-137,Over 137.5 points scored,0.75,0.86,0.805,0.72,0.11,7405.76,1,2026-02-20 02:00:00+00:00,237.55
Sports,KXCS2MAP-26FEB06FURIAAUR-1,IEM Krakow 2026: FURIA vs. Aurora Gaming Map 1,KXCS2MAP-26FEB06FURIAAUR-1-FURIA,FURIA,0.6,0.64,0.62,0.6,0.04,7397.26,1,2026-02-20 14:45:00+00:00,250.3
Sports,KXNBAAST-26FEB05PHILAL,Philadelphia at Los Angeles L: Assists,KXNBAAST-26FEB05PHILAL-LALAREAVES15-4,Austin Reaves: 4+,0.4,0.44,0.42,0.44,0.04,7382.97,1,2026-02-20 03:00:00+00:00,238.55
Sports,KXNBAPTS-26FEB05PHILAL,Philadelphia at Los Angeles L: Points,KXNBAPTS-26FEB05PHILAL-PHIVEDGECOMBE77-20,VJ Edgecombe: 20+,0.15,0.23,0.19,0.22,0.08,7375.11,1,2026-02-20 03:00:00+00:00,238.55
Sports,KXNCAAMBTOTAL-26FEB05NAUIDST,Northern Arizona at Idaho St.: Total Points,KXNCAAMBTOTAL-26FEB05NAUIDST-149,Over 149.5 points scored,0.41,0.48,0.445,0.0,0.07,7366.34,1,2026-02-20 02:00:00+00:00,237.55
Sports,KXVALORANTMAP-26FEB06EDGTYLOO-1,VCT China Kickoff 2026: EDward Gaming vs. TYLOO Map 1,KXVALORANTMAP-26FEB06EDGTYLOO-1-TYLOO,TYLOO,0.41,0.45,0.43,0.0,0.04,7366.24,1,2026-02-20 11:00:00+00:00,246.55
Sports,KXNCAAWBGAME-26FEB05LTUTEP,Louisiana Tech at UTEP,KXNCAAWBGAME-26FEB05LTUTEP-LT,Louisiana Tech,0.45,0.97,0.71,0.95,0.52,7341.09,1,2026-02-20 02:00:00+00:00,237.55
Sports,KXNCAAMBSPREAD-26FEB05EIUTNST,Eastern Illinois at Tennessee St.: Spread,KXNCAAMBSPREAD-26FEB05EIUTNST-TNST1,Tennessee St. wins by over 1.5 Points,0.69,0.77,0.73,0.83,0.08,7330.36,1,2026-02-20 01:30:00+00:00,237.05
Sports,KXNCAAMBTOTAL-26FEB05NAUIDST,Northern Arizona at Idaho St.: Total Points,KXNCAAMBTOTAL-26FEB05NAUIDST-140,Over 140.5 points scored,0.69,0.76,0.725,0.44,0.07,7317.42,1,2026-02-20 02:00:00+00:00,237.55
Sports,KXCS2MAP-26FEB06FURIAAUR-2,IEM Krakow 2026: FURIA vs. Aurora Gaming Map 2,KXCS2MAP-26FEB06FURIAAUR-2-AUR,Aurora Gaming,0.42,0.46,0.44,0.47,0.04,7312.4,1,2026-02-20 14:45:00+00:00,250.3
Sports,KXNHLTOTAL-26FEB05FLATB,Florida at Tampa Bay: Total Points,KXNHLTOTAL-26FEB05FLATB-7,Over 7.5 goals scored,0.07,0.3,0.185,0.07,0.23,7306.79,1,2026-02-20 00:30:00+00:00,236.05
Sports,KXLOLMAP-26FEB06DNFKT-1,LCK Cup 2026: DN SOOPers vs. KT Rolster Map 1,KXLOLMAP-26FEB06DNFKT-1-KT,KT Rolster,0.66,0.7,0.68,0.0,0.04,7290.11,1,2026-02-20 10:00:00+00:00,245.55
Sports,KXVALORANTGAME-26FEB06EDGTYLOO,VCT China Kickoff 2026: EDward Gaming vs. TYLOO,KXVALORANTGAME-26FEB06EDGTYLOO-TYLOO,TYLOO,0.37,0.41,0.39,0.37,0.04,7260.93,1,2026-02-20 11:00:00+00:00,246.55
Sports,KXNBAREB-26FEB05GSWPHX,Golden State at Phoenix: Rebounds,KXNBAREB-26FEB05GSWPHX-GSWDGREEN23-7,Draymond Green: 7+,0.4,0.44,0.42,0.44,0.04,7258.22,1,2026-02-20 03:00:00+00:00,238.55
Sports,KXVALORANTMAP-26FEB06BLGDRG-2,VCT China Kickoff 2026: Bilibili Gaming vs. Dragon Ranger Gaming Map 2,KXVALORANTMAP-26FEB06BLGDRG-2-BLG,Bilibili Gaming,0.53,0.57,0.55,0.0,0.04,7247.24,1,2026-02-20 09:00:00+00:00,244.55
Sports,KXNCAAMBSPREAD-26FEB05EIUTNST,Eastern Illinois at Tennessee St.: Spread,KXNCAAMBSPREAD-26FEB05EIUTNST-TNST4,Tennessee St. wins by over 4.5 Points,0.54,0.6,0.57,0.65,0.06,7242.04,1,2026-02-20 01:30:00+00:00,237.05
Sports,KXNCAAMBGAME-26FEB05CITSAM,The Citadel at Samford,KXNCAAMBGAME-26FEB05CITSAM-SAM,Samford,0.99,1.0,0.995,0.99,0.01,7235.38,1,2026-02-20 01:00:00+00:00,236.55
Sports,KXNBAPTS-26FEB05PHILAL,Philadelphia at Los Angeles L: Points,KXNBAPTS-26FEB05PHILAL-PHITMAXEY0-35,Tyrese Maxey: 35+,0.16,0.2,0.18,0.19,0.04,7207.55,1,2026-02-20 03:00:00+00:00,238.55
Sports,KXLOLMAP-26FEB06GZCFO-1,LCP 2026: Ground Zero Gaming vs. CTBC Flying Oyster Map 1,KXLOLMAP-26FEB06GZCFO-1-GZ,Ground Zero Gaming,0.26,0.3,0.28,0.23,0.04,7199.16,1,2026-02-20 08:30:00+00:00,244.05
Sports,KXNCAAMBSPREAD-26FEB05EIUTNST,Eastern Illinois at Tennessee St.: Spread,KXNCAAMBSPREAD-26FEB05EIUTNST-EIU2,Eastern Illinois wins by over 2.5 Points,0.09,0.2,0.145,0.0,0.11,7196.12,1,2026-02-20 01:30:00+00:00,237.05
Sports,KXNCAAMBTOTAL-26FEB05WIUTNTC,Western Illinois at Tennessee Tech: Total Points,KXNCAAMBTOTAL-26FEB05WIUTNTC-157,Over 157.5 points scored,0.55,0.61,0.58,0.54,0.06,7195.77,1,2026-02-20 01:30:00+00:00,237.05
Sports,KXSCOTTISHPREMGAME-26FEB04ABECEL,Aberdeen vs Celtic,KXSCOTTISHPREMGAME-26FEB04ABECEL-ABE,Aberdeen,0.11,0.72,0.415,0.1,0.61,7181.11,1,2026-02-18 20:00:00+00:00,207.55
Sports,KXWOCURLGAME-26FEB06ESTITA,Estonia vs Italy,KXWOCURLGAME-26FEB06ESTITA-EST,Estonia,0.26,0.34,0.3,0.0,0.08,7146.88,1,2026-02-20 13:35:00+00:00,249.13
Sports,KXR6MAP-26FEB06FXM80-2,Six Invitational 2026: FearX vs. M80 Map 2,KXR6MAP-26FEB06FXM80-2-FX,FearX,0.14,0.18,0.16,0.17,0.04,7110.26,1,2026-02-20 13:30:00+00:00,249.05
Sports,KXNCAAMBSPREAD-26FEB05EIUTNST,Eastern Illinois at Tennessee St.: Spread,KXNCAAMBSPREAD-26FEB05EIUTNST-TNST7,Tennessee St. wins by over 7.5 Points,0.37,0.44,0.405,0.44,0.07,7108.46,1,2026-02-20 01:30:00+00:00,237.05
Sports,KXVALORANTMAP-26FEB06DFMFS-1,VCT Pacific Kickoff 2026: DetonatioN FocusMe vs. FULL SENSE Map 1,KXVALORANTMAP-26FEB06DFMFS-1-FS,FULL SENSE,0.59,0.63,0.61,0.0,0.04,7106.42,1,2026-02-20 08:00:00+00:00,243.55
Sports,KXNBA3PT-26FEB05PHILAL,Philadelphia at Los Angeles L: Three Pointers,KXNBA3PT-26FEB05PHILAL-PHIVEDGECOMBE77-1,VJ Edgecombe: 1+,0.79,0.88,0.835,0.87,0.09,7097.9,1,2026-02-20 03:00:00+00:00,238.55
Sports,KXSCOTTISHPREMGAME-26FEB04ABECEL,Aberdeen vs Celtic,KXSCOTTISHPREMGAME-26FEB04ABECEL-TIE,Tie,0.12,0.67,0.395,0.11,0.55,7083.77,1,2026-02-18 20:00:00+00:00,207.55
Sports,KXNBA2D-26FEB05GSWPHX,Golden State at Phoenix: Double Doubles,KXNBA2D-26FEB05GSWPHX-GSWDGREEN23,Draymond Green,0.09,0.1,0.095,0.1,0.01,7083.42,1,2026-02-20 03:00:00+00:00,238.55
Sports,KXR6MAP-26FEB06FXM80-1,Six Invitational 2026: FearX vs. M80 Map 1,KXR6MAP-26FEB06FXM80-1-FX,FearX,0.14,0.17,0.155,0.17,0.03,7079.66,1,2026-02-20 13:30:00+00:00,249.05
Sports,KXVALORANTMAP-26FEB06BLGDRG-2,VCT China Kickoff 2026: Bilibili Gaming vs. Dragon Ranger Gaming Map 2,KXVALORANTMAP-26FEB06BLGDRG-2-DRG,Dragon Ranger Gaming,0.43,0.47,0.45,0.0,0.04,7076.28,1,2026-02-20 09:00:00+00:00,244.55
Sports,KXNBATOTAL-26FEB05CHAHOU,Charlotte at Houston: Total Points,KXNBATOTAL-26FEB05CHAHOU-226,Over 226.5 points scored,0.4,0.47,0.435,0.49,0.07,7059.0,1,2026-02-20 01:00:00+00:00,236.55
Sports,KXNBA3PT-26FEB05PHILAL,Philadelphia at Los Angeles L: Three Pointers,KXNBA3PT-26FEB05PHILAL-PHITMAXEY0-3,Tyrese Maxey: 3+,0.63,0.68,0.655,0.64,0.05,7033.43,1,2026-02-20 03:00:00+00:00,238.55
Sports,KXLOLMAP-26FEB06BLGAL-2,LPL 2026: Bilibili Gaming vs. Anyone's Legend Map 2,KXLOLMAP-26FEB06BLGAL-2-AL,Anyone's Legend,0.46,0.5,0.48,0.0,0.04,7031.67,1,2026-02-20 09:00:00+00:00,244.55
Sports,KXNCAAMBTOTAL-26FEB05NAUIDST,Northern Arizona at Idaho St.: Total Points,KXNCAAMBTOTAL-26FEB05NAUIDST-134,Over 134.5 points scored,0.82,0.85,0.835,0.79,0.03,7007.9,1,2026-02-20 02:00:00+00:00,237.55
Sports,KXLOLMAP-26FEB06GZCFO-1,LCP 2026: Ground Zero Gaming vs. CTBC Flying Oyster Map 1,KXLOLMAP-26FEB06GZCFO-1-CFO,CTBC Flying Oyster,0.7,0.74,0.72,0.0,0.04,6982.45,1,2026-02-20 08:30:00+00:00,244.05
Sports,KXNFLCELEBRITYGAME-26,PrizePicks Creator Games Winner,KXNFLCELEBRITYGAME-26-LCOW,Lauren Cowling,0.01,0.06,0.035,0.06,0.05,6950.67,1,2026-02-20 00:00:00+00:00,235.55
Sports,KXNCAAMBSPREAD-26FEB05EIUTNST,Eastern Illinois at Tennessee St.: Spread,KXNCAAMBSPREAD-26FEB05EIUTNST-TNST16,Tennessee St. wins by over 16.5 Points,0.03,0.14,0.085,0.23,0.11,6950.61,1,2026-02-20 01:30:00+00:00,237.05
Sports,KXBUNDESLIGASPREAD-26FEB06UNISGE,Frankfurt at Union Berlin: Spreads,KXBUNDESLIGASPREAD-26FEB06UNISGE-SGE2,Frankfurt wins by over 2.5 goals,0.02,0.04,0.03,0.02,0.02,6948.48,1,2026-02-20 19:30:00+00:00,255.05
Sports,KXNCAAMBSPREAD-26FEB05UTAUTU,UT Arlington at Utah Tech: Spread,KXNCAAMBSPREAD-26FEB05UTAUTU-UTU7,Utah Tech wins by over 7.5 Points,0.09,0.2,0.145,0.24,0.11,6915.76,1,2026-02-20 02:00:00+00:00,237.55
Sports,KXNFLCELEBRITYGAME-26,PrizePicks Creator Games Winner,KXNFLCELEBRITYGAME-26-BRAN,Brandom,0.0,0.58,0.58,0.58,,6903.82,1,2026-02-20 00:00:00+00:00,235.55
Sports,KXNFLCELEBRITYGAME-26,PrizePicks Creator Games Winner,KXNFLCELEBRITYGAME-26-STEI,Steiny,0.0,0.96,0.07,0.07,,6900.2,1,2026-02-20 00:00:00+00:00,235.55
Sports,KXR6GAME-26FEB06BDSR,Six Invitational 2026: Black Dragons e-Sports vs. Shopify Rebellion,KXR6GAME-26FEB06BDSR-SR,Shopify Rebellion,0.74,0.78,0.76,0.78,0.04,6898.47,1,2026-02-20 17:00:00+00:00,252.55
Sports,KXNCAAWBGAME-26FEB05ALCNMVSU,Alcorn St. at Mississippi Valley St.,KXNCAAWBGAME-26FEB05ALCNMVSU-ALCN,Alcorn St.,0.81,0.98,0.895,0.85,0.17,6890.7,1,2026-02-20 01:00:00+00:00,236.55
Sports,KXNCAAMBTOTAL-26FEB05NEOMUND,Omaha at North Dakota: Total Points,KXNCAAMBTOTAL-26FEB05NEOMUND-143,Over 143.5 points scored,0.22,0.28,0.25,0.35,0.06,6888.51,1,2026-02-20 01:00:00+00:00,236.55
Sports,KXR6GAME-26FEB06WCGFURIA,Six Invitational 2026: Wildcard Gaming vs. FURIA Esports,KXR6GAME-26FEB06WCGFURIA-FURIA,FURIA Esports,0.76,0.8,0.78,0.76,0.04,6879.93,1,2026-02-20 13:30:00+00:00,249.05
Sports,KXLOLMAP-26FEB06BRODRX-2,LCK Cup 2026: OKSavingsBank BRION vs. DRX Map 2,KXLOLMAP-26FEB06BRODRX-2-BRO,OKSavingsBank BRION,0.43,0.47,0.45,0.47,0.04,6879.08,1,2026-02-20 08:00:00+00:00,243.55
Sports,KXNFLCELEBRITYGAME-26,PrizePicks Creator Games Winner,KXNFLCELEBRITYGAME-26-BOOK,BookItWithTrent,0.0,0.93,0.4,0.4,,6876.63,1,2026-02-20 00:00:00+00:00,235.55
Sports,KXNFLCELEBRITYGAME-26,PrizePicks Creator Games Winner,KXNFLCELEBRITYGAME-26-FELI,Felipe,0.0,0.47,0.47,0.47,,6870.36,1,2026-02-20 00:00:00+00:00,235.55
Sports,KXNCAAMBSPREAD-26FEB05EIUTNST,Eastern Illinois at Tennessee St.: Spread,KXNCAAMBSPREAD-26FEB05EIUTNST-TNST10,Tennessee St. wins by over 10.5 Points,0.22,0.23,0.225,0.23,0.01,6848.57,1,2026-02-20 01:30:00+00:00,237.05
Sports,KXNBAPTS-26FEB05GSWPHX,Golden State at Phoenix: Points,KXNBAPTS-26FEB05GSWPHX-GSWDGREEN23-20,Draymond Green: 20+,0.02,0.06,0.04,0.06,0.04,6846.97,1,2026-02-20 03:00:00+00:00,238.55
Sports,KXNCAAMBSPREAD-26FEB05MORESEMO,Morehead St. at Southeast Missouri St.: Spread,KXNCAAMBSPREAD-26FEB05MORESEMO-SEMO8,Southeast Missouri St. wins by over 8.5 Points,0.73,0.85,0.79,0.73,0.12,6845.87,1,2026-02-20 01:30:00+00:00,237.05
Sports,KXVALORANTMAP-26FEB06EDGTYLOO-2,VCT China Kickoff 2026: EDward Gaming vs. TYLOO Map 2,KXVALORANTMAP-26FEB06EDGTYLOO-2-EDG,EDward Gaming,0.55,0.59,0.57,0.0,0.04,6839.34,1,2026-02-20 11:00:00+00:00,246.55
Sports,KXNBAAST-26FEB05PHILAL,Philadelphia at Los Angeles L: Assists,KXNBAAST-26FEB05PHILAL-PHIVEDGECOMBE77-6,VJ Edgecombe: 6+,0.23,0.29,0.26,0.29,0.06,6822.81,1,2026-02-20 03:00:00+00:00,238.55
Sports,KXNBASPREAD-26FEB05CHITOR,Chicago at Toronto: Spread,KXNBASPREAD-26FEB05CHITOR-TOR5,Toronto wins by over 5.5 Points,0.99,1.0,0.995,0.99,0.01,6815.51,1,2026-02-20 00:30:00+00:00,236.05
Sports,KXR6GAME-26FEB06OXGEP,Six Invitational 2026: Oxygen Esports vs. ENTERPRISE Esports,KXR6GAME-26FEB06OXGEP-EP,ENTERPRISE Esports,0.26,0.3,0.28,0.88,0.04,6811.66,1,2026-02-20 20:30:00+00:00,256.05
Sports,KXR6MAP-26FEB06WCGFURIA-2,Six Invitational 2026: Wildcard Gaming vs. FURIA Esports Map 2,KXR6MAP-26FEB06WCGFURIA-2-WCG,Wildcard Gaming,0.3,0.34,0.32,0.0,0.04,6795.68,1,2026-02-20 13:30:00+00:00,249.05
Sports,KXNBA2D-26FEB05PHILAL,Philadelphia at Los Angeles L: Double Doubles,KXNBA2D-26FEB05PHILAL-PHIVEDGECOMBE77,VJ Edgecombe,0.06,0.07,0.065,0.07,0.01,6790.78,1,2026-02-20 03:00:00+00:00,238.55
Sports,KXR6MAP-26FEB06G2FAZE-1,Six Invitational 2026: G2 Esports vs. FaZe Clan Map 1,KXR6MAP-26FEB06G2FAZE-1-G2,G2 Esports,0.43,0.47,0.45,0.0,0.04,6789.28,1,2026-02-20 20:30:00+00:00,256.05
Sports,KXLOLMAP-26FEB06DNFKT-2,LCK Cup 2026: DN SOOPers vs. KT Rolster Map 2,KXLOLMAP-26FEB06DNFKT-2-KT,KT Rolster,0.66,0.7,0.68,0.0,0.04,6774.42,1,2026-02-20 10:00:00+00:00,245.55
Sports,KXLOLMAP-26FEB06BLGAL-1,LPL 2026: Bilibili Gaming vs. Anyone's Legend Map 1,KXLOLMAP-26FEB06BLGAL-1-BLG,Bilibili Gaming,0.5,0.54,0.52,0.0,0.04,6733.57,1,2026-02-20 09:00:00+00:00,244.55
Sports,KXVALORANTMAP-26FEB06BLGDRG-1,VCT China Kickoff 2026: Bilibili Gaming vs. Dragon Ranger Gaming Map 1,KXVALORANTMAP-26FEB06BLGDRG-1-DRG,Dragon Ranger Gaming,0.43,0.47,0.45,0.0,0.04,6708.1,1,2026-02-20 09:00:00+00:00,244.55
Sports,KXCS2MAP-26FEB06MOUZG2-1,IEM Krakow 2026: MOUZ vs. G2 Map 1,KXCS2MAP-26FEB06MOUZG2-1-G2,G2,0.38,0.42,0.4,0.43,0.04,6698.05,1,2026-02-20 18:00:00+00:00,253.55
Sports,KXLOLMAP-26FEB06GZCFO-2,LCP 2026: Ground Zero Gaming vs. CTBC Flying Oyster Map 2,KXLOLMAP-26FEB06GZCFO-2-CFO,CTBC Flying Oyster,0.7,0.74,0.72,0.0,0.04,6689.92,1,2026-02-20 08:30:00+00:00,244.05
Sports,KXLOLMAP-26FEB06GZCFO-2,LCP 2026: Ground Zero Gaming vs. CTBC Flying Oyster Map 2,KXLOLMAP-26FEB06GZCFO-2-GZ,Ground Zero Gaming,0.26,0.3,0.28,0.23,0.04,6672.75,1,2026-02-20 08:30:00+00:00,244.05
Sports,KXNBAPTS-26FEB05PHILAL,Philadelphia at Los Angeles L: Points,KXNBAPTS-26FEB05PHILAL-LALLJAMES23-30,LeBron James: 30+,0.06,0.12,0.09,0.15,0.06,6655.31,1,2026-02-20 03:00:00+00:00,238.55
Sports,KXR6GAME-26FEB06G2FAZE,Six Invitational 2026: G2 Esports vs. FaZe Clan,KXR6GAME-26FEB06G2FAZE-FAZE,FaZe Clan,0.57,0.61,0.59,0.56,0.04,6647.46,1,2026-02-20 20:30:00+00:00,256.05
Sports,KXR6MAP-26FEB06FXM80-1,Six Invitational 2026: FearX vs. M80 Map 1,KXR6MAP-26FEB06FXM80-1-M80,M80,0.82,0.86,0.84,0.0,0.04,6645.77,1,2026-02-20 13:30:00+00:00,249.05
Sports,KXR6MAP-26FEB06BDSR-2,Six Invitational 2026: Black Dragons e-Sports vs. Shopify Rebellion Map 2,KXR6MAP-26FEB06BDSR-2-BD,Black Dragons e-Sports,0.3,0.34,0.32,0.0,0.04,6642.3,1,2026-02-20 17:00:00+00:00,252.55
Sports,KXR6MAP-26FEB06FXM80-2,Six Invitational 2026: FearX vs. M80 Map 2,KXR6MAP-26FEB06FXM80-2-M80,M80,0.82,0.86,0.84,0.0,0.04,6634.13,1,2026-02-20 13:30:00+00:00,249.05
Sports,KXR6MAP-26FEB06DAYFLCS-1,Six Invitational 2026: Daystar vs. Falcons Esport Map 1,KXR6MAP-26FEB06DAYFLCS-1-DAY,Daystar,0.1,0.13,0.115,0.13,0.03,6624.5,1,2026-02-20 10:00:00+00:00,245.55
Sports,KXWOCURLGAME-26FEB06CZEUSA,Czechia vs United States,KXWOCURLGAME-26FEB06CZEUSA-CZE,Czechia,0.02,0.94,0.48,0.0,0.92,6613.74,1,2026-02-20 13:35:00+00:00,249.13
Sports,KXNBASPREAD-26FEB05CHITOR,Chicago at Toronto: Spread,KXNBASPREAD-26FEB05CHITOR-TOR2,Toronto wins by over 2.5 Points,0.99,1.0,0.995,0.99,0.01,6610.24,1,2026-02-20 00:30:00+00:00,236.05
Sports,KXNBAREB-26FEB05GSWPHX,Golden State at Phoenix: Rebounds,KXNBAREB-26FEB05GSWPHX-GSWDGREEN23-12,Draymond Green: 12+,0.02,0.05,0.035,0.04,0.03,6580.58,1,2026-02-20 03:00:00+00:00,238.55
Sports,KXNCAAMBSPREAD-26FEB05UTAUTU,UT Arlington at Utah Tech: Spread,KXNCAAMBSPREAD-26FEB05UTAUTU-UTU10,Utah Tech wins by over 10.5 Points,0.03,0.13,0.08,0.0,0.1,6579.82,1,2026-02-20 02:00:00+00:00,237.55
Sports,KXNHLTOTAL-26FEB05NSHWSH,Nashville at Washington: Total Points,KXNHLTOTAL-26FEB05NSHWSH-6,Over 6.5 goals scored,0.6,0.81,0.705,0.6,0.21,6547.14,1,2026-02-20 00:00:00+00:00,235.55
Sports,KXLOLMAP-26FEB06MVKTSW-2,LCP 2026: MVK Esports vs. Team Secret Whales Map 2,KXLOLMAP-26FEB06MVKTSW-2-TSW,Team Secret Whales,0.65,0.69,0.67,0.0,0.04,6522.51,1,2026-02-20 06:00:00+00:00,241.55
Sports,KXR6MAP-26FEB06WCGFURIA-1,Six Invitational 2026: Wildcard Gaming vs. FURIA Esports Map 1,KXR6MAP-26FEB06WCGFURIA-1-WCG,Wildcard Gaming,0.3,0.34,0.32,0.0,0.04,6512.2,1,2026-02-20 13:30:00+00:00,249.05
Sports,KXLOLTOTALMAPS-26FEB06MVKTSW,LCP 2026: MVK Esports vs. Team Secret Whales Total Maps,KXLOLTOTALMAPS-26FEB06MVKTSW-3,Over 2.5 maps,0.44,0.48,0.46,0.5,0.04,6511.2,1,2026-02-20 06:00:00+00:00,241.55
Sports,KXWOCURLGAME-26FEB06SWEGBR,Sweden vs Great Britain,KXWOCURLGAME-26FEB06SWEGBR-GBR,Great Britain,0.63,0.72,0.675,0.88,0.09,6508.88,1,2026-02-20 09:05:00+00:00,244.63
Sports,KXR6MAP-26FEB06WCGFURIA-2,Six Invitational 2026: Wildcard Gaming vs. FURIA Esports Map 2,KXR6MAP-26FEB06WCGFURIA-2-FURIA,FURIA Esports,0.66,0.7,0.68,0.0,0.04,6503.3,1,2026-02-20 13:30:00+00:00,249.05
Sports,KXR6MAP-26FEB06FLUSSG-1,Six Invitational 2026: Fluxo W7M vs. Spacestation Gaming Map 1,KXR6MAP-26FEB06FLUSSG-1-FLU,Fluxo W7M,0.48,0.52,0.5,0.0,0.04,6492.74,1,2026-02-20 17:00:00+00:00,252.55
Sports,KXR6MAP-26FEB06DAYFLCS-1,Six Invitational 2026: Daystar vs. Falcons Esport Map 1,KXR6MAP-26FEB06DAYFLCS-1-FLCS,Falcons Esport,0.87,0.9,0.885,0.0,0.03,6492.39,1,2026-02-20 10:00:00+00:00,245.55
Sports,KXR6MAP-26FEB06DAYFLCS-2,Six Invitational 2026: Daystar vs. Falcons Esport Map 2,KXR6MAP-26FEB06DAYFLCS-2-FLCS,Falcons Esport,0.87,0.9,0.885,0.9,0.03,6492.04,1,2026-02-20 10:00:00+00:00,245.55
Sports,KXR6MAP-26FEB06BDSR-1,Six Invitational 2026: Black Dragons e-Sports vs. Shopify Rebellion Map 1,KXR6MAP-26FEB06BDSR-1-SR,Shopify Rebellion,0.66,0.7,0.68,0.0,0.04,6489.57,1,2026-02-20 17:00:00+00:00,252.55
Sports,KXR6MAP-26FEB06FLUSSG-2,Six Invitational 2026: Fluxo W7M vs. Spacestation Gaming Map 2,KXR6MAP-26FEB06FLUSSG-2-FLU,Fluxo W7M,0.48,0.52,0.5,0.0,0.04,6484.98,1,2026-02-20 17:00:00+00:00,252.55
Sports,KXR6MAP-26FEB06FLUSSG-2,Six Invitational 2026: Fluxo W7M vs. Spacestation Gaming Map 2,KXR6MAP-26FEB06FLUSSG-2-SSG,Spacestation Gaming,0.48,0.52,0.5,0.0,0.04,6480.48,1,2026-02-20 17:00:00+00:00,252.55
Sports,KXNBA3D-26FEB05PHILAL,Philadelphia at Los Angeles L: Triple Doubles,KXNBA3D-26FEB05PHILAL-LALLDONCIC77,Luka Dončić,0.2,0.22,0.21,0.22,0.02,6472.5,1,2026-02-20 03:00:00+00:00,238.55
Sports,KXR6MAP-26FEB06FLUSSG-1,Six Invitational 2026: Fluxo W7M vs. Spacestation Gaming Map 1,KXR6MAP-26FEB06FLUSSG-1-SSG,Spacestation Gaming,0.48,0.52,0.5,0.0,0.04,6472.43,1,2026-02-20 17:00:00+00:00,252.55
Sports,KXLOLMAP-26FEB06MVKTSW-1,LCP 2026: MVK Esports vs. Team Secret Whales Map 1,KXLOLMAP-26FEB06MVKTSW-1-MVK,MVK Esports,0.31,0.34,0.325,0.35,0.03,6470.74,1,2026-02-20 06:00:00+00:00,241.55
Sports,KXLOLMAP-26FEB06MVKTSW-2,LCP 2026: MVK Esports vs. Team Secret Whales Map 2,KXLOLMAP-26FEB06MVKTSW-2-MVK,MVK Esports,0.31,0.35,0.33,0.34,0.04,6463.7,1,2026-02-20 06:00:00+00:00,241.55
Sports,KXNBAAST-26FEB05PHILAL,Philadelphia at Los Angeles L: Assists,KXNBAAST-26FEB05PHILAL-LALLDONCIC77-6,Luka Dončić: 6+,0.84,0.92,0.88,0.87,0.08,6454.09,1,2026-02-20 03:00:00+00:00,238.55
Sports,KXNBAPTS-26FEB05PHILAL,Philadelphia at Los Angeles L: Points,KXNBAPTS-26FEB05PHILAL-LALLDONCIC77-40,Luka Dončić: 40+,0.2,0.24,0.22,0.23,0.04,6419.96,1,2026-02-20 03:00:00+00:00,238.55
Sports,KXR6MAP-26FEB06DAYFLCS-2,Six Invitational 2026: Daystar vs. Falcons Esport Map 2,KXR6MAP-26FEB06DAYFLCS-2-DAY,Daystar,0.1,0.13,0.115,0.13,0.03,6412.8,1,2026-02-20 10:00:00+00:00,245.55
Sports,KXNBABLK-26FEB05PHILAL,Philadelphia at Los Angeles L: Blocks,KXNBABLK-26FEB05PHILAL-LALLJAMES23-1,LeBron James: 1+,0.01,0.6,0.305,0.53,0.59,6395.9,1,2026-02-20 03:00:00+00:00,238.55
Sports,KXNBATOTAL-26FEB05UTAATL,Utah at Atlanta: Total Points,KXNBATOTAL-26FEB05UTAATL-249,Over 249.5 points scored,0.08,0.11,0.095,0.08,0.03,6395.23,1,2026-02-20 00:30:00+00:00,236.05
Sports,KXNBAAST-26FEB05PHILAL,Philadelphia at Los Angeles L: Assists,KXNBAAST-26FEB05PHILAL-LALLJAMES23-6,LeBron James: 6+,0.59,0.65,0.62,0.65,0.06,6385.31,1,2026-02-20 03:00:00+00:00,238.55
Sports,KXNBATOTAL-26FEB05CHAHOU,Charlotte at Houston: Total Points,KXNBATOTAL-26FEB05CHAHOU-208,Over 208.5 points scored,0.44,0.98,0.71,0.78,0.54,6349.5,1,2026-02-20 01:00:00+00:00,236.55
Sports,KXNBATOTAL-26FEB05CHAHOU,Charlotte at Houston: Total Points,KXNBATOTAL-26FEB05CHAHOU-214,Over 214.5 points scored,0.82,0.96,0.89,0.96,0.14,6333.14,1,2026-02-20 01:00:00+00:00,236.55
Sports,KXNBAPTS-26FEB05PHILAL,Philadelphia at Los Angeles L: Points,KXNBAPTS-26FEB05PHILAL-LALLDONCIC77-30,Luka Dončić: 30+,0.59,0.65,0.62,0.59,0.06,6321.19,1,2026-02-20 03:00:00+00:00,238.55
Sports,KXVALORANTMAP-26FEB06EGNV-2,VCT Americas Kickoff 2026: Evil Geniuses vs. Team Envy Map 2,KXVALORANTMAP-26FEB06EGNV-2-EG,Evil Geniuses,0.47,0.51,0.49,0.0,0.04,6318.2,1,2026-02-20 22:00:00+00:00,257.55
Sports,KXVALORANTMAP-26FEB06EGNV-2,VCT Americas Kickoff 2026: Evil Geniuses vs. Team Envy Map 2,KXVALORANTMAP-26FEB06EGNV-2-NV,Team Envy,0.49,0.53,0.51,0.0,0.04,6308.94,1,2026-02-20 22:00:00+00:00,257.55
Sports,KXVALORANTMAP-26FEB06EGNV-1,VCT Americas Kickoff 2026: Evil Geniuses vs. Team Envy Map 1,KXVALORANTMAP-26FEB06EGNV-1-EG,Evil Geniuses,0.47,0.51,0.49,0.0,0.04,6306.07,1,2026-02-20 22:00:00+00:00,257.55
Sports,KXVALORANTMAP-26FEB06T1PR-2,VCT Pacific Kickoff 2026: T1 vs. Paper Rex Map 2,KXVALORANTMAP-26FEB06T1PR-2-PR,Paper Rex,0.51,0.55,0.53,0.0,0.04,6277.21,1,2026-02-20 11:00:00+00:00,246.55
Sports,KXNBATOTAL-26FEB05UTAATL,Utah at Atlanta: Total Points,KXNBATOTAL-26FEB05UTAATL-252,Over 252.5 points scored,0.1,0.23,0.165,0.24,0.13,6276.18,1,2026-02-20 00:30:00+00:00,236.05
Sports,KXNBATOTAL-26FEB05UTAATL,Utah at Atlanta: Total Points,KXNBATOTAL-26FEB05UTAATL-240,Over 240.5 points scored,0.34,0.45,0.395,0.21,0.11,6254.09,1,2026-02-20 00:30:00+00:00,236.05
Sports,KXNBASPREAD-26FEB05CHITOR,Chicago at Toronto: Spread,KXNBASPREAD-26FEB05CHITOR-TOR23,Toronto wins by over 23.5 Points,0.0,0.14,0.01,0.01,,6246.21,1,2026-02-20 00:30:00+00:00,236.05
Sports,KXATPCHALLENGERMATCH-26FEB06FELBRA,Fellin vs Brancaccio,KXATPCHALLENGERMATCH-26FEB06FELBRA-BRA,Raul Brancaccio,0.64,0.68,0.66,0.68,0.04,6232.97,1,2026-02-20 13:10:00+00:00,248.71
Sports,KXEKSTRAKLASAGAME-26JAN30RADARK,Radomiak Radom vs Arka Gdynia,KXEKSTRAKLASAGAME-26JAN30RADARK-RAD,Radomiak Radom,0.11,0.76,0.435,0.08,0.65,6218.83,1,2026-02-13 19:30:00+00:00,87.05
Sports,KXNCAAMBTOTAL-26FEB05WIUTNTC,Western Illinois at Tennessee Tech: Total Points,KXNCAAMBTOTAL-26FEB05WIUTNTC-154,Over 154.5 points scored,0.64,0.7,0.67,0.63,0.06,6209.84,1,2026-02-20 01:30:00+00:00,237.05
Sports,KXNCAAMBTOTAL-26FEB05UTAUTU,UT Arlington at Utah Tech: Total Points,KXNCAAMBTOTAL-26FEB05UTAUTU-142,Over 142.5 points scored,0.39,0.43,0.41,0.43,0.04,6187.64,1,2026-02-20 02:00:00+00:00,237.55
Sports,KXNBASPREAD-26FEB05UTAATL,Utah at Atlanta: Spread,KXNBASPREAD-26FEB05UTAATL-ATL10,Atlanta wins by over 10.5 Points,0.01,0.28,0.145,0.02,0.27,6186.86,1,2026-02-20 00:30:00+00:00,236.05
Sports,KXR6GAME-26FEB06HERETICSWBG,Six Invitational 2026: Heretics vs. Weibo Gaming,KXR6GAME-26FEB06HERETICSWBG-WBG,Weibo Gaming,0.71,0.75,0.73,0.75,0.04,6175.65,1,2026-02-20 10:00:00+00:00,245.55
Sports,KXNBAAST-26FEB05PHILAL,Philadelphia at Los Angeles L: Assists,KXNBAAST-26FEB05PHILAL-LALAREAVES15-2,Austin Reaves: 2+,0.76,0.85,0.805,0.87,0.09,6139.7,1,2026-02-20 03:00:00+00:00,238.55
Sports,KXNBAPTS-26FEB05PHILAL,Philadelphia at Los Angeles L: Points,KXNBAPTS-26FEB05PHILAL-PHITMAXEY0-30,Tyrese Maxey: 30+,0.37,0.42,0.395,0.4,0.05,6106.06,1,2026-02-20 03:00:00+00:00,238.55
Sports,KXNCAAMBTOTAL-26FEB05UTAUTU,UT Arlington at Utah Tech: Total Points,KXNCAAMBTOTAL-26FEB05UTAUTU-136,Over 136.5 points scored,0.58,0.64,0.61,0.55,0.06,6101.89,1,2026-02-20 02:00:00+00:00,237.55
Sports,KXR6GAME-26FEB06DAYFLCS,Six Invitational 2026: Daystar vs. Falcons Esport,KXR6GAME-26FEB06DAYFLCS-FLCS,Falcons Esport,0.91,0.95,0.93,0.88,0.04,6059.24,1,2026-02-20 10:00:00+00:00,245.55
Sports,KXNBA3PT-26FEB05PHILAL,Philadelphia at Los Angeles L: Three Pointers,KXNBA3PT-26FEB05PHILAL-LALAREAVES15-1,Austin Reaves: 1+,0.77,0.85,0.81,0.86,0.08,6057.63,1,2026-02-20 03:00:00+00:00,238.55
Sports,KXNBA3PT-26FEB05PHILAL,Philadelphia at Los Angeles L: Three Pointers,KXNBA3PT-26FEB05PHILAL-LALLDONCIC77-4,Luka Dončić: 4+,0.49,0.5,0.495,0.5,0.01,6045.2,1,2026-02-20 03:00:00+00:00,238.55
Sports,KXNCAAMBTOTAL-26FEB05WIUTNTC,Western Illinois at Tennessee Tech: Total Points,KXNCAAMBTOTAL-26FEB05WIUTNTC-151,Over 151.5 points scored,0.71,0.79,0.75,0.0,0.08,6035.24,1,2026-02-20 01:30:00+00:00,237.05
Sports,KXNCAAMBTOTAL-26FEB05MORESEMO,Morehead St. at Southeast Missouri St.: Total Points,KXNCAAMBTOTAL-26FEB05MORESEMO-161,Over 161.5 points scored,0.07,0.18,0.125,0.0,0.11,6034.78,1,2026-02-20 01:30:00+00:00,237.05
Sports,KXNBAAST-26FEB05PHILAL,Philadelphia at Los Angeles L: Assists,KXNBAAST-26FEB05PHILAL-LALAREAVES15-6,Austin Reaves: 6+,0.18,0.19,0.185,0.18,0.01,6033.37,1,2026-02-20 03:00:00+00:00,238.55
Sports,KXR6MAP-26FEB06HERETICSWBG-1,Six Invitational 2026: Heretics vs. Weibo Gaming Map 1,KXR6MAP-26FEB06HERETICSWBG-1-HERETICS,Heretics,0.32,0.36,0.34,0.0,0.04,6029.17,1,2026-02-20 10:00:00+00:00,245.55
Sports,KXNCAAMBTOTAL-26FEB05MORESEMO,Morehead St. at Southeast Missouri St.: Total Points,KXNCAAMBTOTAL-26FEB05MORESEMO-152,Over 152.5 points scored,0.31,0.37,0.34,0.32,0.06,6024.81,1,2026-02-20 01:30:00+00:00,237.05
Sports,KXNBAREB-26FEB05PHILAL,Philadelphia at Los Angeles L: Rebounds,KXNBAREB-26FEB05PHILAL-LALLJAMES23-10,LeBron James: 10+,0.1,0.15,0.125,0.13,0.05,6012.78,1,2026-02-20 03:00:00+00:00,238.55
Sports,KXR6MAP-26FEB06OXGEP-2,Six Invitational 2026: Oxygen Esports vs. ENTERPRISE Esports Map 2,KXR6MAP-26FEB06OXGEP-2-EP,ENTERPRISE Esports,0.34,0.38,0.36,0.0,0.04,6006.57,1,2026-02-20 20:30:00+00:00,256.05
Sports,KXEKSTRAKLASAGAME-26JAN30RADARK,Radomiak Radom vs Arka Gdynia,KXEKSTRAKLASAGAME-26JAN30RADARK-TIE,Tie,0.07,0.74,0.405,0.07,0.67,6002.14,1,2026-02-13 19:30:00+00:00,87.05
Sports,KXR6MAP-26FEB06OXGEP-1,Six Invitational 2026: Oxygen Esports vs. ENTERPRISE Esports Map 1,KXR6MAP-26FEB06OXGEP-1-EP,ENTERPRISE Esports,0.34,0.38,0.36,0.0,0.04,5996.62,1,2026-02-20 20:30:00+00:00,256.05
Sports,KXR6MAP-26FEB06BDSR-1,Six Invitational 2026: Black Dragons e-Sports vs. Shopify Rebellion Map 1,KXR6MAP-26FEB06BDSR-1-BD,Black Dragons e-Sports,0.3,0.34,0.32,0.0,0.04,5993.95,1,2026-02-20 17:00:00+00:00,252.55
Sports,KXLIGUE1SPREAD-26FEB06FCMLIL,Lille at Metz: Spreads,KXLIGUE1SPREAD-26FEB06FCMLIL-FCM2,Metz wins by over 2.5 goals,0.01,0.77,0.39,0.0,0.76,5986.66,1,2026-02-20 19:45:00+00:00,255.3
Sports,KXNCAAMBTOTAL-26FEB05MORESEMO,Morehead St. at Southeast Missouri St.: Total Points,KXNCAAMBTOTAL-26FEB05MORESEMO-155,Over 155.5 points scored,0.2,0.3,0.25,0.0,0.1,5980.83,1,2026-02-20 01:30:00+00:00,237.05
Sports,KXNBASPREAD-26FEB05CHITOR,Chicago at Toronto: Spread,KXNBASPREAD-26FEB05CHITOR-CHI4,Chicago wins by over 4.5 Points,0.0,0.01,0.03,0.03,,5978.96,1,2026-02-20 00:30:00+00:00,236.05
Sports,KXNBA3PT-26FEB05PHILAL,Philadelphia at Los Angeles L: Three Pointers,KXNBA3PT-26FEB05PHILAL-PHIVEDGECOMBE77-4,VJ Edgecombe: 4+,0.12,0.16,0.14,0.14,0.04,5973.37,1,2026-02-20 03:00:00+00:00,238.55
Sports,KXNCAAMBTOTAL-26FEB05MORESEMO,Morehead St. at Southeast Missouri St.: Total Points,KXNCAAMBTOTAL-26FEB05MORESEMO-140,Over 140.5 points scored,0.68,0.74,0.71,0.55,0.06,5948.11,1,2026-02-20 01:30:00+00:00,237.05
Sports,KXNCAAMBTOTAL-26FEB05MORESEMO,Morehead St. at Southeast Missouri St.: Total Points,KXNCAAMBTOTAL-26FEB05MORESEMO-146,Over 146.5 points scored,0.5,0.55,0.525,0.39,0.05,5943.64,1,2026-02-20 01:30:00+00:00,237.05
Sports,KXWOCURLGAME-26FEB06ITACHE,Italy vs Switzerland,KXWOCURLGAME-26FEB06ITACHE-ITA,Italy,0.06,0.97,0.515,0.74,0.91,5942.74,1,2026-02-20 09:05:00+00:00,244.63
Sports,KXNBA3PT-26FEB05PHILAL,Philadelphia at Los Angeles L: Three Pointers,KXNBA3PT-26FEB05PHILAL-LALLJAMES23-3,LeBron James: 3+,0.17,0.22,0.195,0.22,0.05,5940.78,1,2026-02-20 03:00:00+00:00,238.55
Sports,KXNCAAMBTOTAL-26FEB05MORESEMO,Morehead St. at Southeast Missouri St.: Total Points,KXNCAAMBTOTAL-26FEB05MORESEMO-137,Over 137.5 points scored,0.75,0.83,0.79,0.48,0.08,5938.68,1,2026-02-20 01:30:00+00:00,237.05
Sports,KXNCAAMBTOTAL-26FEB05MORESEMO,Morehead St. at Southeast Missouri St.: Total Points,KXNCAAMBTOTAL-26FEB05MORESEMO-134,Over 134.5 points scored,0.8,0.91,0.855,0.73,0.11,5933.19,1,2026-02-20 01:30:00+00:00,237.05
Sports,KXNCAAWBGAME-26FEB05WEBUNCO,Weber St. at Northern Colorado,KXNCAAWBGAME-26FEB05WEBUNCO-UNCO,Northern Colorado,0.97,0.99,0.98,0.98,0.02,5930.2,1,2026-02-20 01:00:00+00:00,236.55
Sports,KXVALORANTMAP-26FEB06EGNV-1,VCT Americas Kickoff 2026: Evil Geniuses vs. Team Envy Map 1,KXVALORANTMAP-26FEB06EGNV-1-NV,Team Envy,0.49,0.53,0.51,0.49,0.04,5915.63,1,2026-02-20 22:00:00+00:00,257.55
Sports,KXNCAAMBTOTAL-26FEB05UTAUTU,UT Arlington at Utah Tech: Total Points,KXNCAAMBTOTAL-26FEB05UTAUTU-154,Over 154.5 points scored,0.06,0.16,0.11,0.23,0.1,5914.54,1,2026-02-20 02:00:00+00:00,237.55
Sports,KXNCAAMBTOTAL-26FEB05MORESEMO,Morehead St. at Southeast Missouri St.: Total Points,KXNCAAMBTOTAL-26FEB05MORESEMO-158,Over 158.5 points scored,0.12,0.23,0.175,0.0,0.11,5903.66,1,2026-02-20 01:30:00+00:00,237.05
Sports,KXNBAAST-26FEB05PHILAL,Philadelphia at Los Angeles L: Assists,KXNBAAST-26FEB05PHILAL-PHITMAXEY0-10,Tyrese Maxey: 10+,0.18,0.22,0.2,0.0,0.04,5902.17,1,2026-02-20 03:00:00+00:00,238.55
Sports,KXNCAAMBTOTAL-26FEB05MORESEMO,Morehead St. at Southeast Missouri St.: Total Points,KXNCAAMBTOTAL-26FEB05MORESEMO-143,Over 143.5 points scored,0.6,0.64,0.62,0.43,0.04,5895.66,1,2026-02-20 01:30:00+00:00,237.05
Sports,KXNBASTL-26FEB05PHILAL,Philadelphia at Los Angeles L: Steals,KXNBASTL-26FEB05PHILAL-PHITMAXEY0-1,Tyrese Maxey: 1+,0.09,0.88,0.485,0.0,0.79,5864.66,1,2026-02-20 03:00:00+00:00,238.55
Sports,KXNBATOTAL-26FEB05UTAATL,Utah at Atlanta: Total Points,KXNBATOTAL-26FEB05UTAATL-246,Over 246.5 points scored,0.16,0.31,0.235,0.19,0.15,5860.28,1,2026-02-20 00:30:00+00:00,236.05
Sports,KXNBAAST-26FEB05PHILAL,Philadelphia at Los Angeles L: Assists,KXNBAAST-26FEB05PHILAL-LALLJAMES23-10,LeBron James: 10+,0.11,0.17,0.14,0.15,0.06,5805.07,1,2026-02-20 03:00:00+00:00,238.55
Sports,KXVALORANTMAP-26FEB06T1PR-2,VCT Pacific Kickoff 2026: T1 vs. Paper Rex Map 2,KXVALORANTMAP-26FEB06T1PR-2-T1,T1,0.45,0.49,0.47,0.49,0.04,5798.56,1,2026-02-20 11:00:00+00:00,246.55
Sports,KXNCAAMBTOTAL-26FEB05UTAUTU,UT Arlington at Utah Tech: Total Points,KXNCAAMBTOTAL-26FEB05UTAUTU-145,Over 145.5 points scored,0.28,0.35,0.315,0.35,0.07,5753.69,1,2026-02-20 02:00:00+00:00,237.55
Sports,KXNBAAST-26FEB05PHILAL,Philadelphia at Los Angeles L: Assists,KXNBAAST-26FEB05PHILAL-LALLDONCIC77-8,Luka Dončić: 8+,0.62,0.7,0.66,0.64,0.08,5723.99,1,2026-02-20 03:00:00+00:00,238.55
Sports,KXNBAREB-26FEB05PHILAL,Philadelphia at Los Angeles L: Rebounds,KXNBAREB-26FEB05PHILAL-LALLDONCIC77-10,Luka Dončić: 10+,0.32,0.39,0.355,0.4,0.07,5699.03,1,2026-02-20 03:00:00+00:00,238.55
Sports,KXNCAAMBSPREAD-26FEB05EIUTNST,Eastern Illinois at Tennessee St.: Spread,KXNCAAMBSPREAD-26FEB05EIUTNST-EIU5,Eastern Illinois wins by over 5.5 Points,0.03,0.13,0.08,0.0,0.1,5691.56,1,2026-02-20 01:30:00+00:00,237.05
Sports,KXNBA3PT-26FEB05PHILAL,Philadelphia at Los Angeles L: Three Pointers,KXNBA3PT-26FEB05PHILAL-LALAREAVES15-3,Austin Reaves: 3+,0.27,0.31,0.29,0.32,0.04,5679.85,1,2026-02-20 03:00:00+00:00,238.55
Sports,KXNBASPREAD-26FEB05CHITOR,Chicago at Toronto: Spread,KXNBASPREAD-26FEB05CHITOR-CHI1,Chicago wins by over 1.5 Points,0.0,0.01,0.01,0.01,,5663.11,1,2026-02-20 00:30:00+00:00,236.05
Sports,KXCS2MAP-26FEB06FURIAAUR-1,IEM Krakow 2026: FURIA vs. Aurora Gaming Map 1,KXCS2MAP-26FEB06FURIAAUR-1-AUR,Aurora Gaming,0.36,0.4,0.38,0.4,0.04,5653.34,1,2026-02-20 14:45:00+00:00,250.3
Sports,KXNBASPREAD-26FEB05CHITOR,Chicago at Toronto: Spread,KXNBASPREAD-26FEB05CHITOR-CHI7,Chicago wins by over 7.5 Points,0.0,0.01,0.01,0.01,,5619.32,1,2026-02-20 00:30:00+00:00,236.05
Sports,KXNBAREB-26FEB05PHILAL,Philadelphia at Los Angeles L: Rebounds,KXNBAREB-26FEB05PHILAL-LALLDONCIC77-12,Luka Dončić: 12+,0.15,0.22,0.185,0.15,0.07,5613.06,1,2026-02-20 03:00:00+00:00,238.55
Sports,KXNBA3PT-26FEB05PHILAL,Philadelphia at Los Angeles L: Three Pointers,KXNBA3PT-26FEB05PHILAL-PHIVEDGECOMBE77-3,VJ Edgecombe: 3+,0.3,0.33,0.315,0.31,0.03,5600.03,1,2026-02-20 03:00:00+00:00,238.55
Sports,KXVALORANTMAP-26FEB06T1PR-1,VCT Pacific Kickoff 2026: T1 vs. Paper Rex Map 1,KXVALORANTMAP-26FEB06T1PR-1-T1,T1,0.45,0.49,0.47,0.49,0.04,5590.25,1,2026-02-20 11:00:00+00:00,246.55
Sports,KXNCAAMBSPREAD-26FEB05NAUIDST,Northern Arizona at Idaho St.: Spread,KXNCAAMBSPREAD-26FEB05NAUIDST-IDST8,Idaho St. wins by over 8.5 Points,0.1,0.23,0.165,0.23,0.13,5584.98,1,2026-02-20 02:00:00+00:00,237.55
Sports,KXR6GAME-26FEB06FXM80,Six Invitational 2026: FearX vs. M80,KXR6GAME-26FEB06FXM80-M80,M80,0.91,0.95,0.93,0.94,0.04,5548.59,1,2026-02-20 13:30:00+00:00,249.05
Sports,KXNBA2D-26FEB05PHILAL,Philadelphia at Los Angeles L: Double Doubles,KXNBA2D-26FEB05PHILAL-LALLJAMES23,LeBron James,0.15,0.24,0.195,0.25,0.09,5522.78,1,2026-02-20 03:00:00+00:00,238.55
Sports,KXNBASTL-26FEB05PHILAL,Philadelphia at Los Angeles L: Steals,KXNBASTL-26FEB05PHILAL-LALLDONCIC77-1,Luka Dončić: 1+,0.05,0.82,0.435,0.0,0.77,5522.0,1,2026-02-20 03:00:00+00:00,238.55
Sports,KXNHLGOAL-26FEB05LAVGK,LA Kings at VGK Golden Knights: Anytime Goal,KXNHLGOAL-26FEB05LAVGK-VGKJEICHEL9,Jack Eichel,0.0,0.35,0.35,0.35,,5514.7,1,2026-02-20 03:00:00+00:00,238.55
Sports,KXNHLGOAL-26FEB05LAVGK,LA Kings at VGK Golden Knights: Anytime Goal,KXNHLGOAL-26FEB05LAVGK-LAAKEMPE9,Adrian Kempe,0.0,0.32,0.32,0.32,,5507.75,1,2026-02-20 03:00:00+00:00,238.55
Sports,KXNCAAMBSPREAD-26FEB05MORESEMO,Morehead St. at Southeast Missouri St.: Spread,KXNCAAMBSPREAD-26FEB05MORESEMO-SEMO20,Southeast Missouri St. wins by over 20.5 Points,0.19,0.32,0.255,0.0,0.13,5488.07,1,2026-02-20 01:30:00+00:00,237.05
Sports,KXNHLPTS-26FEB05LAVGK,LA Kings at VGK Golden Knights: Points,KXNHLPTS-26FEB05LAVGK-VGKJEICHEL9-1,Jack Eichel: 1+,0.0,0.79,0.0,0.0,,5427.52,1,2026-02-20 03:00:00+00:00,238.55
Sports,KXNBATOTAL-26FEB05UTAATL,Utah at Atlanta: Total Points,KXNBATOTAL-26FEB05UTAATL-243,Over 243.5 points scored,0.12,0.45,0.285,0.12,0.33,5400.54,1,2026-02-20 00:30:00+00:00,236.05
Sports,KXLOLMAP-26FEB06DNFKT-2,LCK Cup 2026: DN SOOPers vs. KT Rolster Map 2,KXLOLMAP-26FEB06DNFKT-2-DNF,DN SOOPers,0.3,0.34,0.32,0.0,0.04,5399.82,1,2026-02-20 10:00:00+00:00,245.55
Sports,KXNCAAMBSPREAD-26FEB05MORESEMO,Morehead St. at Southeast Missouri St.: Spread,KXNCAAMBSPREAD-26FEB05MORESEMO-SEMO23,Southeast Missouri St. wins by over 23.5 Points,0.08,0.22,0.15,0.0,0.14,5385.44,1,2026-02-20 01:30:00+00:00,237.05
Sports,KXNCAAMBTOTAL-26FEB05NEOMUND,Omaha at North Dakota: Total Points,KXNCAAMBTOTAL-26FEB05NEOMUND-140,Over 140.5 points scored,0.35,0.38,0.365,0.42,0.03,5366.89,1,2026-02-20 01:00:00+00:00,236.55
Sports,KXNCAAMBTOTAL-26FEB05MORESEMO,Morehead St. at Southeast Missouri St.: Total Points,KXNCAAMBTOTAL-26FEB05MORESEMO-131,Over 131.5 points scored,0.85,0.96,0.905,0.0,0.11,5360.77,1,2026-02-20 01:30:00+00:00,237.05
Sports,KXNBA3PT-26FEB05PHILAL,Philadelphia at Los Angeles L: Three Pointers,KXNBA3PT-26FEB05PHILAL-LALLDONCIC77-2,Luka Dončić: 2+,0.83,0.89,0.86,0.91,0.06,5349.96,1,2026-02-20 03:00:00+00:00,238.55
Sports,KXNCAAMBTOTAL-26FEB05NEOMUND,Omaha at North Dakota: Total Points,KXNCAAMBTOTAL-26FEB05NEOMUND-149,Over 149.5 points scored,0.07,0.13,0.1,0.21,0.06,5342.38,1,2026-02-20 01:00:00+00:00,236.55
Sports,KXNBAREB-26FEB05PHILAL,Philadelphia at Los Angeles L: Rebounds,KXNBAREB-26FEB05PHILAL-LALLJAMES23-8,LeBron James: 8+,0.27,0.32,0.295,0.3,0.05,5337.01,1,2026-02-20 03:00:00+00:00,238.55
Sports,KXLOLMAP-26FEB06DNFKT-1,LCK Cup 2026: DN SOOPers vs. KT Rolster Map 1,KXLOLMAP-26FEB06DNFKT-1-DNF,DN SOOPers,0.3,0.34,0.32,0.0,0.04,5317.85,1,2026-02-20 10:00:00+00:00,245.55
Sports,KXNCAAMBSPREAD-26FEB05NAUIDST,Northern Arizona at Idaho St.: Spread,KXNCAAMBSPREAD-26FEB05NAUIDST-IDST5,Idaho St. wins by over 5.5 Points,0.22,0.34,0.28,0.57,0.12,5305.99,1,2026-02-20 02:00:00+00:00,237.55
Sports,KXNCAAMBTOTAL-26FEB05NEOMUND,Omaha at North Dakota: Total Points,KXNCAAMBTOTAL-26FEB05NEOMUND-137,Over 137.5 points scored,0.45,0.52,0.485,0.74,0.07,5302.33,1,2026-02-20 01:00:00+00:00,236.55
Sports,KXWOCURLGAME-26FEB06CZEUSA,Czechia vs United States,KXWOCURLGAME-26FEB06CZEUSA-USA,United States,0.02,0.98,0.5,0.77,0.96,5291.05,1,2026-02-20 13:35:00+00:00,249.13
Sports,KXNCAAMBTOTAL-26FEB05MORESEMO,Morehead St. at Southeast Missouri St.: Total Points,KXNCAAMBTOTAL-26FEB05MORESEMO-149,Over 149.5 points scored,0.42,0.46,0.44,0.42,0.04,5278.08,1,2026-02-20 01:30:00+00:00,237.05
Sports,KXWOCURLGAME-26FEB06ESTITA,Estonia vs Italy,KXWOCURLGAME-26FEB06ESTITA-ITA,Italy,0.66,0.74,0.7,0.74,0.08,5273.06,1,2026-02-20 13:35:00+00:00,249.13
Sports,KXLOLMAP-26FEB06MVKTSW-1,LCP 2026: MVK Esports vs. Team Secret Whales Map 1,KXLOLMAP-26FEB06MVKTSW-1-TSW,Team Secret Whales,0.65,0.68,0.665,0.68,0.03,5258.85,1,2026-02-20 06:00:00+00:00,241.55
Sports,KXNBAAST-26FEB05PHILAL,Philadelphia at Los Angeles L: Assists,KXNBAAST-26FEB05PHILAL-LALLJAMES23-8,LeBron James: 8+,0.3,0.36,0.33,0.34,0.06,5242.45,1,2026-02-20 03:00:00+00:00,238.55
Sports,KXNCAAMBTOTAL-26FEB05UTAUTU,UT Arlington at Utah Tech: Total Points,KXNCAAMBTOTAL-26FEB05UTAUTU-139,Over 139.5 points scored,0.48,0.53,0.505,0.54,0.05,5227.4,1,2026-02-20 02:00:00+00:00,237.55
Sports,KXNCAAMBTOTAL-26FEB05UTAUTU,UT Arlington at Utah Tech: Total Points,KXNCAAMBTOTAL-26FEB05UTAUTU-133,Over 133.5 points scored,0.66,0.73,0.695,0.0,0.07,5211.23,1,2026-02-20 02:00:00+00:00,237.55
Sports,KXNCAAMBSPREAD-26FEB05MORESEMO,Morehead St. at Southeast Missouri St.: Spread,KXNCAAMBSPREAD-26FEB05MORESEMO-SEMO11,Southeast Missouri St. wins by over 11.5 Points,0.62,0.73,0.675,0.43,0.11,5195.74,1,2026-02-20 01:30:00+00:00,237.05
Sports,KXNHLPTS-26FEB05LAVGK,LA Kings at VGK Golden Knights: Points,KXNHLPTS-26FEB05LAVGK-VGKMMARNER93-1,Mitch Marner: 1+,0.0,0.7,0.0,0.0,,5164.38,1,2026-02-20 03:00:00+00:00,238.55
Sports,KXNCAAMBTOTAL-26FEB05JVSTWKU,Jacksonville St. at Western Kentucky: Total Points,KXNCAAMBTOTAL-26FEB05JVSTWKU-148,Over 148.5 points scored,0.13,0.24,0.185,0.0,0.11,5161.59,1,2026-02-20 02:00:00+00:00,237.55
Sports,KXNBA3PT-26FEB05PHILAL,Philadelphia at Los Angeles L: Three Pointers,KXNBA3PT-26FEB05PHILAL-LALAREAVES15-5,Austin Reaves: 5+,0.02,0.07,0.045,0.08,0.05,5152.69,1,2026-02-20 03:00:00+00:00,238.55
Sports,KXNBA3PT-26FEB05PHILAL,Philadelphia at Los Angeles L: Three Pointers,KXNBA3PT-26FEB05PHILAL-PHIVEDGECOMBE77-5,VJ Edgecombe: 5+,0.03,0.05,0.04,0.06,0.02,5141.95,1,2026-02-20 03:00:00+00:00,238.55
Sports,KXNBAAST-26FEB05PHILAL,Philadelphia at Los Angeles L: Assists,KXNBAAST-26FEB05PHILAL-LALLDONCIC77-9,Luka Dončić: 9+,0.5,0.55,0.525,0.52,0.05,5131.25,1,2026-02-20 03:00:00+00:00,238.55
Sports,KXNBA3PT-26FEB05PHILAL,Philadelphia at Los Angeles L: Three Pointers,KXNBA3PT-26FEB05PHILAL-PHITMAXEY0-5,Tyrese Maxey: 5+,0.22,0.29,0.255,0.28,0.07,5121.57,1,2026-02-20 03:00:00+00:00,238.55
Sports,KXNCAAMBTOTAL-26FEB05UTAUTU,UT Arlington at Utah Tech: Total Points,KXNCAAMBTOTAL-26FEB05UTAUTU-148,Over 148.5 points scored,0.19,0.28,0.235,0.0,0.09,5095.28,1,2026-02-20 02:00:00+00:00,237.55
Sports,KXNCAAMBTOTAL-26FEB05NEOMUND,Omaha at North Dakota: Total Points,KXNCAAMBTOTAL-26FEB05NEOMUND-146,Over 146.5 points scored,0.14,0.21,0.175,0.21,0.07,5071.33,1,2026-02-20 01:00:00+00:00,236.55
Sports,KXNCAAMBTOTAL-26FEB05JVSTWKU,Jacksonville St. at Western Kentucky: Total Points,KXNCAAMBTOTAL-26FEB05JVSTWKU-145,Over 145.5 points scored,0.2,0.29,0.245,0.09,0.09,5063.56,1,2026-02-20 02:00:00+00:00,237.55
Sports,KXNCAAMBTOTAL-26FEB05JVSTWKU,Jacksonville St. at Western Kentucky: Total Points,KXNCAAMBTOTAL-26FEB05JVSTWKU-136,Over 136.5 points scored,0.45,0.49,0.47,0.49,0.04,5057.3,1,2026-02-20 02:00:00+00:00,237.55
Sports,KXNBA3PT-26FEB05PHILAL,Philadelphia at Los Angeles L: Three Pointers,KXNBA3PT-26FEB05PHILAL-LALLJAMES23-4,LeBron James: 4+,0.05,0.08,0.065,0.09,0.03,5055.83,1,2026-02-20 03:00:00+00:00,238.55
Sports,KXNHLGOAL-26FEB05LAVGK,LA Kings at VGK Golden Knights: Anytime Goal,KXNHLGOAL-26FEB05LAVGK-VGKMMARNER93,Mitch Marner,0.0,0.29,0.3,0.3,,5038.84,1,2026-02-20 03:00:00+00:00,238.55
Sports,KXNHLGOAL-26FEB05LAVGK,LA Kings at VGK Golden Knights: Anytime Goal,KXNHLGOAL-26FEB05LAVGK-LACPERRY10,Corey Perry,0.0,0.24,0.25,0.25,,5035.71,1,2026-02-20 03:00:00+00:00,238.55
Sports,KXNCAAMBTOTAL-26FEB05JVSTWKU,Jacksonville St. at Western Kentucky: Total Points,KXNCAAMBTOTAL-26FEB05JVSTWKU-130,Over 130.5 points scored,0.62,0.64,0.63,0.58,0.02,5027.12,1,2026-02-20 02:00:00+00:00,237.55
Sports,KXNBASTL-26FEB05PHILAL,Philadelphia at Los Angeles L: Steals,KXNBASTL-26FEB05PHILAL-LALAREAVES15-1,Austin Reaves: 1+,0.09,0.63,0.36,0.55,0.54,5025.97,1,2026-02-20 03:00:00+00:00,238.55
Sports,KXNCAAMBTOTAL-26FEB05NEOMUND,Omaha at North Dakota: Total Points,KXNCAAMBTOTAL-26FEB05NEOMUND-134,Over 134.5 points scored,0.61,0.65,0.63,0.71,0.04,4985.36,1,2026-02-20 01:00:00+00:00,236.55
Sports,KXNHLGOAL-26FEB05LAVGK,LA Kings at VGK Golden Knights: Anytime Goal,KXNHLGOAL-26FEB05LAVGK-VGKIBARBASHEV49,Ivan Barbashev,0.0,0.23,0.23,0.23,,4984.24,1,2026-02-20 03:00:00+00:00,238.55
Sports,KXNCAAMBTOTAL-26FEB05JVSTWKU,Jacksonville St. at Western Kentucky: Total Points,KXNCAAMBTOTAL-26FEB05JVSTWKU-139,Over 139.5 points scored,0.36,0.39,0.375,0.41,0.03,4982.95,1,2026-02-20 02:00:00+00:00,237.55
Sports,KXNCAAMBSPREAD-26FEB05NAUIDST,Northern Arizona at Idaho St.: Spread,KXNCAAMBSPREAD-26FEB05NAUIDST-IDST11,Idaho St. wins by over 11.5 Points,0.03,0.16,0.095,0.37,0.13,4964.7,1,2026-02-20 02:00:00+00:00,237.55
Sports,KXNCAAMBTOTAL-26FEB05UTAUTU,UT Arlington at Utah Tech: Total Points,KXNCAAMBTOTAL-26FEB05UTAUTU-127,Over 127.5 points scored,0.79,0.9,0.845,0.82,0.11,4950.46,1,2026-02-20 02:00:00+00:00,237.55
Sports,KXNCAAMBSPREAD-26FEB05MORESEMO,Morehead St. at Southeast Missouri St.: Spread,KXNCAAMBSPREAD-26FEB05MORESEMO-SEMO5,Southeast Missouri St. wins by over 5.5 Points,0.81,0.95,0.88,0.56,0.14,4919.57,1,2026-02-20 01:30:00+00:00,237.05
Sports,KXNHLPTS-26FEB05LAVGK,LA Kings at VGK Golden Knights: Points,KXNHLPTS-26FEB05LAVGK-LAAKEMPE9-1,Adrian Kempe: 1+,0.0,0.58,0.0,0.0,,4892.02,1,2026-02-20 03:00:00+00:00,238.55
Sports,KXNHLGOAL-26FEB05LAVGK,LA Kings at VGK Golden Knights: Anytime Goal,KXNHLGOAL-26FEB05LAVGK-LAAKUZMENKO96,Andrei Kuzmenko,0.0,0.22,0.23,0.23,,4887.21,1,2026-02-20 03:00:00+00:00,238.55
Sports,KXNBASTL-26FEB05PHILAL,Philadelphia at Los Angeles L: Steals,KXNBASTL-26FEB05PHILAL-PHITMAXEY0-3,Tyrese Maxey: 3+,0.2,0.31,0.255,0.3,0.11,4886.54,1,2026-02-20 03:00:00+00:00,238.55
Sports,KXNHLGOAL-26FEB05LAVGK,LA Kings at VGK Golden Knights: Anytime Goal,KXNHLGOAL-26FEB05LAVGK-LAALAFERRIERE14,Alex Laferriere,0.0,0.23,0.23,0.23,,4880.7,1,2026-02-20 03:00:00+00:00,238.55
Sports,KXNCAAMBTOTAL-26FEB05JVSTWKU,Jacksonville St. at Western Kentucky: Total Points,KXNCAAMBTOTAL-26FEB05JVSTWKU-133,Over 133.5 points scored,0.52,0.56,0.54,0.58,0.04,4858.2,1,2026-02-20 02:00:00+00:00,237.55
Sports,KXNCAAMBTOTAL-26FEB05JVSTWKU,Jacksonville St. at Western Kentucky: Total Points,KXNCAAMBTOTAL-26FEB05JVSTWKU-142,Over 142.5 points scored,0.27,0.35,0.31,0.41,0.08,4837.81,1,2026-02-20 02:00:00+00:00,237.55
Sports,KXNBASTL-26FEB05PHILAL,Philadelphia at Los Angeles L: Steals,KXNBASTL-26FEB05PHILAL-PHITMAXEY0-2,Tyrese Maxey: 2+,0.47,0.59,0.53,0.59,0.12,4837.66,1,2026-02-20 03:00:00+00:00,238.55
Sports,KXNCAAMBTOTAL-26FEB05UTAUTU,UT Arlington at Utah Tech: Total Points,KXNCAAMBTOTAL-26FEB05UTAUTU-151,Over 151.5 points scored,0.11,0.22,0.165,0.0,0.11,4833.64,1,2026-02-20 02:00:00+00:00,237.55
Sports,KXNCAAMBTOTAL-26FEB05UTAUTU,UT Arlington at Utah Tech: Total Points,KXNCAAMBTOTAL-26FEB05UTAUTU-124,Over 124.5 points scored,0.84,0.95,0.895,0.0,0.11,4829.33,1,2026-02-20 02:00:00+00:00,237.55
Sports,KXNBATOTAL-26FEB05UTAATL,Utah at Atlanta: Total Points,KXNBATOTAL-26FEB05UTAATL-237,Over 237.5 points scored,0.58,0.95,0.765,0.58,0.37,4809.94,1,2026-02-20 00:30:00+00:00,236.05
Sports,KXNHLGOAL-26FEB05LAVGK,LA Kings at VGK Golden Knights: Anytime Goal,KXNHLGOAL-26FEB05LAVGK-LAKFIALA22,Kevin Fiala,0.0,0.3,0.3,0.3,,4806.39,1,2026-02-20 03:00:00+00:00,238.55
Sports,KXNHLGOAL-26FEB05LAVGK,LA Kings at VGK Golden Knights: Anytime Goal,KXNHLGOAL-26FEB05LAVGK-VGKTHERTL48,Tomas Hertl,0.0,0.31,0.29,0.29,,4790.56,1,2026-02-20 03:00:00+00:00,238.55
Sports,KXNCAAMBTOTAL-26FEB05UTAUTU,UT Arlington at Utah Tech: Total Points,KXNCAAMBTOTAL-26FEB05UTAUTU-130,Over 130.5 points scored,0.72,0.82,0.77,0.0,0.1,4774.81,1,2026-02-20 02:00:00+00:00,237.55
Sports,KXNHLPTS-26FEB05LAVGK,LA Kings at VGK Golden Knights: Points,KXNHLPTS-26FEB05LAVGK-LAKFIALA22-1,Kevin Fiala: 1+,0.0,0.55,0.0,0.0,,4761.21,1,2026-02-20 03:00:00+00:00,238.55
Sports,KXNCAAMBTOTAL-26FEB05WIUTNTC,Western Illinois at Tennessee Tech: Total Points,KXNCAAMBTOTAL-26FEB05WIUTNTC-148,Over 148.5 points scored,0.78,0.79,0.785,0.78,0.01,4757.92,1,2026-02-20 01:30:00+00:00,237.05
Sports,KXNCAAMBTOTAL-26FEB05WIUTNTC,Western Illinois at Tennessee Tech: Total Points,KXNCAAMBTOTAL-26FEB05WIUTNTC-145,Over 145.5 points scored,0.83,0.92,0.875,0.79,0.09,4757.38,1,2026-02-20 01:30:00+00:00,237.05
Sports,KXNHLGOAL-26FEB05LAVGK,LA Kings at VGK Golden Knights: Anytime Goal,KXNHLGOAL-26FEB05LAVGK-LAAKOPITAR11,Anze Kopitar,0.0,0.19,0.2,0.2,,4711.94,1,2026-02-20 03:00:00+00:00,238.55
Sports,KXNHLPTS-26FEB05LAVGK,LA Kings at VGK Golden Knights: Points,KXNHLPTS-26FEB05LAVGK-VGKPDOROFEYEV16-1,Pavel Dorofeyev: 1+,0.0,0.52,0.0,0.0,,4678.04,1,2026-02-20 03:00:00+00:00,238.55
Sports,KXNBAALLSTARS-26,Pro Basketball All Stars?,KXNBAALLSTARS-26-MPOR,Michael Porter Jr.,0.05,0.18,0.115,0.13,0.13,4675.28,1,2026-02-17 15:00:00+00:00,178.55
Sports,KXNBASTL-26FEB05GSWPHX,Golden State at Phoenix: Steals,KXNBASTL-26FEB05GSWPHX-GSWDGREEN23-2,Draymond Green: 2+,0.02,0.29,0.155,0.29,0.27,4650.64,1,2026-02-20 03:00:00+00:00,238.55
Sports,KXNHLSPREAD-26FEB05NSHWSH,Nashville at Washington: Spread,KXNHLSPREAD-26FEB05NSHWSH-WSH2,Washington wins by over 2.5 goals,0.52,0.68,0.6,0.52,0.16,4649.94,1,2026-02-20 00:00:00+00:00,235.55
Sports,KXNCAAMBTOTAL-26FEB05EIUTNST,Eastern Illinois at Tennessee St.: Total Points,KXNCAAMBTOTAL-26FEB05EIUTNST-157,Over 157.5 points scored,0.02,0.11,0.065,0.0,0.09,4644.24,1,2026-02-20 01:30:00+00:00,237.05
Sports,KXNHLGOAL-26FEB05LAVGK,LA Kings at VGK Golden Knights: Anytime Goal,KXNHLGOAL-26FEB05LAVGK-LAQBYFIELD55,Quinton Byfield,0.0,0.2,0.2,0.2,,4636.84,1,2026-02-20 03:00:00+00:00,238.55
Sports,KXNFLCELEBRITYGAME-26,PrizePicks Creator Games Winner,KXNFLCELEBRITYGAME-26-SSAF,Sara Saffari,0.01,0.06,0.035,0.06,0.05,4601.56,1,2026-02-20 00:00:00+00:00,235.55
Sports,KXNBA3PT-26FEB05PHILAL,Philadelphia at Los Angeles L: Three Pointers,KXNBA3PT-26FEB05PHILAL-LALAREAVES15-4,Austin Reaves: 4+,0.11,0.14,0.125,0.15,0.03,4594.29,1,2026-02-20 03:00:00+00:00,238.55
Sports,KXNCAAMBTOTAL-26FEB05EWUMONT,Eastern Washington at Montana: Total Points,KXNCAAMBTOTAL-26FEB05EWUMONT-157,Over 157.5 points scored,0.15,0.26,0.205,0.25,0.11,4570.23,1,2026-02-20 02:00:00+00:00,237.55
Sports,KXWOCURLGAME-26FEB06ITACHE,Italy vs Switzerland,KXWOCURLGAME-26FEB06ITACHE-CHE,Switzerland,0.01,0.97,0.49,0.36,0.96,4521.91,1,2026-02-20 09:05:00+00:00,244.63
Sports,KXATPCHALLENGERMATCH-26FEB06FELBRA,Fellin vs Brancaccio,KXATPCHALLENGERMATCH-26FEB06FELBRA-FEL,Pietro Orlando Fellin,0.33,0.36,0.345,0.33,0.03,4517.3,1,2026-02-20 13:10:00+00:00,248.71
Sports,KXNBAAST-26FEB05PHILAL,Philadelphia at Los Angeles L: Assists,KXNBAAST-26FEB05PHILAL-PHIVEDGECOMBE77-8,VJ Edgecombe: 8+,0.05,0.08,0.065,0.01,0.03,4508.66,1,2026-02-20 03:00:00+00:00,238.55
Sports,KXNHLGOAL-26FEB05LAVGK,LA Kings at VGK Golden Knights: Anytime Goal,KXNHLGOAL-26FEB05LAVGK-VGKPDOROFEYEV16,Pavel Dorofeyev,0.0,0.3,0.3,0.3,,4498.68,1,2026-02-20 03:00:00+00:00,238.55
Sports,KXNHLPTS-26FEB05LAVGK,LA Kings at VGK Golden Knights: Points,KXNHLPTS-26FEB05LAVGK-LACPERRY10-1,Corey Perry: 1+,0.0,0.48,0.0,0.0,,4497.52,1,2026-02-20 03:00:00+00:00,238.55
Sports,KXNBAALLSTARS-26,Pro Basketball All Stars?,KXNBAALLSTARS-26-LMAR,Lauri Markkanen,0.02,0.5,0.26,0.01,0.48,4486.41,1,2026-02-17 15:00:00+00:00,178.55
Sports,KXNHLPTS-26FEB05LAVGK,LA Kings at VGK Golden Knights: Points,KXNHLPTS-26FEB05LAVGK-VGKIBARBASHEV49-1,Ivan Barbashev: 1+,0.0,0.5,0.0,0.0,,4485.0,1,2026-02-20 03:00:00+00:00,238.55
Sports,KXNBASTL-26FEB05PHILAL,Philadelphia at Los Angeles L: Steals,KXNBASTL-26FEB05PHILAL-LALLDONCIC77-2,Luka Dončić: 2+,0.01,0.4,0.205,0.0,0.39,4477.57,1,2026-02-20 03:00:00+00:00,238.55
Sports,KXNHLPTS-26FEB05LAVGK,LA Kings at VGK Golden Knights: Points,KXNHLPTS-26FEB05LAVGK-VGKSTHEODORE27-1,Shea Theodore: 1+,0.0,0.47,0.0,0.0,,4466.54,1,2026-02-20 03:00:00+00:00,238.55
Sports,KXNBATOTAL-26FEB05UTAATL,Utah at Atlanta: Total Points,KXNBATOTAL-26FEB05UTAATL-255,Over 255.5 points scored,0.07,0.22,0.145,0.06,0.15,4453.75,1,2026-02-20 00:30:00+00:00,236.05
Sports,KXWOWHOCKEY-26FEB06FRAJPN,France vs Japan,KXWOWHOCKEY-26FEB06FRAJPN-FRA,France,0.1,0.35,0.225,0.18,0.25,4442.21,1,2026-02-20 11:10:00+00:00,246.71
Sports,KXNFLCELEBRITYGAME-26,PrizePicks Creator Games Winner,KXNFLCELEBRITYGAME-26-SKET,Sketch,0.0,0.06,0.04,0.04,,4422.08,1,2026-02-20 00:00:00+00:00,235.55
Sports,KXNHLPTS-26FEB05LAVGK,LA Kings at VGK Golden Knights: Points,KXNHLPTS-26FEB05LAVGK-VGKJEICHEL9-2,Jack Eichel: 2+,0.0,0.44,0.42,0.42,,4391.24,1,2026-02-20 03:00:00+00:00,238.55
Sports,KXNHLPTS-26FEB05LAVGK,LA Kings at VGK Golden Knights: Points,KXNHLPTS-26FEB05LAVGK-LABCLARKE92-1,Brandt Clarke: 1+,0.0,0.44,0.0,0.0,,4387.32,1,2026-02-20 03:00:00+00:00,238.55
Sports,KXNBASPREAD-26FEB05CHAHOU,Charlotte at Houston: Spread,KXNBASPREAD-26FEB05CHAHOU-HOU12,Houston wins by over 12.5 Points,0.01,0.39,0.2,0.03,0.38,4382.86,1,2026-02-20 01:00:00+00:00,236.55
Sports,KXNHLPTS-26FEB05LAVGK,LA Kings at VGK Golden Knights: Points,KXNHLPTS-26FEB05LAVGK-LAQBYFIELD55-1,Quinton Byfield: 1+,0.0,0.44,0.0,0.0,,4374.58,1,2026-02-20 03:00:00+00:00,238.55
Sports,KXNCAAMBTOTAL-26FEB05EWUMONT,Eastern Washington at Montana: Total Points,KXNCAAMBTOTAL-26FEB05EWUMONT-160,Over 160.5 points scored,0.09,0.19,0.14,0.0,0.1,4352.16,1,2026-02-20 02:00:00+00:00,237.55
Sports,KXNCAAMBTOTAL-26FEB05WIUTNTC,Western Illinois at Tennessee Tech: Total Points,KXNCAAMBTOTAL-26FEB05WIUTNTC-142,Over 142.5 points scored,0.9,0.96,0.93,0.79,0.06,4342.99,1,2026-02-20 01:30:00+00:00,237.05
Sports,KXWOWHOCKEY-26FEB06FRAJPN,France vs Japan,KXWOWHOCKEY-26FEB06FRAJPN-JPN,Japan,0.79,0.87,0.83,0.87,0.08,4340.26,1,2026-02-20 11:10:00+00:00,246.71
Sports,KXNFLCELEBRITYGAME-26,PrizePicks Creator Games Winner,KXNFLCELEBRITYGAME-26-DIEG,Diego,0.01,0.98,0.495,0.02,0.97,4332.17,1,2026-02-20 00:00:00+00:00,235.55
Sports,KXWOWHOCKEY-26FEB06CZECHE,Czech Republic vs Switzerland,KXWOWHOCKEY-26FEB06CZECHE-CZE,Czech Republic,0.51,0.86,0.685,0.87,0.35,4325.6,1,2026-02-20 13:40:00+00:00,249.21
Sports,KXNHLPTS-26FEB05LAVGK,LA Kings at VGK Golden Knights: Points,KXNHLPTS-26FEB05LAVGK-LAAKOPITAR11-1,Anze Kopitar: 1+,0.0,0.41,0.4,0.4,,4288.5,1,2026-02-20 03:00:00+00:00,238.55
Sports,KXNHLPTS-26FEB05LAVGK,LA Kings at VGK Golden Knights: Points,KXNHLPTS-26FEB05LAVGK-LAAKUZMENKO96-1,Andrei Kuzmenko: 1+,0.0,0.41,0.0,0.0,,4281.64,1,2026-02-20 03:00:00+00:00,238.55
Sports,KXWOWHOCKEY-26FEB05FINCAN,Finland vs Canada,KXWOWHOCKEY-26FEB05FINCAN-CAN,Canada,0.63,0.96,0.795,0.62,0.33,4275.88,1,2026-02-19 20:10:00+00:00,231.71
Sports,KXNBASTL-26FEB05GSWPHX,Golden State at Phoenix: Steals,KXNBASTL-26FEB05GSWPHX-GSWDGREEN23-1,Draymond Green: 1+,0.4,0.66,0.53,0.62,0.26,4247.7,1,2026-02-20 03:00:00+00:00,238.55
Sports,KXNHLPTS-26FEB05LAVGK,LA Kings at VGK Golden Knights: Points,KXNHLPTS-26FEB05LAVGK-LAALAFERRIERE14-1,Alex Laferriere: 1+,0.0,0.42,0.0,0.0,,4245.0,1,2026-02-20 03:00:00+00:00,238.55
Sports,KXNHLGOAL-26FEB05LAVGK,LA Kings at VGK Golden Knights: Anytime Goal,KXNHLGOAL-26FEB05LAVGK-VGKSTHEODORE27,Shea Theodore,0.0,0.13,0.12,0.12,,4236.92,1,2026-02-20 03:00:00+00:00,238.55
Sports,KXNHLGOAL-26FEB05LAVGK,LA Kings at VGK Golden Knights: Anytime Goal,KXNHLGOAL-26FEB05LAVGK-LABCLARKE92,Brandt Clarke,0.0,0.11,0.11,0.11,,4225.35,1,2026-02-20 03:00:00+00:00,238.55
Sports,KXNHLGOAL-26FEB05LAVGK,LA Kings at VGK Golden Knights: Anytime Goal,KXNHLGOAL-26FEB05LAVGK-VGKBBOWMAN42,Braeden Bowman,0.0,0.14,0.14,0.14,,4222.78,1,2026-02-20 03:00:00+00:00,238.55
Sports,KXNCAAMBTOTAL-26FEB05USIUTM,Southern Indiana at Tennessee-Martin: Total Points,KXNCAAMBTOTAL-26FEB05USIUTM-130,Over 130.5 points scored,0.29,0.51,0.4,0.42,0.22,4172.36,1,2026-02-20 01:30:00+00:00,237.05
Sports,KXNBASPREAD-26FEB05UTAATL,Utah at Atlanta: Spread,KXNBASPREAD-26FEB05UTAATL-UTA2,Utah wins by over 2.5 Points,0.54,0.63,0.585,0.53,0.09,4103.02,1,2026-02-20 00:30:00+00:00,236.05
Sports,KXNCAAMBTOTAL-26FEB05EWUMONT,Eastern Washington at Montana: Total Points,KXNCAAMBTOTAL-26FEB05EWUMONT-148,Over 148.5 points scored,0.43,0.52,0.475,0.48,0.09,4048.74,1,2026-02-20 02:00:00+00:00,237.55
Sports,KXLOLTOTALMAPS-26FEB06GZCFO,LCP 2026: Ground Zero Gaming vs. CTBC Flying Oyster Total Maps,KXLOLTOTALMAPS-26FEB06GZCFO-3,Over 2.5 maps,0.36,0.4,0.38,0.4,0.04,4029.0,1,2026-02-20 08:30:00+00:00,244.05
Sports,KXNHLPTS-26FEB05LAVGK,LA Kings at VGK Golden Knights: Points,KXNHLPTS-26FEB05LAVGK-VGKMMARNER93-2,Mitch Marner: 2+,0.0,0.32,0.0,0.0,,4019.48,1,2026-02-20 03:00:00+00:00,238.55
Sports,KXNBASPREAD-26FEB05CHAHOU,Charlotte at Houston: Spread,KXNBASPREAD-26FEB05CHAHOU-HOU18,Houston wins by over 18.5 Points,0.01,0.04,0.025,0.01,0.03,3996.48,1,2026-02-20 01:00:00+00:00,236.55
Sports,KXNBAAST-26FEB05PHILAL,Philadelphia at Los Angeles L: Assists,KXNBAAST-26FEB05PHILAL-LALLDONCIC77-10,Luka Dončić: 10+,0.37,0.43,0.4,0.4,0.06,3996.39,1,2026-02-20 03:00:00+00:00,238.55
Sports,KXNCAAMBSPREAD-26FEB05EWUMONT,Eastern Washington at Montana: Spread,KXNCAAMBSPREAD-26FEB05EWUMONT-MONT12,Montana wins by over 12.5 Points,0.13,0.27,0.2,0.31,0.14,3994.36,1,2026-02-20 02:00:00+00:00,237.55
Sports,KXNBATOTAL-26FEB05CHITOR,Chicago at Toronto: Total Points,KXNBATOTAL-26FEB05CHITOR-235,Over 235.5 points scored,0.12,0.2,0.16,0.12,0.08,3993.14,1,2026-02-20 00:30:00+00:00,236.05
Sports,KXNBASTL-26FEB05PHILAL,Philadelphia at Los Angeles L: Steals,KXNBASTL-26FEB05PHILAL-LALLJAMES23-2,LeBron James: 2+,0.01,0.37,0.19,0.35,0.36,3990.26,1,2026-02-20 03:00:00+00:00,238.55
Sports,KXNBABLK-26FEB05PHILAL,Philadelphia at Los Angeles L: Blocks,KXNBABLK-26FEB05PHILAL-LALLJAMES23-2,LeBron James: 2+,0.0,0.25,0.2,0.2,,3977.3,1,2026-02-20 03:00:00+00:00,238.55
Sports,KXNBASPREAD-26FEB05UTAATL,Utah at Atlanta: Spread,KXNBASPREAD-26FEB05UTAATL-ATL7,Atlanta wins by over 7.5 Points,0.04,0.17,0.105,0.04,0.13,3956.47,1,2026-02-20 00:30:00+00:00,236.05
Sports,KXNBAALLSTARS-263PT,Pro Basketball 3-Point Contest Participants?,KXNBAALLSTARS-263PT-KKNU,Kon Knueppel,0.17,1.0,0.585,0.99,0.83,3943.75,1,2026-02-16 03:00:00+00:00,142.55
Sports,KXNCAAMBTOTAL-26FEB05EWUMONT,Eastern Washington at Montana: Total Points,KXNCAAMBTOTAL-26FEB05EWUMONT-145,Over 145.5 points scored,0.53,0.59,0.56,0.59,0.06,3891.61,1,2026-02-20 02:00:00+00:00,237.55
Sports,KXNCAAMBTOTAL-26FEB05USIUTM,Southern Indiana at Tennessee-Martin: Total Points,KXNCAAMBTOTAL-26FEB05USIUTM-127,Over 127.5 points scored,0.35,0.68,0.515,0.52,0.33,3885.51,1,2026-02-20 01:30:00+00:00,237.05
Sports,KXNCAAWBGAME-26FEB05CBUTARL,California Baptist at Tarleton St.,KXNCAAWBGAME-26FEB05CBUTARL-CBU,California Baptist,0.99,1.0,0.995,0.99,0.01,3864.8,1,2026-02-20 01:00:00+00:00,236.55
Sports,KXNHLTOTAL-26FEB05FLATB,Florida at Tampa Bay: Total Points,KXNHLTOTAL-26FEB05FLATB-6,Over 6.5 goals scored,0.19,0.63,0.41,0.18,0.44,3853.54,1,2026-02-20 00:30:00+00:00,236.05
Sports,KXNBASPREAD-26FEB05UTAATL,Utah at Atlanta: Spread,KXNBASPREAD-26FEB05UTAATL-ATL4,Atlanta wins by over 4.5 Points,0.07,0.38,0.225,0.09,0.31,3849.35,1,2026-02-20 00:30:00+00:00,236.05
Sports,KXNBASTL-26FEB05PHILAL,Philadelphia at Los Angeles L: Steals,KXNBASTL-26FEB05PHILAL-LALAREAVES15-2,Austin Reaves: 2+,0.0,0.23,0.23,0.23,,3849.15,1,2026-02-20 03:00:00+00:00,238.55
Sports,KXNCAAMBTOTAL-26FEB05EWUMONT,Eastern Washington at Montana: Total Points,KXNCAAMBTOTAL-26FEB05EWUMONT-151,Over 151.5 points scored,0.34,0.42,0.38,0.43,0.08,3840.73,1,2026-02-20 02:00:00+00:00,237.55
Sports,KXNBA3PT-26FEB05PHILAL,Philadelphia at Los Angeles L: Three Pointers,KXNBA3PT-26FEB05PHILAL-LALLDONCIC77-5,Luka Dončić: 5+,0.25,0.31,0.28,0.29,0.06,3824.66,1,2026-02-20 03:00:00+00:00,238.55
Sports,KXNCAAMBTOTAL-26FEB05ACUVU,Abilene Christian at Utah Valley: Total Points,KXNCAAMBTOTAL-26FEB05ACUVU-134,Over 134.5 points scored,0.14,0.15,0.145,0.2,0.01,3804.1,1,2026-02-20 01:00:00+00:00,236.55
Sports,KXNBAREB-26FEB05PHILAL,Philadelphia at Los Angeles L: Rebounds,KXNBAREB-26FEB05PHILAL-LALLDONCIC77-6,Luka Dončić: 6+,0.75,0.83,0.79,0.83,0.08,3780.9,1,2026-02-20 03:00:00+00:00,238.55
Sports,KXNHLGOAL-26FEB05LAVGK,LA Kings at VGK Golden Knights: Anytime Goal,KXNHLGOAL-26FEB05LAVGK-VGKNHANIFIN15,Noah Hanifin,0.0,0.07,0.07,0.07,,3772.81,1,2026-02-20 03:00:00+00:00,238.55
Sports,KXNHLPTS-26FEB05LAVGK,LA Kings at VGK Golden Knights: Points,KXNHLPTS-26FEB05LAVGK-LAAKEMPE9-2,Adrian Kempe: 2+,0.0,0.23,0.0,0.0,,3754.38,1,2026-02-20 03:00:00+00:00,238.55
Sports,KXNBAALLSTARS-26SDC,Pro Basketball Slam Dunk Contest Participants?,KXNBAALLSTARS-26SDC-VWEM,Victor Wembanyama,0.0,0.6,0.0,0.0,,3740.6,1,2026-02-16 03:00:00+00:00,142.55
Sports,KXLALIGASPREAD-26FEB06RCCOSA,Osasuna at Celta Vigo: Spreads,KXLALIGASPREAD-26FEB06RCCOSA-OSA2,Osasuna wins by over 2.5 goals,0.01,0.03,0.02,0.01,0.02,3716.45,1,2026-02-20 20:00:00+00:00,255.55
Sports,KXNHLAST-26FEB05LAVGK,LA Kings at VGK Golden Knights: Assists,KXNHLAST-26FEB05LAVGK-VGKJEICHEL9-1,Jack Eichel: 1+,0.0,0.66,0.0,0.0,,3714.38,1,2026-02-20 03:00:00+00:00,238.55
Sports,KXNCAAMBTOTAL-26FEB05CITSAM,The Citadel at Samford: Total Points,KXNCAAMBTOTAL-26FEB05CITSAM-145,Over 145.5 points scored,0.47,0.52,0.495,0.69,0.05,3712.61,1,2026-02-20 01:00:00+00:00,236.55
Sports,KXNHLPTS-26FEB05LAVGK,LA Kings at VGK Golden Knights: Points,KXNHLPTS-26FEB05LAVGK-LAKFIALA22-2,Kevin Fiala: 2+,0.0,0.22,0.0,0.0,,3705.76,1,2026-02-20 03:00:00+00:00,238.55
Sports,KXNBASTL-26FEB05PHILAL,Philadelphia at Los Angeles L: Steals,KXNBASTL-26FEB05PHILAL-LALAREAVES15-3,Austin Reaves: 3+,0.0,0.14,0.1,0.1,,3695.0,1,2026-02-20 03:00:00+00:00,238.55
Sports,KXNBASTL-26FEB05GSWPHX,Golden State at Phoenix: Steals,KXNBASTL-26FEB05GSWPHX-GSWDGREEN23-3,Draymond Green: 3+,0.0,0.18,0.0,0.0,,3677.72,1,2026-02-20 03:00:00+00:00,238.55
Sports,KXNCAAMBTOTAL-26FEB05LINWUALR,Lindenwood at Little Rock: Total Points,KXNCAAMBTOTAL-26FEB05LINWUALR-143,Over 143.5 points scored,0.21,0.58,0.395,0.54,0.37,3654.64,1,2026-02-20 01:00:00+00:00,236.55
Sports,KXNBAALLSTARS-26,Pro Basketball All Stars?,KXNBAALLSTARS-26-JHAR,James Harden,0.0,0.07,0.07,0.07,,3627.88,1,2026-02-17 15:00:00+00:00,178.55
Sports,KXNHLPTS-26FEB05LAVGK,LA Kings at VGK Golden Knights: Points,KXNHLPTS-26FEB05LAVGK-VGKJEICHEL9-3,Jack Eichel: 3+,0.0,0.19,0.0,0.0,,3623.6,1,2026-02-20 03:00:00+00:00,238.55
Sports,KXNCAAMBTOTAL-26FEB05LINWUALR,Lindenwood at Little Rock: Total Points,KXNCAAMBTOTAL-26FEB05LINWUALR-146,Over 146.5 points scored,0.26,0.69,0.475,0.26,0.43,3622.45,1,2026-02-20 01:00:00+00:00,236.55
Sports,KXNHLAST-26FEB05LAVGK,LA Kings at VGK Golden Knights: Assists,KXNHLAST-26FEB05LAVGK-VGKMMARNER93-1,Mitch Marner: 1+,0.0,0.58,0.57,0.57,,3621.64,1,2026-02-20 03:00:00+00:00,238.55
Sports,KXNCAAMBTOTAL-26FEB05LINWUALR,Lindenwood at Little Rock: Total Points,KXNCAAMBTOTAL-26FEB05LINWUALR-152,Over 152.5 points scored,0.12,0.44,0.28,0.13,0.32,3609.05,1,2026-02-20 01:00:00+00:00,236.55
Sports,KXNHLPTS-26FEB05LAVGK,LA Kings at VGK Golden Knights: Points,KXNHLPTS-26FEB05LAVGK-VGKPDOROFEYEV16-2,Pavel Dorofeyev: 2+,0.0,0.18,0.0,0.0,,3596.54,1,2026-02-20 03:00:00+00:00,238.55
Sports,KXNBAREB-26FEB05PHILAL,Philadelphia at Los Angeles L: Rebounds,KXNBAREB-26FEB05PHILAL-LALLJAMES23-2,LeBron James: 2+,0.92,0.99,0.955,0.0,0.07,3594.52,1,2026-02-20 03:00:00+00:00,238.55
Sports,KXNCAAMBTOTAL-26FEB05USIUTM,Southern Indiana at Tennessee-Martin: Total Points,KXNCAAMBTOTAL-26FEB05USIUTM-136,Over 136.5 points scored,0.13,0.48,0.305,0.33,0.35,3593.62,1,2026-02-20 01:30:00+00:00,237.05
Sports,KXNBABLK-26FEB05GSWPHX,Golden State at Phoenix: Blocks,KXNBABLK-26FEB05GSWPHX-GSWDGREEN23-3,Draymond Green: 3+,0.0,0.14,0.0,0.0,,3585.63,1,2026-02-20 03:00:00+00:00,238.55
Sports,KXNBA3D-26FEB05PHILAL,Philadelphia at Los Angeles L: Triple Doubles,KXNBA3D-26FEB05PHILAL-LALLJAMES23,LeBron James,0.01,0.04,0.025,0.04,0.03,3577.63,1,2026-02-20 03:00:00+00:00,238.55
Sports,KXNBASTL-26FEB05PHILAL,Philadelphia at Los Angeles L: Steals,KXNBASTL-26FEB05PHILAL-LALLJAMES23-3,LeBron James: 3+,0.0,0.12,0.14,0.14,,3577.51,1,2026-02-20 03:00:00+00:00,238.55
Sports,KXNCAAMBTOTAL-26FEB05EWUMONT,Eastern Washington at Montana: Total Points,KXNCAAMBTOTAL-26FEB05EWUMONT-142,Over 142.5 points scored,0.62,0.67,0.645,0.69,0.05,3573.57,1,2026-02-20 02:00:00+00:00,237.55
Sports,KXNCAAMBTOTAL-26FEB05LINWUALR,Lindenwood at Little Rock: Total Points,KXNCAAMBTOTAL-26FEB05LINWUALR-155,Over 155.5 points scored,0.06,0.43,0.245,0.38,0.37,3551.51,1,2026-02-20 01:00:00+00:00,236.55
Sports,KXNHLSPREAD-26FEB05PITBUF,Pittsburgh at Buffalo: Spread,KXNHLSPREAD-26FEB05PITBUF-BUF2,Buffalo wins by over 2.5 goals,0.0,0.01,0.06,0.06,,3544.67,1,2026-02-20 00:00:00+00:00,235.55
Sports,KXNCAAMBTOTAL-26FEB05UCSBUCD,UC Santa Barbara at UC Davis: Total Points,KXNCAAMBTOTAL-26FEB05UCSBUCD-139,Over 139.5 points scored,0.57,0.94,0.755,0.72,0.37,3541.42,1,2026-02-20 02:00:00+00:00,237.55
Sports,KXNCAAMBTOTAL-26FEB05UCSBUCD,UC Santa Barbara at UC Davis: Total Points,KXNCAAMBTOTAL-26FEB05UCSBUCD-142,Over 142.5 points scored,0.53,0.88,0.705,0.61,0.35,3521.5,1,2026-02-20 02:00:00+00:00,237.55
Sports,KXEKSTRAKLASAGAME-26JAN30RADARK,Radomiak Radom vs Arka Gdynia,KXEKSTRAKLASAGAME-26JAN30RADARK-ARK,Arka Gdynia,0.0,0.03,0.01,0.01,,3519.88,1,2026-02-13 19:30:00+00:00,87.05
Sports,KXNBAALLSTARS-26,Pro Basketball All Stars?,KXNBAALLSTARS-26-KGEO,Keyonte George,0.0,0.19,0.01,0.01,,3518.87,1,2026-02-17 15:00:00+00:00,178.55
Sports,KXNCAAMBTOTAL-26FEB05USIUTM,Southern Indiana at Tennessee-Martin: Total Points,KXNCAAMBTOTAL-26FEB05USIUTM-133,Over 133.5 points scored,0.22,0.25,0.235,0.26,0.03,3517.08,1,2026-02-20 01:30:00+00:00,237.05
Sports,KXNBAPTS-26FEB05GSWPHX,Golden State at Phoenix: Points,KXNBAPTS-26FEB05GSWPHX-GSWDGREEN23-25,Draymond Green: 25+,0.0,0.04,0.0,0.0,,3512.25,1,2026-02-20 03:00:00+00:00,238.55
Sports,KXNHLPTS-26FEB05LAVGK,LA Kings at VGK Golden Knights: Points,KXNHLPTS-26FEB05LAVGK-LACPERRY10-2,Corey Perry: 2+,0.0,0.15,0.0,0.0,,3504.58,1,2026-02-20 03:00:00+00:00,238.55
Sports,KXNCAAMBTOTAL-26FEB05USIUTM,Southern Indiana at Tennessee-Martin: Total Points,KXNCAAMBTOTAL-26FEB05USIUTM-124,Over 124.5 points scored,0.51,0.77,0.64,0.72,0.26,3500.77,1,2026-02-20 01:30:00+00:00,237.05
Sports,KXNHLPTS-26FEB05LAVGK,LA Kings at VGK Golden Knights: Points,KXNHLPTS-26FEB05LAVGK-VGKSTHEODORE27-2,Shea Theodore: 2+,0.0,0.15,0.15,0.15,,3493.81,1,2026-02-20 03:00:00+00:00,238.55
Sports,KXNBAALLSTARS-26,Pro Basketball All Stars?,KXNBAALLSTARS-26-ATHO,Amen Thompson,0.0,0.2,0.09,0.09,,3478.8,1,2026-02-17 15:00:00+00:00,178.55
Sports,KXNCAAMBTOTAL-26FEB05EWUMONT,Eastern Washington at Montana: Total Points,KXNCAAMBTOTAL-26FEB05EWUMONT-154,Over 154.5 points scored,0.31,0.35,0.33,0.36,0.04,3467.95,1,2026-02-20 02:00:00+00:00,237.55
Sports,KXNBABLK-26FEB05PHILAL,Philadelphia at Los Angeles L: Blocks,KXNBABLK-26FEB05PHILAL-LALLJAMES23-3,LeBron James: 3+,0.0,0.2,0.21,0.21,,3467.6,1,2026-02-20 03:00:00+00:00,238.55
Sports,KXNHLPTS-26FEB05LAVGK,LA Kings at VGK Golden Knights: Points,KXNHLPTS-26FEB05LAVGK-VGKIBARBASHEV49-2,Ivan Barbashev: 2+,0.0,0.16,0.0,0.0,,3465.0,1,2026-02-20 03:00:00+00:00,238.55
Sports,KXNBAALLSTARS-263PT,Pro Basketball 3-Point Contest Participants?,KXNBAALLSTARS-263PT-KDUR,Kevin Durant,0.0,0.55,0.0,0.0,,3463.89,1,2026-02-16 03:00:00+00:00,142.55
Sports,KXNHLAST-26FEB05LAVGK,LA Kings at VGK Golden Knights: Assists,KXNHLAST-26FEB05LAVGK-LAAKEMPE9-1,Adrian Kempe: 1+,0.0,0.4,0.0,0.0,,3455.36,1,2026-02-20 03:00:00+00:00,238.55
Sports,KXNHLSPREAD-26FEB05PITBUF,Pittsburgh at Buffalo: Spread,KXNHLSPREAD-26FEB05PITBUF-PIT1,Pittsburgh wins by over 1.5 goals,0.8,0.81,0.805,0.8,0.01,3455.27,1,2026-02-20 00:00:00+00:00,235.55
Sports,KXNHLAST-26FEB05LAVGK,LA Kings at VGK Golden Knights: Assists,KXNHLAST-26FEB05LAVGK-VGKSTHEODORE27-1,Shea Theodore: 1+,0.0,0.4,0.0,0.0,,3451.44,1,2026-02-20 03:00:00+00:00,238.55
Sports,KXNBAALLSTARS-26SDC,Pro Basketball Slam Dunk Contest Participants?,KXNBAALLSTARS-26SDC-EMOB,Evan Mobley,0.0,0.55,0.0,0.0,,3445.75,1,2026-02-16 03:00:00+00:00,142.55
Sports,KXNHLAST-26FEB05LAVGK,LA Kings at VGK Golden Knights: Assists,KXNHLAST-26FEB05LAVGK-LAKFIALA22-1,Kevin Fiala: 1+,0.0,0.39,0.0,0.0,,3440.46,1,2026-02-20 03:00:00+00:00,238.55
Sports,KXNHLAST-26FEB05LAVGK,LA Kings at VGK Golden Knights: Assists,KXNHLAST-26FEB05LAVGK-LABCLARKE92-1,Brandt Clarke: 1+,0.0,0.37,0.0,0.0,,3428.3,1,2026-02-20 03:00:00+00:00,238.55
Sports,KXNBAALLSTARS-26,Pro Basketball All Stars?,KXNBAALLSTARS-26-AREA,Austin Reaves,0.0,0.06,0.06,0.06,,3428.08,1,2026-02-17 15:00:00+00:00,178.55
Sports,KXNHLPTS-26FEB05LAVGK,LA Kings at VGK Golden Knights: Points,KXNHLPTS-26FEB05LAVGK-VGKMMARNER93-3,Mitch Marner: 3+,0.0,0.12,0.0,0.0,,3424.38,1,2026-02-20 03:00:00+00:00,238.55
Sports,KXNHLPTS-26FEB05LAVGK,LA Kings at VGK Golden Knights: Points,KXNHLPTS-26FEB05LAVGK-LABCLARKE92-2,Brandt Clarke: 2+,0.0,0.12,0.0,0.0,,3423.4,1,2026-02-20 03:00:00+00:00,238.55
Sports,KXNCAAMBTOTAL-26FEB05USIUTM,Southern Indiana at Tennessee-Martin: Total Points,KXNCAAMBTOTAL-26FEB05USIUTM-139,Over 139.5 points scored,0.06,0.43,0.245,0.07,0.37,3414.82,1,2026-02-20 01:30:00+00:00,237.05
Sports,KXNHLAST-26FEB05LAVGK,LA Kings at VGK Golden Knights: Assists,KXNHLAST-26FEB05LAVGK-VGKIBARBASHEV49-1,Ivan Barbashev: 1+,0.0,0.36,0.0,0.0,,3410.46,1,2026-02-20 03:00:00+00:00,238.55
Sports,KXNHLPTS-26FEB05LAVGK,LA Kings at VGK Golden Knights: Points,KXNHLPTS-26FEB05LAVGK-LAAKUZMENKO96-2,Andrei Kuzmenko: 2+,0.0,0.11,0.0,0.0,,3395.36,1,2026-02-20 03:00:00+00:00,238.55
Sports,KXWOWHOCKEY-26FEB05FINCAN,Finland vs Canada,KXWOWHOCKEY-26FEB05FINCAN-FIN,Finland,0.03,0.39,0.21,0.41,0.36,3392.39,1,2026-02-19 20:10:00+00:00,231.71
Sports,KXNCAAMBTOTAL-26FEB05LINWUALR,Lindenwood at Little Rock: Total Points,KXNCAAMBTOTAL-26FEB05LINWUALR-140,Over 140.5 points scored,0.47,0.68,0.575,0.5,0.21,3388.12,1,2026-02-20 01:00:00+00:00,236.55
Sports,KXNCAAMBTOTAL-26FEB05UCSBUCD,UC Santa Barbara at UC Davis: Total Points,KXNCAAMBTOTAL-26FEB05UCSBUCD-154,Over 154.5 points scored,0.23,0.66,0.445,0.46,0.43,3383.82,1,2026-02-20 02:00:00+00:00,237.55
Sports,KXNHLPTS-26FEB05LAVGK,LA Kings at VGK Golden Knights: Points,KXNHLPTS-26FEB05LAVGK-LAQBYFIELD55-2,Quinton Byfield: 2+,0.0,0.12,0.12,0.12,,3382.66,1,2026-02-20 03:00:00+00:00,238.55
Sports,KXNBAALLSTARS-26,Pro Basketball All Stars?,KXNBAALLSTARS-26-EMOB,Evan Mobley,0.0,0.12,0.01,0.01,,3369.0,1,2026-02-17 15:00:00+00:00,178.55
Sports,KXNCAAMBTOTAL-26FEB05USIUTM,Southern Indiana at Tennessee-Martin: Total Points,KXNCAAMBTOTAL-26FEB05USIUTM-121,Over 121.5 points scored,0.56,0.87,0.715,0.85,0.31,3368.8,1,2026-02-20 01:30:00+00:00,237.05
Sports,KXNHLAST-26FEB05LAVGK,LA Kings at VGK Golden Knights: Assists,KXNHLAST-26FEB05LAVGK-LACPERRY10-1,Corey Perry: 1+,0.0,0.32,0.0,0.0,,3363.6,1,2026-02-20 03:00:00+00:00,238.55
Sports,KXNHLPTS-26FEB05LAVGK,LA Kings at VGK Golden Knights: Points,KXNHLPTS-26FEB05LAVGK-LAALAFERRIERE14-2,Alex Laferriere: 2+,0.0,0.12,0.0,0.0,,3345.0,1,2026-02-20 03:00:00+00:00,238.55
Sports,KXNCAAMBSPREAD-26FEB05NEOMUND,Omaha at North Dakota: Spread,KXNCAAMBSPREAD-26FEB05NEOMUND-NEOM8,Omaha wins by over 8.5 Points,0.11,0.22,0.165,0.48,0.11,3341.79,1,2026-02-20 01:00:00+00:00,236.55
Sports,KXNHLAST-26FEB05LAVGK,LA Kings at VGK Golden Knights: Assists,KXNHLAST-26FEB05LAVGK-LAQBYFIELD55-1,Quinton Byfield: 1+,0.0,0.3,0.0,0.0,,3339.68,1,2026-02-20 03:00:00+00:00,238.55
Sports,KXNHLAST-26FEB05LAVGK,LA Kings at VGK Golden Knights: Assists,KXNHLAST-26FEB05LAVGK-LAAKOPITAR11-1,Anze Kopitar: 1+,0.0,0.29,0.0,0.0,,3333.6,1,2026-02-20 03:00:00+00:00,238.55
Sports,KXVALORANTMAP-26FEB06NAVITH-1,VCT EMEA Kickoff 2026: Natus Vincere vs. Team Heretics Map 1,KXVALORANTMAP-26FEB06NAVITH-1-TH,Team Heretics,0.52,0.56,0.54,0.0,0.04,3329.84,1,2026-02-20 16:00:00+00:00,251.55
Sports,KXNCAAMBTOTAL-26FEB05LINWUALR,Lindenwood at Little Rock: Total Points,KXNCAAMBTOTAL-26FEB05LINWUALR-149,Over 149.5 points scored,0.21,0.39,0.3,0.12,0.18,3321.65,1,2026-02-20 01:00:00+00:00,236.55
Sports,KXNHLAST-26FEB05LAVGK,LA Kings at VGK Golden Knights: Assists,KXNHLAST-26FEB05LAVGK-VGKJEICHEL9-2,Jack Eichel: 2+,0.0,0.28,0.0,0.0,,3321.64,1,2026-02-20 03:00:00+00:00,238.55
Sports,KXNCAAMBTOTAL-26FEB05UCSBUCD,UC Santa Barbara at UC Davis: Total Points,KXNCAAMBTOTAL-26FEB05UCSBUCD-145,Over 145.5 points scored,0.47,0.85,0.66,0.46,0.38,3320.88,1,2026-02-20 02:00:00+00:00,237.55
Sports,KXNHLPTS-26FEB05LAVGK,LA Kings at VGK Golden Knights: Points,KXNHLPTS-26FEB05LAVGK-LAAKOPITAR11-2,Anze Kopitar: 2+,0.0,0.11,0.0,0.0,,3315.0,1,2026-02-20 03:00:00+00:00,238.55
Sports,KXNHLAST-26FEB05LAVGK,LA Kings at VGK Golden Knights: Assists,KXNHLAST-26FEB05LAVGK-VGKPDOROFEYEV16-1,Pavel Dorofeyev: 1+,0.0,0.34,0.0,0.0,,3315.0,1,2026-02-20 03:00:00+00:00,238.55
Sports,KXVALORANTMAP-26FEB06NAVITH-1,VCT EMEA Kickoff 2026: Natus Vincere vs. Team Heretics Map 1,KXVALORANTMAP-26FEB06NAVITH-1-NAVI,Natus Vincere,0.44,0.48,0.46,0.0,0.04,3310.9,1,2026-02-20 16:00:00+00:00,251.55
Sports,KXVALORANTMAP-26FEB06NAVITH-2,VCT EMEA Kickoff 2026: Natus Vincere vs. Team Heretics Map 2,KXVALORANTMAP-26FEB06NAVITH-2-TH,Team Heretics,0.52,0.56,0.54,0.0,0.04,3307.96,1,2026-02-20 16:00:00+00:00,251.55
Sports,KXVALORANTMAP-26FEB06NAVITH-2,VCT EMEA Kickoff 2026: Natus Vincere vs. Team Heretics Map 2,KXVALORANTMAP-26FEB06NAVITH-2-NAVI,Natus Vincere,0.44,0.48,0.46,0.0,0.04,3305.02,1,2026-02-20 16:00:00+00:00,251.55
Sports,KXNCAAMBTOTAL-26FEB05USIUTM,Southern Indiana at Tennessee-Martin: Total Points,KXNCAAMBTOTAL-26FEB05USIUTM-118,Over 118.5 points scored,0.61,0.93,0.77,0.0,0.32,3303.19,1,2026-02-20 01:30:00+00:00,237.05
Sports,KXNHLAST-26FEB05LAVGK,LA Kings at VGK Golden Knights: Assists,KXNHLAST-26FEB05LAVGK-LAAKUZMENKO96-1,Andrei Kuzmenko: 1+,0.0,0.26,0.0,0.0,,3302.62,1,2026-02-20 03:00:00+00:00,238.55
Sports,KXNHLAST-26FEB05LAVGK,LA Kings at VGK Golden Knights: Assists,KXNHLAST-26FEB05LAVGK-LAALAFERRIERE14-1,Alex Laferriere: 1+,0.0,0.26,0.0,0.0,,3301.64,1,2026-02-20 03:00:00+00:00,238.55
Sports,KXNBA3PT-26FEB05PHILAL,Philadelphia at Los Angeles L: Three Pointers,KXNBA3PT-26FEB05PHILAL-LALLJAMES23-5,LeBron James: 5+,0.0,0.03,0.05,0.05,,3281.91,1,2026-02-20 03:00:00+00:00,238.55
Sports,KXNBATOTAL-26FEB05CHITOR,Chicago at Toronto: Total Points,KXNBATOTAL-26FEB05CHITOR-232,Over 232.5 points scored,0.15,0.18,0.165,0.19,0.03,3274.66,1,2026-02-20 00:30:00+00:00,236.05
Sports,KXNBATOTAL-26FEB05CHAHOU,Charlotte at Houston: Total Points,KXNBATOTAL-26FEB05CHAHOU-202,Over 202.5 points scored,0.77,1.0,0.885,0.99,0.23,3270.87,1,2026-02-20 01:00:00+00:00,236.55
Sports,KXNHLAST-26FEB05LAVGK,LA Kings at VGK Golden Knights: Assists,KXNHLAST-26FEB05LAVGK-VGKMMARNER93-2,Mitch Marner: 2+,0.0,0.21,0.0,0.0,,3267.32,1,2026-02-20 03:00:00+00:00,238.55
Sports,KXNBAALLSTARS-26,Pro Basketball All Stars?,KXNBAALLSTARS-26-ZLAV,Zach LaVine,0.0,0.04,0.03,0.03,,3258.19,1,2026-02-17 15:00:00+00:00,178.55
Sports,KXNBAAST-26FEB05PHILAL,Philadelphia at Los Angeles L: Assists,KXNBAAST-26FEB05PHILAL-LALAREAVES15-8,Austin Reaves: 8+,0.0,0.05,0.05,0.05,,3252.85,1,2026-02-20 03:00:00+00:00,238.55
Sports,KXNHLPTS-26FEB05LAVGK,LA Kings at VGK Golden Knights: Points,KXNHLPTS-26FEB05LAVGK-LAAKEMPE9-3,Adrian Kempe: 3+,0.0,0.07,0.0,0.0,,3252.09,1,2026-02-20 03:00:00+00:00,238.55
Sports,KXNCAAMBTOTAL-26FEB05UCSBUCD,UC Santa Barbara at UC Davis: Total Points,KXNCAAMBTOTAL-26FEB05UCSBUCD-151,Over 151.5 points scored,0.44,0.49,0.465,0.32,0.05,3242.17,1,2026-02-20 02:00:00+00:00,237.55
Sports,KXNHLPTS-26FEB05LAVGK,LA Kings at VGK Golden Knights: Points,KXNHLPTS-26FEB05LAVGK-VGKSTHEODORE27-3,Shea Theodore: 3+,0.0,0.06,0.0,0.0,,3239.48,1,2026-02-20 03:00:00+00:00,238.55
Sports,KXNHLPTS-26FEB05LAVGK,LA Kings at VGK Golden Knights: Points,KXNHLPTS-26FEB05LAVGK-LACPERRY10-3,Corey Perry: 3+,0.0,0.06,0.0,0.0,,3234.58,1,2026-02-20 03:00:00+00:00,238.55
Sports,KXNHLPTS-26FEB05LAVGK,LA Kings at VGK Golden Knights: Points,KXNHLPTS-26FEB05LAVGK-VGKIBARBASHEV49-3,Ivan Barbashev: 3+,0.0,0.05,0.0,0.0,,3231.66,1,2026-02-20 03:00:00+00:00,238.55
Sports,KXNCAAMBTOTAL-26FEB05NEOMUND,Omaha at North Dakota: Total Points,KXNCAAMBTOTAL-26FEB05NEOMUND-155,Over 155.5 points scored,0.02,0.07,0.045,0.3,0.05,3230.2,1,2026-02-20 01:00:00+00:00,236.55
Sports,KXNCAAMBTOTAL-26FEB05ACUVU,Abilene Christian at Utah Valley: Total Points,KXNCAAMBTOTAL-26FEB05ACUVU-131,Over 131.5 points scored,0.09,0.26,0.175,0.28,0.17,3227.07,1,2026-02-20 01:00:00+00:00,236.55
Sports,KXNHLSPREAD-26FEB05PITBUF,Pittsburgh at Buffalo: Spread,KXNHLSPREAD-26FEB05PITBUF-PIT2,Pittsburgh wins by over 2.5 goals,0.12,0.61,0.365,0.1,0.49,3211.29,1,2026-02-20 00:00:00+00:00,235.55
Sports,KXNCAAMBTOTAL-26FEB05UCSBUCD,UC Santa Barbara at UC Davis: Total Points,KXNCAAMBTOTAL-26FEB05UCSBUCD-148,Over 148.5 points scored,0.54,0.59,0.565,0.53,0.05,3209.75,1,2026-02-20 02:00:00+00:00,237.55
Sports,KXNHLPTS-26FEB05LAVGK,LA Kings at VGK Golden Knights: Points,KXNHLPTS-26FEB05LAVGK-LAKFIALA22-3,Kevin Fiala: 3+,0.0,0.06,0.0,0.0,,3199.26,1,2026-02-20 03:00:00+00:00,238.55
Sports,KXNCAAMBTOTAL-26FEB05NEOMUND,Omaha at North Dakota: Total Points,KXNCAAMBTOTAL-26FEB05NEOMUND-152,Over 152.5 points scored,0.04,0.09,0.065,0.09,0.05,3185.33,1,2026-02-20 01:00:00+00:00,236.55
Sports,KXNHLPTS-26FEB05LAVGK,LA Kings at VGK Golden Knights: Points,KXNHLPTS-26FEB05LAVGK-LAQBYFIELD55-3,Quinton Byfield: 3+,0.0,0.04,0.0,0.0,,3184.99,1,2026-02-20 03:00:00+00:00,238.55
Sports,KXNHLPTS-26FEB05LAVGK,LA Kings at VGK Golden Knights: Points,KXNHLPTS-26FEB05LAVGK-LAAKUZMENKO96-3,Andrei Kuzmenko: 3+,0.0,0.04,0.0,0.0,,3181.63,1,2026-02-20 03:00:00+00:00,238.55
Sports,KXNHLPTS-26FEB05LAVGK,LA Kings at VGK Golden Knights: Points,KXNHLPTS-26FEB05LAVGK-LAALAFERRIERE14-3,Alex Laferriere: 3+,0.0,0.04,0.0,0.0,,3178.5,1,2026-02-20 03:00:00+00:00,238.55
Sports,KXNHLPTS-26FEB05LAVGK,LA Kings at VGK Golden Knights: Points,KXNHLPTS-26FEB05LAVGK-LAAKOPITAR11-3,Anze Kopitar: 3+,0.0,0.04,0.0,0.0,,3178.5,1,2026-02-20 03:00:00+00:00,238.55
Sports,KXNBAALLSTARS-26,Pro Basketball All Stars?,KXNBAALLSTARS-26-OANU,OG Anunoby,0.0,0.05,0.02,0.02,,3174.69,1,2026-02-17 15:00:00+00:00,178.55
Sports,KXNHLPTS-26FEB05LAVGK,LA Kings at VGK Golden Knights: Points,KXNHLPTS-26FEB05LAVGK-LABCLARKE92-3,Brandt Clarke: 3+,0.0,0.03,0.0,0.0,,3173.19,1,2026-02-20 03:00:00+00:00,238.55
Sports,KXNHLAST-26FEB05LAVGK,LA Kings at VGK Golden Knights: Assists,KXNHLAST-26FEB05LAVGK-VGKSTHEODORE27-2,Shea Theodore: 2+,0.0,0.11,0.0,0.0,,3169.28,1,2026-02-20 03:00:00+00:00,238.55
Sports,KXNHLPTS-26FEB05LAVGK,LA Kings at VGK Golden Knights: Points,KXNHLPTS-26FEB05LAVGK-VGKPDOROFEYEV16-3,Pavel Dorofeyev: 3+,0.0,0.05,0.0,0.0,,3169.15,1,2026-02-20 03:00:00+00:00,238.55
Sports,KXNHLTOTAL-26FEB05NSHWSH,Nashville at Washington: Total Points,KXNHLTOTAL-26FEB05NSHWSH-7,Over 7.5 goals scored,0.13,0.35,0.24,0.12,0.22,3162.76,1,2026-02-20 00:00:00+00:00,235.55
Sports,KXNHLAST-26FEB05LAVGK,LA Kings at VGK Golden Knights: Assists,KXNHLAST-26FEB05LAVGK-LAKFIALA22-2,Kevin Fiala: 2+,0.0,0.1,0.0,0.0,,3153.4,1,2026-02-20 03:00:00+00:00,238.55
Sports,KXNHLAST-26FEB05LAVGK,LA Kings at VGK Golden Knights: Assists,KXNHLAST-26FEB05LAVGK-LAAKEMPE9-2,Adrian Kempe: 2+,0.0,0.11,0.0,0.0,,3150.66,1,2026-02-20 03:00:00+00:00,238.55
Sports,KXNHLAST-26FEB05LAVGK,LA Kings at VGK Golden Knights: Assists,KXNHLAST-26FEB05LAVGK-VGKIBARBASHEV49-2,Ivan Barbashev: 2+,0.0,0.09,0.0,0.0,,3141.44,1,2026-02-20 03:00:00+00:00,238.55
Sports,KXNHLAST-26FEB05LAVGK,LA Kings at VGK Golden Knights: Assists,KXNHLAST-26FEB05LAVGK-LABCLARKE92-2,Brandt Clarke: 2+,0.0,0.09,0.0,0.0,,3139.48,1,2026-02-20 03:00:00+00:00,238.55
Sports,KXNHLAST-26FEB05LAVGK,LA Kings at VGK Golden Knights: Assists,KXNHLAST-26FEB05LAVGK-LACPERRY10-2,Corey Perry: 2+,0.0,0.08,0.0,0.0,,3134.38,1,2026-02-20 03:00:00+00:00,238.55
Sports,KXNHLAST-26FEB05LAVGK,LA Kings at VGK Golden Knights: Assists,KXNHLAST-26FEB05LAVGK-VGKPDOROFEYEV16-2,Pavel Dorofeyev: 2+,0.0,0.08,0.0,0.0,,3132.42,1,2026-02-20 03:00:00+00:00,238.55
Sports,KXNHLAST-26FEB05LAVGK,LA Kings at VGK Golden Knights: Assists,KXNHLAST-26FEB05LAVGK-LAQBYFIELD55-2,Quinton Byfield: 2+,0.0,0.07,0.0,0.0,,3120.46,1,2026-02-20 03:00:00+00:00,238.55
Sports,KXNCAAMBTOTAL-26FEB05LINWUALR,Lindenwood at Little Rock: Total Points,KXNCAAMBTOTAL-26FEB05LINWUALR-137,Over 137.5 points scored,0.71,0.88,0.795,0.63,0.17,3112.38,1,2026-02-20 01:00:00+00:00,236.55
Sports,KXATPCHALLENGERMATCH-26FEB06MAELOF,Maestrelli vs Loffhagen,KXATPCHALLENGERMATCH-26FEB06MAELOF-MAE,Francesco Maestrelli,0.49,0.55,0.52,0.0,0.06,3109.88,1,2026-02-20 14:30:00+00:00,250.05
Sports,KXATPCHALLENGERMATCH-26FEB06MAELOF,Maestrelli vs Loffhagen,KXATPCHALLENGERMATCH-26FEB06MAELOF-LOF,George Loffhagen,0.45,0.51,0.48,0.0,0.06,3109.88,1,2026-02-20 14:30:00+00:00,250.05
Sports,KXNCAAMBTOTAL-26FEB05NEOMUND,Omaha at North Dakota: Total Points,KXNCAAMBTOTAL-26FEB05NEOMUND-158,Over 158.5 points scored,0.02,0.06,0.04,0.0,0.04,3099.68,1,2026-02-20 01:00:00+00:00,236.55
Sports,KXNBATOTAL-26FEB05CHITOR,Chicago at Toronto: Total Points,KXNBATOTAL-26FEB05CHITOR-226,Over 226.5 points scored,0.75,0.89,0.82,0.75,0.14,3095.84,1,2026-02-20 00:30:00+00:00,236.05
Sports,KXNHLFIRSTGOAL-26FEB05LAVGK,LA Kings at VGK Golden Knights: First Goal,KXNHLFIRSTGOAL-26FEB05LAVGK-VGKMMARNER93,Mitch Marner,0.0,0.07,0.07,0.07,,3065.38,1,2026-02-20 03:00:00+00:00,238.55
Sports,KXNBATOTAL-26FEB05CHITOR,Chicago at Toronto: Total Points,KXNBATOTAL-26FEB05CHITOR-229,Over 229.5 points scored,0.26,0.42,0.34,0.69,0.16,3062.62,1,2026-02-20 00:30:00+00:00,236.05
Sports,KXNHLFIRSTGOAL-26FEB05LAVGK,LA Kings at VGK Golden Knights: First Goal,KXNHLFIRSTGOAL-26FEB05LAVGK-LABCLARKE92,Brandt Clarke,0.0,0.03,0.03,0.03,,3052.99,1,2026-02-20 03:00:00+00:00,238.55
Sports,KXNHLFIRSTGOAL-26FEB05LAVGK,LA Kings at VGK Golden Knights: First Goal,KXNHLFIRSTGOAL-26FEB05LAVGK-LACPERRY10,Corey Perry,0.0,0.05,0.06,0.06,,3046.93,1,2026-02-20 03:00:00+00:00,238.55
Sports,KXNHLFIRSTGOAL-26FEB05LAVGK,LA Kings at VGK Golden Knights: First Goal,KXNHLFIRSTGOAL-26FEB05LAVGK-VGKSTHEODORE27,Shea Theodore,0.0,0.03,0.03,0.03,,3044.95,1,2026-02-20 03:00:00+00:00,238.55
Sports,KXNHLFIRSTGOAL-26FEB05LAVGK,LA Kings at VGK Golden Knights: First Goal,KXNHLFIRSTGOAL-26FEB05LAVGK-LAQBYFIELD55,Quinton Byfield,0.0,0.05,0.0,0.0,,3042.28,1,2026-02-20 03:00:00+00:00,238.55
Sports,KXNHLFIRSTGOAL-26FEB05LAVGK,LA Kings at VGK Golden Knights: First Goal,KXNHLFIRSTGOAL-26FEB05LAVGK-LAAKEMPE9,Adrian Kempe,0.0,0.07,0.07,0.07,,3028.42,1,2026-02-20 03:00:00+00:00,238.55
Sports,KXNHLFIRSTGOAL-26FEB05LAVGK,LA Kings at VGK Golden Knights: First Goal,KXNHLFIRSTGOAL-26FEB05LAVGK-VGKJEICHEL9,Jack Eichel,0.0,0.08,0.08,0.08,,3025.98,1,2026-02-20 03:00:00+00:00,238.55
Sports,KXNBAAST-26FEB05PHILAL,Philadelphia at Los Angeles L: Assists,KXNBAAST-26FEB05PHILAL-LALAREAVES15-10,Austin Reaves: 10+,0.0,0.04,0.05,0.05,,3021.72,1,2026-02-20 03:00:00+00:00,238.55
Sports,KXNBASPREAD-26FEB05UTAATL,Utah at Atlanta: Spread,KXNBASPREAD-26FEB05UTAATL-ATL1,Atlanta wins by over 1.5 Points,0.22,0.4,0.31,0.47,0.18,3021.19,1,2026-02-20 00:30:00+00:00,236.05
Sports,KXNHLFIRSTGOAL-26FEB05LAVGK,LA Kings at VGK Golden Knights: First Goal,KXNHLFIRSTGOAL-26FEB05LAVGK-VGKTHERTL48,Tomas Hertl,0.0,0.06,0.06,0.06,,3011.43,1,2026-02-20 03:00:00+00:00,238.55
Sports,KXNHLFIRSTGOAL-26FEB05LAVGK,LA Kings at VGK Golden Knights: First Goal,KXNHLFIRSTGOAL-26FEB05LAVGK-LAKFIALA22,Kevin Fiala,0.0,0.06,0.06,0.06,,3002.48,1,2026-02-20 03:00:00+00:00,238.55
Sports,KXNBA3D-26FEB05GSWPHX,Golden State at Phoenix: Triple Doubles,KXNBA3D-26FEB05GSWPHX-GSWDGREEN23,Draymond Green,0.0,0.02,0.02,0.02,,2993.13,1,2026-02-20 03:00:00+00:00,238.55
Sports,KXNHLFIRSTGOAL-26FEB05LAVGK,LA Kings at VGK Golden Knights: First Goal,KXNHLFIRSTGOAL-26FEB05LAVGK-VGKIBARBASHEV49,Ivan Barbashev,0.0,0.05,0.05,0.05,,2976.36,1,2026-02-20 03:00:00+00:00,238.55
Sports,KXNHLFIRSTGOAL-26FEB05LAVGK,LA Kings at VGK Golden Knights: First Goal,KXNHLFIRSTGOAL-26FEB05LAVGK-LAALAFERRIERE14,Alex Laferriere,0.0,0.05,0.05,0.05,,2973.19,1,2026-02-20 03:00:00+00:00,238.55
Sports,KXNHLFIRSTGOAL-26FEB05LAVGK,LA Kings at VGK Golden Knights: First Goal,KXNHLFIRSTGOAL-26FEB05LAVGK-VGKPDOROFEYEV16,Pavel Dorofeyev,0.0,0.07,0.07,0.07,,2965.91,1,2026-02-20 03:00:00+00:00,238.55
Sports,KXNBASPREAD-26FEB05UTAATL,Utah at Atlanta: Spread,KXNBASPREAD-26FEB05UTAATL-UTA5,Utah wins by over 5.5 Points,0.03,0.41,0.22,0.05,0.38,2964.02,1,2026-02-20 00:30:00+00:00,236.05
Sports,KXNHLFIRSTGOAL-26FEB05LAVGK,LA Kings at VGK Golden Knights: First Goal,KXNHLFIRSTGOAL-26FEB05LAVGK-LAAKUZMENKO96,Andrei Kuzmenko,0.0,0.05,0.05,0.05,,2952.59,1,2026-02-20 03:00:00+00:00,238.55
Sports,KXNCAAMBTOTAL-26FEB05LINWUALR,Lindenwood at Little Rock: Total Points,KXNCAAMBTOTAL-26FEB05LINWUALR-158,Over 158.5 points scored,0.04,0.38,0.21,0.0,0.34,2941.82,1,2026-02-20 01:00:00+00:00,236.55
Sports,KXNHLFIRSTGOAL-26FEB05LAVGK,LA Kings at VGK Golden Knights: First Goal,KXNHLFIRSTGOAL-26FEB05LAVGK-LAAKOPITAR11,Anze Kopitar,0.0,0.04,0.04,0.04,,2909.2,1,2026-02-20 03:00:00+00:00,238.55
Sports,KXNBATOTAL-26FEB05CHITOR,Chicago at Toronto: Total Points,KXNBATOTAL-26FEB05CHITOR-223,Over 223.5 points scored,0.59,0.99,0.79,0.58,0.4,2873.82,1,2026-02-20 00:30:00+00:00,236.05
Sports,KXNHLFIRSTGOAL-26FEB05LAVGK,LA Kings at VGK Golden Knights: First Goal,KXNHLFIRSTGOAL-26FEB05LAVGK-VGKBBOWMAN42,Braeden Bowman,0.0,0.03,0.03,0.03,,2859.74,1,2026-02-20 03:00:00+00:00,238.55
Sports,KXNCAAMBTOTAL-26FEB05LINWUALR,Lindenwood at Little Rock: Total Points,KXNCAAMBTOTAL-26FEB05LINWUALR-161,Over 161.5 points scored,0.02,0.3,0.16,0.0,0.28,2856.53,1,2026-02-20 01:00:00+00:00,236.55
Sports,KXWOWHOCKEY-26FEB06CZECHE,Czech Republic vs Switzerland,KXWOWHOCKEY-26FEB06CZECHE-CHE,Switzerland,0.08,0.45,0.265,0.47,0.37,2849.49,1,2026-02-20 13:40:00+00:00,249.21
Sports,KXNCAAMBTOTAL-26FEB05USIUTM,Southern Indiana at Tennessee-Martin: Total Points,KXNCAAMBTOTAL-26FEB05USIUTM-142,Over 142.5 points scored,0.04,0.38,0.21,0.14,0.34,2843.73,1,2026-02-20 01:30:00+00:00,237.05
Sports,KXNCAAMBSPREAD-26FEB05LINWUALR,Lindenwood at Little Rock: Spread,KXNCAAMBSPREAD-26FEB05LINWUALR-LINW4,Lindenwood wins by over 4.5 Points,0.21,0.65,0.43,0.01,0.44,2837.17,1,2026-02-20 01:00:00+00:00,236.55
Sports,KXNCAAMBTOTAL-26FEB05CITSAM,The Citadel at Samford: Total Points,KXNCAAMBTOTAL-26FEB05CITSAM-151,Over 151.5 points scored,0.03,0.19,0.11,0.13,0.16,2831.79,1,2026-02-20 01:00:00+00:00,236.55
Sports,KXSOCCERTRANSFER-26,Who will leave their club during the winter transfer window?,KXSOCCERTRANSFER-26-RSTE,Raheem Sterling,0.99,1.0,0.995,0.0,0.01,2827.77,1,2026-02-12 04:59:00+00:00,48.53
Sports,KXNBATOTAL-26FEB05UTAATL,Utah at Atlanta: Total Points,KXNBATOTAL-26FEB05UTAATL-234,Over 234.5 points scored,0.88,0.97,0.925,0.88,0.09,2821.91,1,2026-02-20 00:30:00+00:00,236.05
Sports,KXNHLFIRSTGOAL-26FEB05LAVGK,LA Kings at VGK Golden Knights: First Goal,KXNHLFIRSTGOAL-26FEB05LAVGK-VGKNHANIFIN15,Noah Hanifin,0.0,0.02,0.02,0.02,,2803.46,1,2026-02-20 03:00:00+00:00,238.55
Sports,KXNCAAMBTOTAL-26FEB05ACUVU,Abilene Christian at Utah Valley: Total Points,KXNCAAMBTOTAL-26FEB05ACUVU-137,Over 137.5 points scored,0.04,0.07,0.055,0.09,0.03,2788.71,1,2026-02-20 01:00:00+00:00,236.55
Sports,KXNCAAMBSPREAD-26FEB05LINWUALR,Lindenwood at Little Rock: Spread,KXNCAAMBSPREAD-26FEB05LINWUALR-LINW1,Lindenwood wins by over 1.5 Points,0.33,0.75,0.54,0.43,0.42,2786.2,1,2026-02-20 01:00:00+00:00,236.55
Sports,KXNHLSPREAD-26FEB05NSHWSH,Nashville at Washington: Spread,KXNHLSPREAD-26FEB05NSHWSH-WSH1,Washington wins by over 1.5 goals,0.82,0.93,0.875,0.81,0.11,2755.78,1,2026-02-20 00:00:00+00:00,235.55
Sports,KXNCAAMBTOTAL-26FEB05EIUTNST,Eastern Illinois at Tennessee St.: Total Points,KXNCAAMBTOTAL-26FEB05EIUTNST-160,Over 160.5 points scored,0.02,0.09,0.055,0.0,0.07,2713.44,1,2026-02-20 01:30:00+00:00,237.05
Sports,KXNCAAMBTOTAL-26FEB05CITSAM,The Citadel at Samford: Total Points,KXNCAAMBTOTAL-26FEB05CITSAM-142,Over 142.5 points scored,0.73,0.8,0.765,0.57,0.07,2661.44,1,2026-02-20 01:00:00+00:00,236.55
Sports,KXNBABLK-26FEB05GSWPHX,Golden State at Phoenix: Blocks,KXNBABLK-26FEB05GSWPHX-GSWDGREEN23-2,Draymond Green: 2+,0.0,0.21,0.21,0.21,,2644.75,1,2026-02-20 03:00:00+00:00,238.55
Sports,KXNCAAMBTOTAL-26FEB05USIUTM,Southern Indiana at Tennessee-Martin: Total Points,KXNCAAMBTOTAL-26FEB05USIUTM-145,Over 145.5 points scored,0.02,0.29,0.155,0.25,0.27,2635.96,1,2026-02-20 01:30:00+00:00,237.05
Sports,KXWOCURLGAME-26FEB06KORGBR,Korea Republic vs Great Britain,KXWOCURLGAME-26FEB06KORGBR-KOR,Korea Republic,0.01,0.95,0.48,0.0,0.94,2618.94,1,2026-02-20 13:35:00+00:00,249.13
Sports,KXNCAAMBSPREAD-26FEB05LINWUALR,Lindenwood at Little Rock: Spread,KXNCAAMBSPREAD-26FEB05LINWUALR-LINW7,Lindenwood wins by over 7.5 Points,0.09,0.4,0.245,0.0,0.31,2603.19,1,2026-02-20 01:00:00+00:00,236.55
Sports,KXNCAAMBSPREAD-26FEB05EIUTNST,Eastern Illinois at Tennessee St.: Spread,KXNCAAMBSPREAD-26FEB05EIUTNST-TNST19,Tennessee St. wins by over 19.5 Points,0.03,0.08,0.055,0.0,0.05,2589.92,1,2026-02-20 01:30:00+00:00,237.05
Sports,KXNCAAMBTOTAL-26FEB05CITSAM,The Citadel at Samford: Total Points,KXNCAAMBTOTAL-26FEB05CITSAM-148,Over 148.5 points scored,0.26,0.32,0.29,0.37,0.06,2547.18,1,2026-02-20 01:00:00+00:00,236.55
Sports,KXNBAAST-26FEB05PHILAL,Philadelphia at Los Angeles L: Assists,KXNBAAST-26FEB05PHILAL-PHITMAXEY0-12,Tyrese Maxey: 12+,0.0,0.1,0.07,0.07,,2526.74,1,2026-02-20 03:00:00+00:00,238.55
Sports,KXNCAAWBGAME-26FEB05SDAKDEN,South Dakota at Denver,KXNCAAWBGAME-26FEB05SDAKDEN-SDAK,South Dakota,0.99,1.0,0.995,0.99,0.01,2521.18,1,2026-02-20 01:00:00+00:00,236.55
Sports,KXNBA3PT-26FEB05PHILAL,Philadelphia at Los Angeles L: Three Pointers,KXNBA3PT-26FEB05PHILAL-PHITMAXEY0-6,Tyrese Maxey: 6+,0.0,0.15,0.0,0.0,,2493.84,1,2026-02-20 03:00:00+00:00,238.55
Sports,KXNBAREB-26FEB05PHILAL,Philadelphia at Los Angeles L: Rebounds,KXNBAREB-26FEB05PHILAL-LALLDONCIC77-4,Luka Dončić: 4+,0.89,0.98,0.935,0.92,0.09,2477.0,1,2026-02-20 03:00:00+00:00,238.55
Sports,KXNBAAST-26FEB05PHILAL,Philadelphia at Los Angeles L: Assists,KXNBAAST-26FEB05PHILAL-LALLJAMES23-12,LeBron James: 12+,0.0,0.07,0.0,0.0,,2460.78,1,2026-02-20 03:00:00+00:00,238.55
Sports,KXNHLTOTAL-26FEB05PITBUF,Pittsburgh at Buffalo: Total Points,KXNHLTOTAL-26FEB05PITBUF-7,Over 7.5 goals scored,0.02,0.05,0.035,0.05,0.03,2423.81,1,2026-02-20 00:00:00+00:00,235.55
Sports,KXNBASPREAD-26FEB05CHAHOU,Charlotte at Houston: Spread,KXNBASPREAD-26FEB05CHAHOU-HOU9,Houston wins by over 9.5 Points,0.01,0.04,0.025,0.03,0.03,2397.34,1,2026-02-20 01:00:00+00:00,236.55
Sports,KXNBA2D-26FEB05PHILAL,Philadelphia at Los Angeles L: Double Doubles,KXNBA2D-26FEB05PHILAL-LALAREAVES15,Austin Reaves,0.0,0.03,0.03,0.03,,2391.63,1,2026-02-20 03:00:00+00:00,238.55
Sports,KXNBATOTAL-26FEB05CHITOR,Chicago at Toronto: Total Points,KXNBATOTAL-26FEB05CHITOR-241,Over 241.5 points scored,0.0,0.04,0.04,0.04,,2365.68,1,2026-02-20 00:30:00+00:00,236.05
Sports,KXNBATOTAL-26FEB05CHAHOU,Charlotte at Houston: Total Points,KXNBATOTAL-26FEB05CHAHOU-205,Over 205.5 points scored,0.98,0.99,0.985,0.99,0.01,2318.66,1,2026-02-20 01:00:00+00:00,236.55
Sports,KXNCAAMBSPREAD-26FEB05LINWUALR,Lindenwood at Little Rock: Spread,KXNCAAMBSPREAD-26FEB05LINWUALR-UALR2,Little Rock wins by over 2.5 Points,0.09,0.44,0.265,0.45,0.35,2315.26,1,2026-02-20 01:00:00+00:00,236.55
Sports,KXSOCCERTRANSFER-26,Who will leave their club during the winter transfer window?,KXSOCCERTRANSFER-26-MROG,Morgan Rogers,0.0,0.17,0.2,0.2,,2314.84,1,2026-02-12 04:59:00+00:00,48.53
Sports,KXNBASPREAD-26FEB05CHAHOU,Charlotte at Houston: Spread,KXNBASPREAD-26FEB05CHAHOU-HOU15,Houston wins by over 15.5 Points,0.01,0.03,0.02,0.01,0.02,2284.97,1,2026-02-20 01:00:00+00:00,236.55
Sports,KXNCAAMBSPREAD-26FEB05LINWUALR,Lindenwood at Little Rock: Spread,KXNCAAMBSPREAD-26FEB05LINWUALR-UALR5,Little Rock wins by over 5.5 Points,0.03,0.36,0.195,0.35,0.33,2280.56,1,2026-02-20 01:00:00+00:00,236.55
Sports,KXNBASTL-26FEB05PHILAL,Philadelphia at Los Angeles L: Steals,KXNBASTL-26FEB05PHILAL-LALLDONCIC77-3,Luka Dončić: 3+,0.0,0.22,0.0,0.0,,2244.28,1,2026-02-20 03:00:00+00:00,238.55
Sports,KXNCAAMBSPREAD-26FEB05LINWUALR,Lindenwood at Little Rock: Spread,KXNCAAMBSPREAD-26FEB05LINWUALR-LINW10,Lindenwood wins by over 10.5 Points,0.03,0.36,0.195,0.0,0.33,2234.0,1,2026-02-20 01:00:00+00:00,236.55
Sports,KXNCAAMBSPREAD-26FEB05ACUVU,Abilene Christian at Utah Valley: Spread,KXNCAAMBSPREAD-26FEB05ACUVU-UVU28,Utah Valley wins by over 28.5 Points,0.1,0.45,0.275,0.13,0.35,2219.69,1,2026-02-20 01:00:00+00:00,236.55
Sports,KXNBAALLSTARS-26SDC,Pro Basketball Slam Dunk Contest Participants?,KXNBAALLSTARS-26SDC-GANT,Giannis Antetokounmpo,0.0,0.9,0.01,0.01,,2138.22,1,2026-02-16 03:00:00+00:00,142.55
Sports,KXATPCHALLENGERMATCH-26FEB06NEGADD,Negritu vs Added,KXATPCHALLENGERMATCH-26FEB06NEGADD-NEG,Christoph Negritu,0.34,0.88,0.61,0.0,0.54,2082.88,1,2026-02-20 13:20:00+00:00,248.88
Sports,KXNCAAMBTOTAL-26FEB05DENNDSU,Denver at North Dakota St.: Total Points,KXNCAAMBTOTAL-26FEB05DENNDSU-154,Over 154.5 points scored,0.05,0.64,0.345,0.54,0.59,2081.41,1,2026-02-20 01:00:00+00:00,236.55
Sports,KXNCAAMBTOTAL-26FEB05NEOMUND,Omaha at North Dakota: Total Points,KXNCAAMBTOTAL-26FEB05NEOMUND-164,Over 164.5 points scored,0.02,0.58,0.3,0.06,0.56,2075.09,1,2026-02-20 01:00:00+00:00,236.55
Sports,KXNHLSPREAD-26FEB05FLATB,Florida at Tampa Bay: Spread,KXNHLSPREAD-26FEB05FLATB-TB1,Tampa Bay wins by over 1.5 goals,0.69,0.97,0.83,0.97,0.28,2070.88,1,2026-02-20 00:30:00+00:00,236.05
Sports,KXNCAAMBTOTAL-26FEB05CITSAM,The Citadel at Samford: Total Points,KXNCAAMBTOTAL-26FEB05CITSAM-139,Over 139.5 points scored,0.9,0.99,0.945,0.96,0.09,2057.26,1,2026-02-20 01:00:00+00:00,236.55
Sports,KXNBA3PT-26FEB05PHILAL,Philadelphia at Los Angeles L: Three Pointers,KXNBA3PT-26FEB05PHILAL-LALLDONCIC77-6,Luka Dončić: 6+,0.0,0.17,0.17,0.17,,2055.67,1,2026-02-20 03:00:00+00:00,238.55
Sports,KXATPCHALLENGERMATCH-26FEB06NEGADD,Negritu vs Added,KXATPCHALLENGERMATCH-26FEB06NEGADD-ADD,Dan Added,0.56,0.88,0.72,0.0,0.32,2038.88,1,2026-02-20 13:20:00+00:00,248.88
Sports,KXNBASPREAD-26FEB05UTAATL,Utah at Atlanta: Spread,KXNBASPREAD-26FEB05UTAATL-ATL16,Atlanta wins by over 16.5 Points,0.01,0.05,0.03,0.01,0.04,2036.71,1,2026-02-20 00:30:00+00:00,236.05
Sports,KXNCAAMBTOTAL-26FEB05DENNDSU,Denver at North Dakota St.: Total Points,KXNCAAMBTOTAL-26FEB05DENNDSU-157,Over 157.5 points scored,0.03,0.84,0.435,0.79,0.81,2030.95,1,2026-02-20 01:00:00+00:00,236.55
Sports,KXNCAAMBTOTAL-26FEB05CITSAM,The Citadel at Samford: Total Points,KXNCAAMBTOTAL-26FEB05CITSAM-154,Over 154.5 points scored,0.03,0.27,0.15,0.25,0.24,2024.41,1,2026-02-20 01:00:00+00:00,236.55
Sports,KXNBAALLSTARS-263PT,Pro Basketball 3-Point Contest Participants?,KXNBAALLSTARS-263PT-JMUR,Jamal Murray,0.01,1.0,0.505,0.6,0.99,1980.0,1,2026-02-16 03:00:00+00:00,142.55
Sports,KXNCAAMBTOTAL-26FEB05ACUVU,Abilene Christian at Utah Valley: Total Points,KXNCAAMBTOTAL-26FEB05ACUVU-140,Over 140.5 points scored,0.02,0.03,0.025,0.02,0.01,1977.78,1,2026-02-20 01:00:00+00:00,236.55
Sports,KXNHLTOTAL-26FEB05PITBUF,Pittsburgh at Buffalo: Total Points,KXNHLTOTAL-26FEB05PITBUF-5,Over 5.5 goals scored,0.99,1.0,0.995,0.99,0.01,1973.31,1,2026-02-20 00:00:00+00:00,235.55
Sports,KXNBATOTAL-26FEB05CHITOR,Chicago at Toronto: Total Points,KXNBATOTAL-26FEB05CHITOR-238,Over 238.5 points scored,0.01,0.27,0.14,0.01,0.26,1891.2,1,2026-02-20 00:30:00+00:00,236.05
Sports,KXNCAAMBSPREAD-26FEB05WIUTNTC,Western Illinois at Tennessee Tech: Spread,KXNCAAMBSPREAD-26FEB05WIUTNTC-TNTC11,Tennessee Tech wins by over 11.5 Points,0.85,0.97,0.91,0.79,0.12,1866.48,1,2026-02-20 01:30:00+00:00,237.05
Sports,KXNBASPREAD-26FEB05UTAATL,Utah at Atlanta: Spread,KXNBASPREAD-26FEB05UTAATL-ATL19,Atlanta wins by over 19.5 Points,0.0,0.01,0.01,0.01,,1862.61,1,2026-02-20 00:30:00+00:00,236.05
Sports,KXNCAAMBSPREAD-26FEB05ELONHAMP,Elon at Hampton: Spread,KXNCAAMBSPREAD-26FEB05ELONHAMP-HAMP8,Hampton wins by over 8.5 Points,0.0,0.01,0.01,0.01,,1843.7,1,2026-02-20 00:00:00+00:00,235.55
Sports,KXNBASPREAD-26FEB05UTAATL,Utah at Atlanta: Spread,KXNBASPREAD-26FEB05UTAATL-ATL13,Atlanta wins by over 13.5 Points,0.01,0.11,0.06,0.13,0.1,1821.53,1,2026-02-20 00:30:00+00:00,236.05
Sports,KXNCAAMBTOTAL-26FEB05CITSAM,The Citadel at Samford: Total Points,KXNCAAMBTOTAL-26FEB05CITSAM-157,Over 157.5 points scored,0.02,0.79,0.405,0.14,0.77,1810.33,1,2026-02-20 01:00:00+00:00,236.55
Sports,KXNCAAMBTOTAL-26FEB05LINWUALR,Lindenwood at Little Rock: Total Points,KXNCAAMBTOTAL-26FEB05LINWUALR-167,Over 167.5 points scored,0.02,0.27,0.145,0.0,0.25,1794.16,1,2026-02-20 01:00:00+00:00,236.55
Sports,KXNHLSPREAD-26FEB05FLATB,Florida at Tampa Bay: Spread,KXNHLSPREAD-26FEB05FLATB-TB2,Tampa Bay wins by over 2.5 goals,0.58,0.96,0.77,0.95,0.38,1793.29,1,2026-02-20 00:30:00+00:00,236.05
Sports,KXNBAPTS-26FEB05SASDAL,San Antonio at Dallas: Points,KXNBAPTS-26FEB05SASDAL-SASVWEMBANYAMA1-30,Victor Wembanyama: 30+,0.0,0.68,0.53,0.53,,1779.25,1,2026-02-20 01:30:00+00:00,237.05
Sports,KXNCAAMBTOTAL-26FEB05NEOMUND,Omaha at North Dakota: Total Points,KXNCAAMBTOTAL-26FEB05NEOMUND-161,Over 161.5 points scored,0.02,0.57,0.295,0.07,0.55,1765.57,1,2026-02-20 01:00:00+00:00,236.55
Sports,KXNBAAST-26FEB05PHILAL,Philadelphia at Los Angeles L: Assists,KXNBAAST-26FEB05PHILAL-LALLDONCIC77-12,Luka Dončić: 12+,0.0,0.22,0.21,0.21,,1762.32,1,2026-02-20 03:00:00+00:00,238.55
Sports,KXNBAPTS-26FEB05CHAHOU,Charlotte at Houston: Points,KXNBAPTS-26FEB05CHAHOU-CHALBALL1-20,LaMelo Ball: 20+,0.0,0.84,0.8,0.8,,1747.01,1,2026-02-20 01:00:00+00:00,236.55
Sports,KXNHLTOTAL-26FEB05FLATB,Florida at Tampa Bay: Total Points,KXNHLTOTAL-26FEB05FLATB-3,Over 3.5 goals scored,0.99,1.0,0.995,0.99,0.01,1745.13,1,2026-02-20 00:30:00+00:00,236.05
Sports,KXNCAAMBTOTAL-26FEB05LINWUALR,Lindenwood at Little Rock: Total Points,KXNCAAMBTOTAL-26FEB05LINWUALR-164,Over 164.5 points scored,0.02,0.27,0.145,0.02,0.25,1739.66,1,2026-02-20 01:00:00+00:00,236.55
Sports,KXNCAAMBTOTAL-26FEB05WIUTNTC,Western Illinois at Tennessee Tech: Total Points,KXNCAAMBTOTAL-26FEB05WIUTNTC-139,Over 139.5 points scored,0.91,0.96,0.935,0.57,0.05,1704.78,1,2026-02-20 01:30:00+00:00,237.05
Sports,KXNCAAMBTOTAL-26FEB05ACUVU,Abilene Christian at Utah Valley: Total Points,KXNCAAMBTOTAL-26FEB05ACUVU-143,Over 143.5 points scored,0.0,0.44,0.01,0.01,,1701.08,1,2026-02-20 01:00:00+00:00,236.55
Sports,KXNBATOTAL-26FEB05CHITOR,Chicago at Toronto: Total Points,KXNBATOTAL-26FEB05CHITOR-220,Over 220.5 points scored,0.99,1.0,0.995,0.99,0.01,1683.43,1,2026-02-20 00:30:00+00:00,236.05
Sports,KXSOCCERTRANSFER-26,Who will leave their club during the winter transfer window?,KXSOCCERTRANSFER-26-MGUE,Marc Guehi,0.1,1.0,0.55,0.98,0.9,1646.76,1,2026-02-12 04:59:00+00:00,48.53
Sports,KXNCAAMBTOTAL-26FEB05WIUTNTC,Western Illinois at Tennessee Tech: Total Points,KXNCAAMBTOTAL-26FEB05WIUTNTC-136,Over 136.5 points scored,0.92,0.99,0.955,0.0,0.07,1646.51,1,2026-02-20 01:30:00+00:00,237.05
Sports,KXNBAALLSTARS-263PT,Pro Basketball 3-Point Contest Participants?,KXNBAALLSTARS-263PT-SMER,Sam Merrill,0.11,1.0,0.555,0.0,0.89,1615.77,1,2026-02-16 03:00:00+00:00,142.55
Sports,KXNBAALLSTARS-263PT,Pro Basketball 3-Point Contest Participants?,KXNBAALLSTARS-263PT-NALE,Nickeil Alexander-Walker,0.11,1.0,0.555,0.0,0.89,1614.98,1,2026-02-16 03:00:00+00:00,142.55
Sports,KXNBAALLSTARS-263PT,Pro Basketball 3-Point Contest Participants?,KXNBAALLSTARS-263PT-DDIV,Donte DiVincenzo,0.11,1.0,0.555,0.0,0.89,1614.78,1,2026-02-16 03:00:00+00:00,142.55
Sports,KXNBAALLSTARS-263PT,Pro Basketball 3-Point Contest Participants?,KXNBAALLSTARS-263PT-CGIL,Collin Gillespie,0.11,1.0,0.555,0.0,0.89,1611.22,1,2026-02-16 03:00:00+00:00,142.55
Sports,KXNBAALLSTARS-26,Pro Basketball All Stars?,KXNBAALLSTARS-26-LBAL,LaMelo Ball,0.0,0.81,0.01,0.01,,1608.93,1,2026-02-17 15:00:00+00:00,178.55
Sports,KXNBAALLSTARS-263PT,Pro Basketball 3-Point Contest Participants?,KXNBAALLSTARS-263PT-AGRE,AJ Green,0.11,1.0,0.555,0.0,0.89,1598.15,1,2026-02-16 03:00:00+00:00,142.55
Sports,KXNCAAMBTOTAL-26FEB05USIUTM,Southern Indiana at Tennessee-Martin: Total Points,KXNCAAMBTOTAL-26FEB05USIUTM-148,Over 148.5 points scored,0.02,0.27,0.145,0.2,0.25,1582.6,1,2026-02-20 01:30:00+00:00,237.05
Sports,KXNCAAMBTOTAL-26FEB05WIUTNTC,Western Illinois at Tennessee Tech: Total Points,KXNCAAMBTOTAL-26FEB05WIUTNTC-130,Over 130.5 points scored,0.94,0.99,0.965,0.0,0.05,1579.57,1,2026-02-20 01:30:00+00:00,237.05
Sports,KXNCAAMBTOTAL-26FEB05DENNDSU,Denver at North Dakota St.: Total Points,KXNCAAMBTOTAL-26FEB05DENNDSU-151,Over 151.5 points scored,0.03,0.74,0.385,0.64,0.71,1575.11,1,2026-02-20 01:00:00+00:00,236.55
Sports,KXNHLTOTAL-26FEB05NSHWSH,Nashville at Washington: Total Points,KXNHLTOTAL-26FEB05NSHWSH-5,Over 5.5 goals scored,0.99,1.0,0.995,0.99,0.01,1574.58,1,2026-02-20 00:00:00+00:00,235.55
Sports,KXNHLSPREAD-26FEB05FLATB,Florida at Tampa Bay: Spread,KXNHLSPREAD-26FEB05FLATB-FLA1,Florida wins by over 1.5 goals,0.0,0.01,0.01,0.01,,1568.13,1,2026-02-20 00:30:00+00:00,236.05
Sports,KXNCAAMBTOTAL-26FEB05WIUTNTC,Western Illinois at Tennessee Tech: Total Points,KXNCAAMBTOTAL-26FEB05WIUTNTC-133,Over 133.5 points scored,0.93,0.99,0.96,0.0,0.06,1563.81,1,2026-02-20 01:30:00+00:00,237.05
Sports,KXNBAPTS-26FEB05CHAHOU,Charlotte at Houston: Points,KXNBAPTS-26FEB05CHAHOU-HOUATHOMPSON1-10,Amen Thompson: 10+,0.0,0.8,0.77,0.77,,1553.72,1,2026-02-20 01:00:00+00:00,236.55
Sports,KXNHLSPREAD-26FEB05PITBUF,Pittsburgh at Buffalo: Spread,KXNHLSPREAD-26FEB05PITBUF-BUF1,Buffalo wins by over 1.5 goals,0.0,0.01,0.01,0.01,,1526.46,1,2026-02-20 00:00:00+00:00,235.55
Sports,KXNCAAMBTOTAL-26FEB05DENNDSU,Denver at North Dakota St.: Total Points,KXNCAAMBTOTAL-26FEB05DENNDSU-169,Over 169.5 points scored,0.02,0.58,0.3,0.0,0.56,1504.5,1,2026-02-20 01:00:00+00:00,236.55
Sports,KXNCAAMBTOTAL-26FEB05DENNDSU,Denver at North Dakota St.: Total Points,KXNCAAMBTOTAL-26FEB05DENNDSU-163,Over 163.5 points scored,0.04,0.79,0.415,0.04,0.75,1499.29,1,2026-02-20 01:00:00+00:00,236.55
Sports,KXNCAAMBTOTAL-26FEB05DENNDSU,Denver at North Dakota St.: Total Points,KXNCAAMBTOTAL-26FEB05DENNDSU-148,Over 148.5 points scored,0.04,0.52,0.28,0.06,0.48,1481.06,1,2026-02-20 01:00:00+00:00,236.55
Sports,KXNBASPREAD-26FEB05UTAATL,Utah at Atlanta: Spread,KXNBASPREAD-26FEB05UTAATL-ATL22,Atlanta wins by over 22.5 Points,0.0,0.01,0.01,0.01,,1479.53,1,2026-02-20 00:30:00+00:00,236.05
Sports,KXNHLSPREAD-26FEB05NSHWSH,Nashville at Washington: Spread,KXNHLSPREAD-26FEB05NSHWSH-NSH1,Nashville wins by over 1.5 goals,0.0,0.01,0.01,0.01,,1464.63,1,2026-02-20 00:00:00+00:00,235.55
Sports,KXNBATOTAL-26FEB05UTAATL,Utah at Atlanta: Total Points,KXNBATOTAL-26FEB05UTAATL-231,Over 231.5 points scored,0.99,1.0,0.995,0.99,0.01,1447.67,1,2026-02-20 00:30:00+00:00,236.05
Sports,KXNCAAMBTOTAL-26FEB05DENNDSU,Denver at North Dakota St.: Total Points,KXNCAAMBTOTAL-26FEB05DENNDSU-160,Over 160.5 points scored,0.02,0.79,0.405,0.26,0.77,1447.64,1,2026-02-20 01:00:00+00:00,236.55
Sports,KXNCAAMBTOTAL-26FEB05WIUTNTC,Western Illinois at Tennessee Tech: Total Points,KXNCAAMBTOTAL-26FEB05WIUTNTC-127,Over 127.5 points scored,0.21,0.99,0.6,0.99,0.78,1408.74,1,2026-02-20 01:30:00+00:00,237.05
Sports,KXNCAAMBTOTAL-26FEB05DENNDSU,Denver at North Dakota St.: Total Points,KXNCAAMBTOTAL-26FEB05DENNDSU-145,Over 145.5 points scored,0.03,0.98,0.505,0.21,0.95,1408.32,1,2026-02-20 01:00:00+00:00,236.55
Sports,KXNCAAMBTOTAL-26FEB05DENNDSU,Denver at North Dakota St.: Total Points,KXNCAAMBTOTAL-26FEB05DENNDSU-172,Over 172.5 points scored,0.01,0.79,0.4,0.02,0.78,1405.69,1,2026-02-20 01:00:00+00:00,236.55
Sports,KXNCAAMBTOTAL-26FEB05CITSAM,The Citadel at Samford: Total Points,KXNCAAMBTOTAL-26FEB05CITSAM-133,Over 133.5 points scored,0.99,1.0,0.995,0.99,0.01,1393.52,1,2026-02-20 01:00:00+00:00,236.55
Sports,KXNCAAMBSPREAD-26FEB05DENNDSU,Denver at North Dakota St.: Spread,KXNCAAMBSPREAD-26FEB05DENNDSU-NDSU2,North Dakota St. wins by over 2.5 Points,0.13,0.63,0.38,0.15,0.5,1383.1,1,2026-02-20 01:00:00+00:00,236.55
Sports,KXNCAAMBTOTAL-26FEB05DENNDSU,Denver at North Dakota St.: Total Points,KXNCAAMBTOTAL-26FEB05DENNDSU-166,Over 166.5 points scored,0.02,0.79,0.405,0.26,0.77,1352.24,1,2026-02-20 01:00:00+00:00,236.55
Sports,KXNBATOTAL-26FEB05UTAATL,Utah at Atlanta: Total Points,KXNBATOTAL-26FEB05UTAATL-228,Over 228.5 points scored,0.99,1.0,0.995,0.99,0.01,1336.93,1,2026-02-20 00:30:00+00:00,236.05
Sports,KXNCAAMBSPREAD-26FEB05ELONHAMP,Elon at Hampton: Spread,KXNCAAMBSPREAD-26FEB05ELONHAMP-ELON10,Elon wins by over 10.5 Points,0.0,0.01,0.01,0.01,,1323.53,1,2026-02-20 00:00:00+00:00,235.55
Sports,KXNCAAMBTOTAL-26FEB05CITSAM,The Citadel at Samford: Total Points,KXNCAAMBTOTAL-26FEB05CITSAM-127,Over 127.5 points scored,0.99,1.0,0.995,0.99,0.01,1302.33,1,2026-02-20 01:00:00+00:00,236.55
Sports,KXNCAAMBSPREAD-26FEB05ELONHAMP,Elon at Hampton: Spread,KXNCAAMBSPREAD-26FEB05ELONHAMP-HAMP5,Hampton wins by over 5.5 Points,0.99,1.0,0.995,0.99,0.01,1300.52,1,2026-02-20 00:00:00+00:00,235.55
Sports,KXNCAAMBSPREAD-26FEB05CITSAM,The Citadel at Samford: Spread,KXNCAAMBSPREAD-26FEB05CITSAM-SAM7,Samford wins by over 7.5 Points,0.22,0.87,0.545,0.78,0.65,1300.44,1,2026-02-20 01:00:00+00:00,236.55
Sports,KXNCAAMBSPREAD-26FEB05ELONHAMP,Elon at Hampton: Spread,KXNCAAMBSPREAD-26FEB05ELONHAMP-HAMP14,Hampton wins by over 14.5 Points,0.0,0.01,0.01,0.01,,1293.7,1,2026-02-20 00:00:00+00:00,235.55
Sports,KXNCAAMBSPREAD-26FEB05LINWUALR,Lindenwood at Little Rock: Spread,KXNCAAMBSPREAD-26FEB05LINWUALR-LINW13,Lindenwood wins by over 13.5 Points,0.03,0.27,0.15,0.0,0.24,1278.0,1,2026-02-20 01:00:00+00:00,236.55
Sports,KXNCAAMBSPREAD-26FEB05ELONHAMP,Elon at Hampton: Spread,KXNCAAMBSPREAD-26FEB05ELONHAMP-ELON4,Elon wins by over 4.5 Points,0.0,0.01,0.01,0.01,,1277.32,1,2026-02-20 00:00:00+00:00,235.55
Sports,KXNBAPTS-26FEB05CHAHOU,Charlotte at Houston: Points,KXNBAPTS-26FEB05CHAHOU-HOUKDURANT7-35,Kevin Durant: 35+,0.0,0.76,0.78,0.78,,1269.55,1,2026-02-20 01:00:00+00:00,236.55
Sports,KXNCAAMBSPREAD-26FEB05ELONHAMP,Elon at Hampton: Spread,KXNCAAMBSPREAD-26FEB05ELONHAMP-ELON13,Elon wins by over 13.5 Points,0.0,0.01,0.01,0.01,,1247.01,1,2026-02-20 00:00:00+00:00,235.55
Sports,KXNCAAMBSPREAD-26FEB05DENNDSU,Denver at North Dakota St.: Spread,KXNCAAMBSPREAD-26FEB05DENNDSU-NDSU8,North Dakota St. wins by over 8.5 Points,0.01,0.52,0.265,0.03,0.51,1244.43,1,2026-02-20 01:00:00+00:00,236.55
Sports,KXNBAPTS-26FEB05CHAHOU,Charlotte at Houston: Points,KXNBAPTS-26FEB05CHAHOU-CHAKKNUEPPEL7-25,Kon Knueppel: 25+,0.0,0.75,0.54,0.54,,1241.46,1,2026-02-20 01:00:00+00:00,236.55
Sports,KXNHLGOAL-26FEB05FLATB,FLA Panthers at TB Lightning: Anytime Goal,KXNHLGOAL-26FEB05FLATB-TBJGUENTZEL59,Jake Guentzel,0.91,1.0,0.955,0.99,0.09,1224.54,1,2026-02-20 00:30:00+00:00,236.05
Sports,KXNCAAMBSPREAD-26FEB05EIUTNST,Eastern Illinois at Tennessee St.: Spread,KXNCAAMBSPREAD-26FEB05EIUTNST-TNST22,Tennessee St. wins by over 22.5 Points,0.03,0.06,0.045,0.0,0.03,1208.14,1,2026-02-20 01:30:00+00:00,237.05
Sports,KXNBASPREAD-26FEB05UTAATL,Utah at Atlanta: Spread,KXNBASPREAD-26FEB05UTAATL-ATL25,Atlanta wins by over 25.5 Points,0.0,0.01,0.01,0.01,,1201.76,1,2026-02-20 00:30:00+00:00,236.05
Sports,KXNHLSPREAD-26FEB05NSHWSH,Nashville at Washington: Spread,KXNHLSPREAD-26FEB05NSHWSH-NSH2,Nashville wins by over 2.5 goals,0.0,0.01,0.06,0.06,,1200.54,1,2026-02-20 00:00:00+00:00,235.55
Sports,KXNCAAMBTOTAL-26FEB05DENNDSU,Denver at North Dakota St.: Total Points,KXNCAAMBTOTAL-26FEB05DENNDSU-175,Over 175.5 points scored,0.01,0.42,0.215,0.01,0.41,1186.83,1,2026-02-20 01:00:00+00:00,236.55
Sports,KXNCAAMBSPREAD-26FEB05LINWUALR,Lindenwood at Little Rock: Spread,KXNCAAMBSPREAD-26FEB05LINWUALR-UALR8,Little Rock wins by over 8.5 Points,0.03,0.27,0.15,0.0,0.24,1186.48,1,2026-02-20 01:00:00+00:00,236.55
Sports,KXNHLSPREAD-26FEB05FLATB,Florida at Tampa Bay: Spread,KXNHLSPREAD-26FEB05FLATB-FLA2,Florida wins by over 2.5 goals,0.0,0.01,0.01,0.01,,1184.02,1,2026-02-20 00:30:00+00:00,236.05
Sports,KXNCAAMBSPREAD-26FEB05DENNDSU,Denver at North Dakota St.: Spread,KXNCAAMBSPREAD-26FEB05DENNDSU-NDSU23,North Dakota St. wins by over 23.5 Points,0.0,0.62,0.01,0.01,,1174.91,1,2026-02-20 01:00:00+00:00,236.55
Sports,KXNCAAMBSPREAD-26FEB05DENNDSU,Denver at North Dakota St.: Spread,KXNCAAMBSPREAD-26FEB05DENNDSU-NDSU20,North Dakota St. wins by over 20.5 Points,0.0,0.64,0.01,0.01,,1171.08,1,2026-02-20 01:00:00+00:00,236.55
Sports,KXNCAAMBSPREAD-26FEB05LINWUALR,Lindenwood at Little Rock: Spread,KXNCAAMBSPREAD-26FEB05LINWUALR-UALR11,Little Rock wins by over 11.5 Points,0.03,0.25,0.14,0.13,0.22,1161.68,1,2026-02-20 01:00:00+00:00,236.55
Sports,KXNCAAMBSPREAD-26FEB05ELONHAMP,Elon at Hampton: Spread,KXNCAAMBSPREAD-26FEB05ELONHAMP-ELON7,Elon wins by over 7.5 Points,0.0,0.01,0.01,0.01,,1153.44,1,2026-02-20 00:00:00+00:00,235.55
Sports,KXNCAAMBTOTAL-26FEB05ACUVU,Abilene Christian at Utah Valley: Total Points,KXNCAAMBTOTAL-26FEB05ACUVU-158,Over 158.5 points scored,0.0,0.01,0.01,0.01,,1152.64,1,2026-02-20 01:00:00+00:00,236.55
Sports,KXNCAAMBTOTAL-26FEB05CITSAM,The Citadel at Samford: Total Points,KXNCAAMBTOTAL-26FEB05CITSAM-130,Over 130.5 points scored,0.99,1.0,0.995,0.97,0.01,1150.48,1,2026-02-20 01:00:00+00:00,236.55
Sports,KXNCAAMBSPREAD-26FEB05DENNDSU,Denver at North Dakota St.: Spread,KXNCAAMBSPREAD-26FEB05DENNDSU-NDSU17,North Dakota St. wins by over 17.5 Points,0.0,0.64,0.01,0.01,,1138.06,1,2026-02-20 01:00:00+00:00,236.55
Sports,KXNCAAMBTOTAL-26FEB05CITSAM,The Citadel at Samford: Total Points,KXNCAAMBTOTAL-26FEB05CITSAM-136,Over 136.5 points scored,0.97,1.0,0.985,0.99,0.03,1112.85,1,2026-02-20 01:00:00+00:00,236.55
Sports,KXNCAAMBSPREAD-26FEB05EIUTNST,Eastern Illinois at Tennessee St.: Spread,KXNCAAMBSPREAD-26FEB05EIUTNST-TNST25,Tennessee St. wins by over 25.5 Points,0.03,0.05,0.04,0.0,0.02,1090.63,1,2026-02-20 01:30:00+00:00,237.05
Sports,KXNCAAMBSPREAD-26FEB05DENNDSU,Denver at North Dakota St.: Spread,KXNCAAMBSPREAD-26FEB05DENNDSU-NDSU26,North Dakota St. wins by over 26.5 Points,0.0,0.5,0.01,0.01,,1074.53,1,2026-02-20 01:00:00+00:00,236.55
Sports,KXNCAAMBSPREAD-26FEB05CITSAM,The Citadel at Samford: Spread,KXNCAAMBSPREAD-26FEB05CITSAM-SAM19,Samford wins by over 19.5 Points,0.01,0.65,0.33,0.03,0.64,1072.76,1,2026-02-20 01:00:00+00:00,236.55
Sports,KXNBA2D-26FEB05SASDAL,San Antonio at Dallas: Double Doubles,KXNBA2D-26FEB05SASDAL-DALCFLAGG32,Cooper Flagg,0.2,0.4,0.3,0.4,0.2,1064.12,1,2026-02-20 01:30:00+00:00,237.05
Sports,KXNBAAST-26FEB05SASDAL,San Antonio at Dallas: Assists,KXNBAAST-26FEB05SASDAL-SASVWEMBANYAMA1-4,Victor Wembanyama: 4+,0.32,0.42,0.37,0.33,0.1,1053.28,1,2026-02-20 01:30:00+00:00,237.05
Sports,KXNCAAMBSPREAD-26FEB05LINWUALR,Lindenwood at Little Rock: Spread,KXNCAAMBSPREAD-26FEB05LINWUALR-LINW16,Lindenwood wins by over 16.5 Points,0.03,0.65,0.34,0.0,0.62,1049.52,1,2026-02-20 01:00:00+00:00,236.55
Sports,KXNCAAMBTOTAL-26FEB05ACUVU,Abilene Christian at Utah Valley: Total Points,KXNCAAMBTOTAL-26FEB05ACUVU-152,Over 152.5 points scored,0.0,0.01,0.01,0.01,,1044.63,1,2026-02-20 01:00:00+00:00,236.55
Sports,KXNCAAMBSPREAD-26FEB05ELONHAMP,Elon at Hampton: Spread,KXNCAAMBSPREAD-26FEB05ELONHAMP-ELON1,Elon wins by over 1.5 Points,0.0,0.01,0.01,0.01,,1036.25,1,2026-02-20 00:00:00+00:00,235.55
Sports,KXNCAAMBTOTAL-26FEB05ACUVU,Abilene Christian at Utah Valley: Total Points,KXNCAAMBTOTAL-26FEB05ACUVU-155,Over 155.5 points scored,0.0,0.01,0.01,0.01,,1029.59,1,2026-02-20 01:00:00+00:00,236.55
Sports,KXNCAAMBTOTAL-26FEB05ACUVU,Abilene Christian at Utah Valley: Total Points,KXNCAAMBTOTAL-26FEB05ACUVU-149,Over 149.5 points scored,0.0,0.01,0.01,0.01,,1020.84,1,2026-02-20 01:00:00+00:00,236.55
Sports,KXNCAAMBSPREAD-26FEB05DENNDSU,Denver at North Dakota St.: Spread,KXNCAAMBSPREAD-26FEB05DENNDSU-DEN1,Denver wins by over 1.5 Points,0.03,0.79,0.41,0.19,0.76,1001.88,1,2026-02-20 01:00:00+00:00,236.55
Sports,KXNBA3PT-26FEB05SASDAL,San Antonio at Dallas: Three Pointers,KXNBA3PT-26FEB05SASDAL-SASDFOX4-1,De'Aaron Fox: 1+,0.53,0.59,0.56,0.59,0.06,997.59,1,2026-02-20 01:30:00+00:00,237.05
Sports,KXNCAAMBSPREAD-26FEB05DENNDSU,Denver at North Dakota St.: Spread,KXNCAAMBSPREAD-26FEB05DENNDSU-DEN4,Denver wins by over 4.5 Points,0.03,0.79,0.41,0.79,0.76,995.39,1,2026-02-20 01:00:00+00:00,236.55
Sports,KXVALORANTMAP-26FEB06GXTL-2,VCT EMEA Kickoff 2026: GIANTX vs. Team Liquid Map 2,KXVALORANTMAP-26FEB06GXTL-2-TL,Team Liquid,0.01,0.99,0.5,0.0,0.98,990.0,1,2026-02-20 19:00:00+00:00,254.55
Sports,KXVALORANTMAP-26FEB06GXTL-2,VCT EMEA Kickoff 2026: GIANTX vs. Team Liquid Map 2,KXVALORANTMAP-26FEB06GXTL-2-GX,GIANTX,0.01,0.99,0.5,0.0,0.98,990.0,1,2026-02-20 19:00:00+00:00,254.55
Sports,KXVALORANTMAP-26FEB06GXTL-1,VCT EMEA Kickoff 2026: GIANTX vs. Team Liquid Map 1,KXVALORANTMAP-26FEB06GXTL-1-TL,Team Liquid,0.01,0.99,0.5,0.0,0.98,990.0,1,2026-02-20 19:00:00+00:00,254.55
Sports,KXVALORANTMAP-26FEB06GXTL-1,VCT EMEA Kickoff 2026: GIANTX vs. Team Liquid Map 1,KXVALORANTMAP-26FEB06GXTL-1-GX,GIANTX,0.01,0.99,0.5,0.0,0.98,990.0,1,2026-02-20 19:00:00+00:00,254.55
Sports,KXNBAAST-26FEB05SASDAL,San Antonio at Dallas: Assists,KXNBAAST-26FEB05SASDAL-SASDFOX4-6,De'Aaron Fox: 6+,0.57,0.63,0.6,0.7,0.06,987.18,1,2026-02-20 01:30:00+00:00,237.05
Sports,KXNCAAMBSPREAD-26FEB05WIUTNTC,Western Illinois at Tennessee Tech: Spread,KXNCAAMBSPREAD-26FEB05WIUTNTC-WIU4,Western Illinois wins by over 4.5 Points,0.03,0.79,0.41,0.0,0.76,979.09,1,2026-02-20 01:30:00+00:00,237.05
Sports,KXNBA3PT-26FEB05SASDAL,San Antonio at Dallas: Three Pointers,KXNBA3PT-26FEB05SASDAL-SASDFOX4-2,De'Aaron Fox: 2+,0.18,0.25,0.215,0.62,0.07,978.66,1,2026-02-20 01:30:00+00:00,237.05
Sports,KXNCAAMBSPREAD-26FEB05ACUVU,Abilene Christian at Utah Valley: Spread,KXNCAAMBSPREAD-26FEB05ACUVU-UVU10,Utah Valley wins by over 10.5 Points,0.5,0.97,0.735,0.73,0.47,965.9,1,2026-02-20 01:00:00+00:00,236.55
Sports,KXNCAAMBSPREAD-26FEB05DENNDSU,Denver at North Dakota St.: Spread,KXNCAAMBSPREAD-26FEB05DENNDSU-NDSU11,North Dakota St. wins by over 11.5 Points,0.0,0.42,0.01,0.01,,961.17,1,2026-02-20 01:00:00+00:00,236.55
Sports,KXNCAAMBSPREAD-26FEB05LINWUALR,Lindenwood at Little Rock: Spread,KXNCAAMBSPREAD-26FEB05LINWUALR-UALR14,Little Rock wins by over 14.5 Points,0.03,0.38,0.205,0.0,0.35,951.56,1,2026-02-20 01:00:00+00:00,236.55
Sports,KXNCAAMBSPREAD-26FEB05ELONHAMP,Elon at Hampton: Spread,KXNCAAMBSPREAD-26FEB05ELONHAMP-ELON16,Elon wins by over 16.5 Points,0.0,0.01,0.01,0.01,,949.92,1,2026-02-20 00:00:00+00:00,235.55
Sports,KXNCAAMBSPREAD-26FEB05NEOMUND,Omaha at North Dakota: Spread,KXNCAAMBSPREAD-26FEB05NEOMUND-UND13,North Dakota wins by over 13.5 Points,0.01,0.64,0.325,0.02,0.63,949.26,1,2026-02-20 01:00:00+00:00,236.55
Sports,KXNCAAMBSPREAD-26FEB05DENNDSU,Denver at North Dakota St.: Spread,KXNCAAMBSPREAD-26FEB05DENNDSU-NDSU14,North Dakota St. wins by over 14.5 Points,0.0,0.06,0.01,0.01,,947.81,1,2026-02-20 01:00:00+00:00,236.55
Sports,KXNCAAMBSPREAD-26FEB05OSUMD,Ohio St. at Maryland: Spread,KXNCAAMBSPREAD-26FEB05OSUMD-MD5,Maryland wins by over 5.5 Points,0.0,0.03,0.01,0.01,,942.73,1,2026-02-20 01:30:00+00:00,237.05
Sports,KXNCAAMBSPREAD-26FEB05ELONHAMP,Elon at Hampton: Spread,KXNCAAMBSPREAD-26FEB05ELONHAMP-HAMP11,Hampton wins by over 11.5 Points,0.0,0.01,0.01,0.01,,937.99,1,2026-02-20 00:00:00+00:00,235.55
Sports,KXNBABLK-26FEB05SASDAL,San Antonio at Dallas: Blocks,KXNBABLK-26FEB05SASDAL-SASVWEMBANYAMA1-3,Victor Wembanyama: 3+,0.26,0.41,0.335,0.22,0.15,931.91,1,2026-02-20 01:30:00+00:00,237.05
Sports,KXNCAAMBSPREAD-26FEB05CITSAM,The Citadel at Samford: Spread,KXNCAAMBSPREAD-26FEB05CITSAM-SAM13,Samford wins by over 13.5 Points,0.03,0.15,0.09,0.32,0.12,925.21,1,2026-02-20 01:00:00+00:00,236.55
Sports,KXNCAAMBTOTAL-26FEB05ACUVU,Abilene Christian at Utah Valley: Total Points,KXNCAAMBTOTAL-26FEB05ACUVU-161,Over 161.5 points scored,0.0,0.01,0.01,0.01,,921.99,1,2026-02-20 01:00:00+00:00,236.55
Sports,KXNBAPTS-26FEB05SASDAL,San Antonio at Dallas: Points,KXNBAPTS-26FEB05SASDAL-SASSCASTLE5-10,Stephon Castle: 10+,0.0,0.93,0.93,0.93,,918.53,1,2026-02-20 01:30:00+00:00,237.05
Sports,KXNCAAMBSPREAD-26FEB05WIUTNTC,Western Illinois at Tennessee Tech: Spread,KXNCAAMBSPREAD-26FEB05WIUTNTC-WIU1,Western Illinois wins by over 1.5 Points,0.03,0.79,0.41,0.0,0.76,908.24,1,2026-02-20 01:30:00+00:00,237.05
Sports,KXNCAAMBSPREAD-26FEB05OSUMD,Ohio St. at Maryland: Spread,KXNCAAMBSPREAD-26FEB05OSUMD-MD8,Maryland wins by over 8.5 Points,0.0,0.03,0.01,0.01,,888.84,1,2026-02-20 01:30:00+00:00,237.05
Sports,KXNCAAMBSPREAD-26FEB05ELONHAMP,Elon at Hampton: Spread,KXNCAAMBSPREAD-26FEB05ELONHAMP-HAMP2,Hampton wins by over 2.5 Points,0.99,1.0,0.995,0.99,0.01,884.76,1,2026-02-20 00:00:00+00:00,235.55
Sports,KXNCAAMBSPREAD-26FEB05USIUTM,Southern Indiana at Tennessee-Martin: Spread,KXNCAAMBSPREAD-26FEB05USIUTM-USI1,Southern Indiana wins by over 1.5 Points,0.01,0.79,0.4,0.01,0.78,879.15,1,2026-02-20 01:30:00+00:00,237.05
Sports,KXNBATOTAL-26FEB05UTAATL,Utah at Atlanta: Total Points,KXNBATOTAL-26FEB05UTAATL-225,Over 225.5 points scored,0.99,1.0,0.995,0.99,0.01,863.24,1,2026-02-20 00:30:00+00:00,236.05
Sports,KXNHLFIRSTGOAL-26FEB05NSHWSH,NSH Predators at WSH Capitals: First Goal,KXNHLFIRSTGOAL-26FEB05NSHWSH-NSHEHAULA56,Erik Haula,0.0,0.19,0.03,0.03,,839.8,1,2026-02-20 00:00:00+00:00,235.55
Sports,KXNCAAMBSPREAD-26FEB05CITSAM,The Citadel at Samford: Spread,KXNCAAMBSPREAD-26FEB05CITSAM-SAM22,Samford wins by over 22.5 Points,0.0,0.65,0.01,0.01,,834.62,1,2026-02-20 01:00:00+00:00,236.55
Sports,KXNCAAMBSPREAD-26FEB05CITSAM,The Citadel at Samford: Spread,KXNCAAMBSPREAD-26FEB05CITSAM-SAM25,Samford wins by over 25.5 Points,0.0,0.79,0.01,0.01,,809.68,1,2026-02-20 01:00:00+00:00,236.55
Sports,KXNBAPTS-26FEB05CHAHOU,Charlotte at Houston: Points,KXNBAPTS-26FEB05CHAHOU-HOUATHOMPSON1-15,Amen Thompson: 15+,0.0,0.25,0.91,0.91,,767.22,1,2026-02-20 01:00:00+00:00,236.55
Sports,KXNBAPTS-26FEB05CHAHOU,Charlotte at Houston: Points,KXNBAPTS-26FEB05CHAHOU-CHALBALL1-25,LaMelo Ball: 25+,0.0,0.48,0.55,0.55,,760.81,1,2026-02-20 01:00:00+00:00,236.55
Sports,KXNBAPTS-26FEB05UTAATL,Utah at Atlanta: Points,KXNBAPTS-26FEB05UTAATL-UTALMARKKANEN23-25,Lauri Markkanen: 25+,0.0,0.97,0.53,0.53,,740.92,1,2026-02-20 00:30:00+00:00,236.05
Sports,KXNBAAST-26FEB05CHAHOU,Charlotte at Houston: Assists,KXNBAAST-26FEB05CHAHOU-HOUATHOMPSON1-6,Amen Thompson: 6+,0.02,0.98,0.5,0.96,0.96,738.5,1,2026-02-20 01:00:00+00:00,236.55
Sports,KXNBAREB-26FEB05CHITOR,Chicago at Toronto: Rebounds,KXNBAREB-26FEB05CHITOR-TORSBARNES4-9,Scottie Barnes: 9+,0.0,0.98,0.52,0.52,,738.0,1,2026-02-20 00:30:00+00:00,236.05
Sports,KXNBAAST-26FEB05CHAHOU,Charlotte at Houston: Assists,KXNBAAST-26FEB05CHAHOU-CHAKKNUEPPEL7-4,Kon Knueppel: 4+,0.04,0.98,0.51,0.79,0.94,734.47,1,2026-02-20 01:00:00+00:00,236.55
Sports,KXNBAAST-26FEB05SASDAL,San Antonio at Dallas: Assists,KXNBAAST-26FEB05SASDAL-SASVWEMBANYAMA1-3,Victor Wembanyama: 3+,0.65,0.77,0.71,0.52,0.12,733.86,1,2026-02-20 01:30:00+00:00,237.05
Sports,KXNCAAMBTOTAL-26FEB05ACUVU,Abilene Christian at Utah Valley: Total Points,KXNCAAMBTOTAL-26FEB05ACUVU-146,Over 146.5 points scored,0.0,0.01,0.01,0.01,,731.9,1,2026-02-20 01:00:00+00:00,236.55
Sports,KXNBAPTS-26FEB05CHAHOU,Charlotte at Houston: Points,KXNBAPTS-26FEB05CHAHOU-HOUKDURANT7-30,Kevin Durant: 30+,0.99,1.0,0.995,0.99,0.01,705.95,1,2026-02-20 01:00:00+00:00,236.55
Sports,KXNCAAMBSPREAD-26FEB05CITSAM,The Citadel at Samford: Spread,KXNCAAMBSPREAD-26FEB05CITSAM-SAM1,Samford wins by over 1.5 Points,0.21,1.0,0.605,0.99,0.79,704.54,1,2026-02-20 01:00:00+00:00,236.55
Sports,KXNBAALLSTARS-26,Pro Basketball All Stars?,KXNBAALLSTARS-26-JRAN,Julius Randle,0.02,1.0,0.51,0.02,0.98,700.57,1,2026-02-17 15:00:00+00:00,178.55
Sports,KXNBAREB-26FEB05CHAHOU,Charlotte at Houston: Rebounds,KXNBAREB-26FEB05CHAHOU-HOUATHOMPSON1-6,Amen Thompson: 6+,0.0,0.98,0.79,0.79,,691.0,1,2026-02-20 01:00:00+00:00,236.55
Sports,KXNCAAMBSPREAD-26FEB05NEOMUND,Omaha at North Dakota: Spread,KXNCAAMBSPREAD-26FEB05NEOMUND-UND16,North Dakota wins by over 16.5 Points,0.0,0.06,0.01,0.01,,689.37,1,2026-02-20 01:00:00+00:00,236.55
Sports,KXNCAAMBSPREAD-26FEB05CITSAM,The Citadel at Samford: Spread,KXNCAAMBSPREAD-26FEB05CITSAM-CIT2,The Citadel wins by over 2.5 Points,0.0,0.53,0.01,0.01,,689.3,1,2026-02-20 01:00:00+00:00,236.55
Sports,KXNBAREB-26FEB05CHAHOU,Charlotte at Houston: Rebounds,KXNBAREB-26FEB05CHAHOU-HOUATHOMPSON1-7,Amen Thompson: 7+,0.02,0.98,0.5,0.99,0.96,689.0,1,2026-02-20 01:00:00+00:00,236.55
Sports,KXNBABLK-26FEB05SASDAL,San Antonio at Dallas: Blocks,KXNBABLK-26FEB05SASDAL-SASVWEMBANYAMA1-2,Victor Wembanyama: 2+,0.6,0.72,0.66,0.74,0.12,688.12,1,2026-02-20 01:30:00+00:00,237.05
Sports,KXNCAAMBSPREAD-26FEB05MORESEMO,Morehead St. at Southeast Missouri St.: Spread,KXNCAAMBSPREAD-26FEB05MORESEMO-MORE7,Morehead St. wins by over 7.5 Points,0.01,0.79,0.4,0.01,0.78,686.41,1,2026-02-20 01:30:00+00:00,237.05
Sports,KXNCAAMBSPREAD-26FEB05ACUVU,Abilene Christian at Utah Valley: Spread,KXNCAAMBSPREAD-26FEB05ACUVU-AC2,Abilene Christian wins by over 2.5 Points,0.0,0.06,0.01,0.01,,685.11,1,2026-02-20 01:00:00+00:00,236.55
Sports,KXNHLFIRSTGOAL-26FEB05OTTPHI,OTT Senators at PHI Flyers: First Goal,KXNHLFIRSTGOAL-26FEB05OTTPHI-OTTTCHABOT72,Thomas Chabot,0.0,0.22,0.0,0.0,,678.68,1,2026-02-20 00:00:00+00:00,235.55
Sports,KXNCAAMBSPREAD-26FEB05ACUVU,Abilene Christian at Utah Valley: Spread,KXNCAAMBSPREAD-26FEB05ACUVU-UVU4,Utah Valley wins by over 4.5 Points,0.21,1.0,0.605,0.99,0.79,659.78,1,2026-02-20 01:00:00+00:00,236.55
Sports,KXNHLGOAL-26FEB05NSHWSH,NSH Predators at WSH Capitals: Anytime Goal,KXNHLGOAL-26FEB05NSHWSH-WSHDSTROME17,Dylan Strome,0.0,0.96,0.0,0.0,,655.81,1,2026-02-20 00:00:00+00:00,235.55
Sports,KXNHLGOAL-26FEB05NSHWSH,NSH Predators at WSH Capitals: Anytime Goal,KXNHLGOAL-26FEB05NSHWSH-NSHROREILLY90,Ryan O'Reilly,0.0,0.96,0.28,0.28,,643.1,1,2026-02-20 00:00:00+00:00,235.55
Sports,KXNHLGOAL-26FEB05NSHWSH,NSH Predators at WSH Capitals: Anytime Goal,KXNHLGOAL-26FEB05NSHWSH-WSHAOVECHKIN8,Alex Ovechkin,0.0,0.96,0.39,0.39,,642.14,1,2026-02-20 00:00:00+00:00,235.55
Sports,KXNBAPTS-26FEB05UTAATL,Utah at Atlanta: Points,KXNBAPTS-26FEB05UTAATL-ATLDDANIELS5-15,Dyson Daniels: 15+,0.0,0.97,0.36,0.36,,635.08,1,2026-02-20 00:30:00+00:00,236.05
Sports,KXNHLGOAL-26FEB05OTTPHI,OTT Senators at PHI Flyers: Anytime Goal,KXNHLGOAL-26FEB05OTTPHI-OTTCGIROUX28,Claude Giroux,0.0,0.94,0.17,0.17,,634.14,1,2026-02-20 00:00:00+00:00,235.55
Sports,KXNBAPTS-26FEB05UTAATL,Utah at Atlanta: Points,KXNBAPTS-26FEB05UTAATL-ATLCMCCOLLUM3-10,CJ McCollum: 10+,0.0,0.97,0.45,0.45,,627.34,1,2026-02-20 00:30:00+00:00,236.05
Sports,KXNBAPTS-26FEB05UTAATL,Utah at Atlanta: Points,KXNBAPTS-26FEB05UTAATL-ATLCMCCOLLUM3-15,CJ McCollum: 15+,0.0,0.6,0.05,0.05,,627.18,1,2026-02-20 00:30:00+00:00,236.05
Sports,KXNHLFIRSTGOAL-26FEB05PITBUF,PIT Penguins at BUF Sabres: First Goal,KXNHLFIRSTGOAL-26FEB05PITBUF-BUFATUCH89,Alex Tuch,0.0,0.23,0.23,0.23,,623.15,1,2026-02-20 00:00:00+00:00,235.55
Sports,KXNHLGOAL-26FEB05FLATB,FLA Panthers at TB Lightning: Anytime Goal,KXNHLGOAL-26FEB05FLATB-FLASREINHART13,Sam Reinhart,0.0,0.92,0.21,0.21,,622.06,1,2026-02-20 00:30:00+00:00,236.05
Sports,KXNBA3PT-26FEB05CHITOR,Chicago at Toronto: Three Pointers,KXNBA3PT-26FEB05CHITOR-TORSBARNES4-3,Scottie Barnes: 3+,0.0,0.45,0.18,0.18,,613.87,1,2026-02-20 00:30:00+00:00,236.05
Sports,KXNHLGOAL-26FEB05NSHWSH,NSH Predators at WSH Capitals: Anytime Goal,KXNHLGOAL-26FEB05NSHWSH-NSHFFORSBERG9,Filip Forsberg,0.0,0.96,0.35,0.35,,612.03,1,2026-02-20 00:00:00+00:00,235.55
Sports,KXNBABLK-26FEB05SASDAL,San Antonio at Dallas: Blocks,KXNBABLK-26FEB05SASDAL-DALCFLAGG32-1,Cooper Flagg: 1+,0.01,0.89,0.45,0.49,0.88,611.28,1,2026-02-20 01:30:00+00:00,237.05
Sports,KXNBABLK-26FEB05SASDAL,San Antonio at Dallas: Blocks,KXNBABLK-26FEB05SASDAL-DALCFLAGG32-2,Cooper Flagg: 2+,0.0,0.93,0.24,0.24,,611.0,1,2026-02-20 01:30:00+00:00,237.05
Sports,KXNBAPTS-26FEB05UTAATL,Utah at Atlanta: Points,KXNBAPTS-26FEB05UTAATL-ATLCMCCOLLUM3-20,CJ McCollum: 20+,0.0,0.97,0.37,0.37,,609.94,1,2026-02-20 00:30:00+00:00,236.05
Sports,KXNBAPTS-26FEB05UTAATL,Utah at Atlanta: Points,KXNBAPTS-26FEB05UTAATL-ATLNALEXANDERWALKER7-20,Nickeil Alexander-Walker: 20+,0.0,0.98,0.78,0.78,,609.16,1,2026-02-20 00:30:00+00:00,236.05
Sports,KXNBAREB-26FEB05CHITOR,Chicago at Toronto: Rebounds,KXNBAREB-26FEB05CHITOR-TORSBARNES4-8,Scottie Barnes: 8+,0.0,0.71,0.5,0.5,,608.15,1,2026-02-20 00:30:00+00:00,236.05
Sports,KXNCAAMBSPREAD-26FEB05ACUVU,Abilene Christian at Utah Valley: Spread,KXNCAAMBSPREAD-26FEB05ACUVU-UVU1,Utah Valley wins by over 1.5 Points,0.98,1.0,0.99,0.99,0.02,606.78,1,2026-02-20 01:00:00+00:00,236.55
Sports,KXNBAPTS-26FEB05CHITOR,Chicago at Toronto: Points,KXNBAPTS-26FEB05CHITOR-TORSBARNES4-25,Scottie Barnes: 25+,0.0,0.06,0.13,0.13,,606.58,1,2026-02-20 00:30:00+00:00,236.05
Sports,KXCS2MAP-26FEB01NRGMOUZ-2,IEM Krakow 2026: NRG vs. MOUZ Map 2,KXCS2MAP-26FEB01NRGMOUZ-2-NRG,NRG,0.0,0.1,0.15,0.15,,605.62,1,2026-02-15 13:00:00+00:00,128.55
Sports,KXNBAPTS-26FEB05UTAATL,Utah at Atlanta: Points,KXNBAPTS-26FEB05UTAATL-ATLCMCCOLLUM3-25,CJ McCollum: 25+,0.0,0.06,0.2,0.2,,603.48,1,2026-02-20 00:30:00+00:00,236.05
Sports,KXNBAPTS-26FEB05UTAATL,Utah at Atlanta: Points,KXNBAPTS-26FEB05UTAATL-ATLJJOHNSON1-25,Jalen Johnson: 25+,0.0,0.95,0.14,0.14,,603.2,1,2026-02-20 00:30:00+00:00,236.05
Sports,KXNCAAMBSPREAD-26FEB05USIUTM,Southern Indiana at Tennessee-Martin: Spread,KXNCAAMBSPREAD-26FEB05USIUTM-USI4,Southern Indiana wins by over 4.5 Points,0.0,0.06,0.01,0.01,,602.31,1,2026-02-20 01:30:00+00:00,237.05
Sports,KXNBA2D-26FEB05UTAATL,Utah at Atlanta: Double Doubles,KXNBA2D-26FEB05UTAATL-ATLJJOHNSON1,Jalen Johnson,0.99,1.0,0.995,0.99,0.01,600.0,1,2026-02-20 00:30:00+00:00,236.05
Sports,KXNCAAMBSPREAD-26FEB05CITSAM,The Citadel at Samford: Spread,KXNCAAMBSPREAD-26FEB05CITSAM-SAM28,Samford wins by over 28.5 Points,0.0,0.06,0.01,0.01,,597.3,1,2026-02-20 01:00:00+00:00,236.55
Sports,KXSSHIELDMATCH-26FEB04TIGWEA,Western Australia vs Tasmania Tigers,KXSSHIELDMATCH-26FEB04TIGWEA-WEA,Western Australia,0.01,0.99,0.5,0.0,0.98,594.0,1,2026-02-20 02:30:00+00:00,238.05
Sports,KXSSHIELDMATCH-26FEB04TIGWEA,Western Australia vs Tasmania Tigers,KXSSHIELDMATCH-26FEB04TIGWEA-TIG,Tasmania Tigers,0.01,0.99,0.5,0.0,0.98,594.0,1,2026-02-20 02:30:00+00:00,238.05
Sports,KXSSHIELDMATCH-26FEB04TIGWEA,Western Australia vs Tasmania Tigers,KXSSHIELDMATCH-26FEB04TIGWEA-TIE,Tie/Draw,0.01,0.99,0.5,0.0,0.98,594.0,1,2026-02-20 02:30:00+00:00,238.05
Sports,KXSSHIELDMATCH-26FEB04REDBLU,New South Wales Blues vs South Australia Redbacks,KXSSHIELDMATCH-26FEB04REDBLU-TIE,Tie/Draw,0.01,0.99,0.5,0.0,0.98,594.0,1,2026-02-19 23:30:00+00:00,235.05
Sports,KXSSHIELDMATCH-26FEB04REDBLU,New South Wales Blues vs South Australia Redbacks,KXSSHIELDMATCH-26FEB04REDBLU-RED,South Australia Redbacks,0.01,0.99,0.5,0.0,0.98,594.0,1,2026-02-19 23:30:00+00:00,235.05
Sports,KXSSHIELDMATCH-26FEB04BULVIC,Victoria vs Queensland Bulls,KXSSHIELDMATCH-26FEB04BULVIC-VIC,Victoria,0.01,0.99,0.5,0.0,0.98,594.0,1,2026-02-19 23:30:00+00:00,235.05
Sports,KXSSHIELDMATCH-26FEB04BULVIC,Victoria vs Queensland Bulls,KXSSHIELDMATCH-26FEB04BULVIC-TIE,Tie/Draw,0.01,0.99,0.5,0.0,0.98,594.0,1,2026-02-19 23:30:00+00:00,235.05
Sports,KXSSHIELDMATCH-26FEB04BULVIC,Victoria vs Queensland Bulls,KXSSHIELDMATCH-26FEB04BULVIC-BUL,Queensland Bulls,0.01,0.99,0.5,0.0,0.98,594.0,1,2026-02-19 23:30:00+00:00,235.05
Sports,KXNHLGOAL-26FEB05NSHWSH,NSH Predators at WSH Capitals: Anytime Goal,KXNHLGOAL-26FEB05NSHWSH-WSHJSOURDIF34,Justin Sourdif,0.0,0.95,0.2,0.2,,593.39,1,2026-02-20 00:00:00+00:00,235.55
Sports,KXSSHIELDMATCH-26FEB04REDBLU,New South Wales Blues vs South Australia Redbacks,KXSSHIELDMATCH-26FEB04REDBLU-BLU,New South Wales Blues,0.02,0.99,0.505,0.01,0.97,592.9,1,2026-02-19 23:30:00+00:00,235.05
Sports,KXNHLGOAL-26FEB05NSHWSH,NSH Predators at WSH Capitals: Anytime Goal,KXNHLGOAL-26FEB05NSHWSH-NSHSSTAMKOS91,Steven Stamkos,0.0,0.96,0.0,0.0,,590.61,1,2026-02-20 00:00:00+00:00,235.55
Sports,KXNHLGOAL-26FEB05OTTPHI,OTT Senators at PHI Flyers: Anytime Goal,KXNHLGOAL-26FEB05OTTPHI-OTTDBATHERSON19,Drake Batherson,0.0,0.92,0.25,0.25,,590.25,1,2026-02-20 00:00:00+00:00,235.55
Sports,KXNBAREB-26FEB05SASDAL,San Antonio at Dallas: Rebounds,KXNBAREB-26FEB05SASDAL-SASSCASTLE5-4,Stephon Castle: 4+,0.0,0.97,0.62,0.62,,589.0,1,2026-02-20 01:30:00+00:00,237.05
Sports,KXNBAAST-26FEB05SASDAL,San Antonio at Dallas: Assists,KXNBAAST-26FEB05SASDAL-SASDFOX4-8,De'Aaron Fox: 8+,0.0,0.97,0.35,0.35,,589.0,1,2026-02-20 01:30:00+00:00,237.05
Sports,KXNBAREB-26FEB05CHAHOU,Charlotte at Houston: Rebounds,KXNBAREB-26FEB05CHAHOU-CHAKKNUEPPEL7-6,Kon Knueppel: 6+,0.0,0.97,0.42,0.42,,589.0,1,2026-02-20 01:00:00+00:00,236.55
Sports,KXNHLGOAL-26FEB05FLATB,FLA Panthers at TB Lightning: Anytime Goal,KXNHLGOAL-26FEB05FLATB-FLASBENNETT9,Sam Bennett,0.0,0.9,0.9,0.9,,586.54,1,2026-02-20 00:30:00+00:00,236.05
Sports,KXNBAPTS-26FEB05UTAATL,Utah at Atlanta: Points,KXNBAPTS-26FEB05UTAATL-UTALMARKKANEN23-30,Lauri Markkanen: 30+,0.0,0.94,0.61,0.61,,578.46,1,2026-02-20 00:30:00+00:00,236.05
Sports,KXNHLGOAL-26FEB05OTTPHI,OTT Senators at PHI Flyers: Anytime Goal,KXNHLGOAL-26FEB05OTTPHI-OTTSPINTO12,Shane Pinto,0.0,0.96,0.23,0.23,,577.17,1,2026-02-20 00:00:00+00:00,235.55
Sports,KXNBAPTS-26FEB05SASDAL,San Antonio at Dallas: Points,KXNBAPTS-26FEB05SASDAL-SASDFOX4-20,De'Aaron Fox: 20+,0.0,0.12,0.11,0.11,,574.22,1,2026-02-20 01:30:00+00:00,237.05
Sports,KXNHLGOAL-26FEB05FLATB,FLA Panthers at TB Lightning: Anytime Goal,KXNHLGOAL-26FEB05FLATB-TBDRADDYSH43,Darren Raddysh,0.0,0.97,0.27,0.27,,572.07,1,2026-02-20 00:30:00+00:00,236.05
Sports,KXNBAREB-26FEB05UTAATL,Utah at Atlanta: Rebounds,KXNBAREB-26FEB05UTAATL-ATLNALEXANDERWALKER7-8,Nickeil Alexander-Walker: 8+,0.0,0.06,0.0,0.0,,571.12,1,2026-02-20 00:30:00+00:00,236.05
Sports,KXNHLGOAL-26FEB05FLATB,FLA Panthers at TB Lightning: Anytime Goal,KXNHLGOAL-26FEB05FLATB-FLACVERHAEGHE23,Carter Verhaeghe,0.0,0.97,0.94,0.94,,571.1,1,2026-02-20 00:30:00+00:00,236.05
Sports,KXNHLGOAL-26FEB05PITBUF,PIT Penguins at BUF Sabres: Anytime Goal,KXNHLGOAL-26FEB05PITBUF-PITBRUST17,Bryan Rust,0.0,0.97,0.36,0.36,,571.1,1,2026-02-20 00:00:00+00:00,235.55
Sports,KXNHLGOAL-26FEB05PITBUF,PIT Penguins at BUF Sabres: Anytime Goal,KXNHLGOAL-26FEB05PITBUF-BUFJDOAN91,Josh Doan,0.0,0.97,0.26,0.26,,571.1,1,2026-02-20 00:00:00+00:00,235.55
Sports,KXNHLGOAL-26FEB05PITBUF,PIT Penguins at BUF Sabres: Anytime Goal,KXNHLGOAL-26FEB05PITBUF-BUFATUCH89,Alex Tuch,0.0,0.97,0.36,0.36,,571.1,1,2026-02-20 00:00:00+00:00,235.55
Sports,KXNHLGOAL-26FEB05OTTPHI,OTT Senators at PHI Flyers: Anytime Goal,KXNHLGOAL-26FEB05OTTPHI-PHITZEGRAS46,Trevor Zegras,0.0,0.97,0.28,0.28,,571.1,1,2026-02-20 00:00:00+00:00,235.55
Sports,KXNHLGOAL-26FEB05OTTPHI,OTT Senators at PHI Flyers: Anytime Goal,KXNHLGOAL-26FEB05OTTPHI-PHIBBRINK10,Bobby Brink,0.0,0.97,0.21,0.21,,571.1,1,2026-02-20 00:00:00+00:00,235.55
Sports,KXNHLGOAL-26FEB05NYINJ,NYI Islanders at NJ Devils: Anytime Goal,KXNHLGOAL-26FEB05NYINJ-NJTMEIER28,Timo Meier,0.0,0.97,0.3,0.3,,571.1,1,2026-02-20 00:00:00+00:00,235.55
Sports,KXNHLGOAL-26FEB05NYINJ,NYI Islanders at NJ Devils: Anytime Goal,KXNHLGOAL-26FEB05NYINJ-NJOPALAT18,Ondrej Palat,0.0,0.97,0.2,0.2,,571.1,1,2026-02-20 00:00:00+00:00,235.55
Sports,KXNHLGOAL-26FEB05NYINJ,NYI Islanders at NJ Devils: Anytime Goal,KXNHLGOAL-26FEB05NYINJ-NJCBROWN16,Connor Brown,0.0,0.97,0.23,0.23,,571.1,1,2026-02-20 00:00:00+00:00,235.55
Sports,KXNHLGOAL-26FEB05NSHWSH,NSH Predators at WSH Capitals: Anytime Goal,KXNHLGOAL-26FEB05NSHWSH-WSHEFRANK53,Ethen Frank,0.0,0.97,0.2,0.2,,571.1,1,2026-02-20 00:00:00+00:00,235.55
Sports,KXNBASTL-26FEB05SASDAL,San Antonio at Dallas: Steals,KXNBASTL-26FEB05SASDAL-DALCFLAGG32-3,Cooper Flagg: 3+,0.0,0.98,0.0,0.0,,563.56,1,2026-02-20 01:30:00+00:00,237.05
Sports,KXNBASTL-26FEB05CHAHOU,Charlotte at Houston: Steals,KXNBASTL-26FEB05CHAHOU-CHALBALL1-2,LaMelo Ball: 2+,0.0,0.92,0.31,0.31,,563.04,1,2026-02-20 01:00:00+00:00,236.55
Sports,KXNBAPTS-26FEB05CHAHOU,Charlotte at Houston: Points,KXNBAPTS-26FEB05CHAHOU-CHAMBRIDGES0-25,Miles Bridges: 25+,0.0,0.1,0.1,0.1,,557.74,1,2026-02-20 01:00:00+00:00,236.55
Sports,KXNBAPTS-26FEB05SASDAL,San Antonio at Dallas: Points,KXNBAPTS-26FEB05SASDAL-SASDFOX4-30,De'Aaron Fox: 30+,0.0,0.08,0.07,0.07,,554.34,1,2026-02-20 01:30:00+00:00,237.05
Sports,KXNHLGOAL-26FEB05PITBUF,PIT Penguins at BUF Sabres: Anytime Goal,KXNHLGOAL-26FEB05PITBUF-PITSCROSBY87,Sidney Crosby,0.0,0.92,0.38,0.38,,554.05,1,2026-02-20 00:00:00+00:00,235.55
Sports,KXNBAPTS-26FEB05CHAHOU,Charlotte at Houston: Points,KXNBAPTS-26FEB05CHAHOU-HOUATHOMPSON1-20,Amen Thompson: 20+,0.0,0.06,0.35,0.35,,553.98,1,2026-02-20 01:00:00+00:00,236.55
Sports,KXNBAPTS-26FEB05UTAATL,Utah at Atlanta: Points,KXNBAPTS-26FEB05UTAATL-ATLNALEXANDERWALKER7-25,Nickeil Alexander-Walker: 25+,0.0,0.99,0.31,0.31,,553.41,1,2026-02-20 00:30:00+00:00,236.05
Sports,KXNBAREB-26FEB05SASDAL,San Antonio at Dallas: Rebounds,KXNBAREB-26FEB05SASDAL-SASVWEMBANYAMA1-14,Victor Wembanyama: 14+,0.0,0.96,0.3,0.3,,553.02,1,2026-02-20 01:30:00+00:00,237.05
Sports,KXNBAREB-26FEB05CHAHOU,Charlotte at Houston: Rebounds,KXNBAREB-26FEB05CHAHOU-HOUKDURANT7-6,Kevin Durant: 6+,0.0,0.96,0.5,0.5,,553.02,1,2026-02-20 01:00:00+00:00,236.55
Sports,KXNBAREB-26FEB05CHAHOU,Charlotte at Houston: Rebounds,KXNBAREB-26FEB05CHAHOU-HOUASENGUN28-10,Alperen Sengun: 10+,0.0,0.96,0.4,0.4,,553.02,1,2026-02-20 01:00:00+00:00,236.55
Sports,KXNBAAST-26FEB05CHAHOU,Charlotte at Houston: Assists,KXNBAAST-26FEB05CHAHOU-CHALBALL1-6,LaMelo Ball: 6+,0.0,0.96,0.6,0.6,,553.02,1,2026-02-20 01:00:00+00:00,236.55
Sports,KXNHLGOAL-26FEB05FLATB,FLA Panthers at TB Lightning: Anytime Goal,KXNHLGOAL-26FEB05FLATB-TBNKUCHEROV86,Nikita Kucherov,0.0,0.93,0.37,0.37,,552.14,1,2026-02-20 00:30:00+00:00,236.05
Sports,KXNHLGOAL-26FEB05NYINJ,NYI Islanders at NJ Devils: Anytime Goal,KXNHLGOAL-26FEB05NYINJ-NJJBRATT63,Jesper Bratt,0.0,0.93,0.92,0.92,,550.17,1,2026-02-20 00:00:00+00:00,235.55
Sports,KXNBAPTS-26FEB05UTAATL,Utah at Atlanta: Points,KXNBAPTS-26FEB05UTAATL-ATLDDANIELS5-10,Dyson Daniels: 10+,0.99,1.0,0.995,0.99,0.01,547.71,1,2026-02-20 00:30:00+00:00,236.05
Sports,KXNBA3PT-26FEB05SASDAL,San Antonio at Dallas: Three Pointers,KXNBA3PT-26FEB05SASDAL-SASDFOX4-5,De'Aaron Fox: 5+,0.0,0.06,0.04,0.04,,547.5,1,2026-02-20 01:30:00+00:00,237.05
Sports,KXNHLGOAL-26FEB05NSHWSH,NSH Predators at WSH Capitals: Anytime Goal,KXNHLGOAL-26FEB05NSHWSH-WSHRLEONARD9,Ryan Leonard,0.0,0.96,0.23,0.23,,547.08,1,2026-02-20 00:00:00+00:00,235.55
Sports,KXNBAPTS-26FEB05UTAATL,Utah at Atlanta: Points,KXNBAPTS-26FEB05UTAATL-ATLNALEXANDERWALKER7-30,Nickeil Alexander-Walker: 30+,0.0,0.99,0.0,0.0,,546.48,1,2026-02-20 00:30:00+00:00,236.05
Sports,KXNBAPTS-26FEB05CHITOR,Chicago at Toronto: Points,KXNBAPTS-26FEB05CHITOR-TORSBARNES4-15,Scottie Barnes: 15+,0.0,0.96,0.2,0.2,,546.19,1,2026-02-20 00:30:00+00:00,236.05
Sports,KXNHLGOAL-26FEB05FLATB,FLA Panthers at TB Lightning: Anytime Goal,KXNHLGOAL-26FEB05FLATB-TBOBJORKSTRAND22,Oliver Bjorkstrand,0.0,0.92,0.11,0.11,,546.09,1,2026-02-20 00:30:00+00:00,236.05
Sports,KXNHLGOAL-26FEB05OTTPHI,OTT Senators at PHI Flyers: Anytime Goal,KXNHLGOAL-26FEB05OTTPHI-PHIOTIPPETT74,Owen Tippett,0.0,0.95,0.28,0.28,,544.15,1,2026-02-20 00:00:00+00:00,235.55
Sports,KXNHLFIRSTGOAL-26FEB05NYINJ,NYI Islanders at NJ Devils: First Goal,KXNHLFIRSTGOAL-26FEB05NYINJ-NYIMTSYPLAKOV7,Maxim Tsyplakov,0.0,0.88,0.0,0.0,,540.25,1,2026-02-20 00:00:00+00:00,235.55
Sports,KXNBAREB-26FEB05CHAHOU,Charlotte at Houston: Rebounds,KXNBAREB-26FEB05CHAHOU-HOUKDURANT7-10,Kevin Durant: 10+,0.0,0.78,0.07,0.07,,539.22,1,2026-02-20 01:00:00+00:00,236.55
Sports,KXNBASTL-26FEB05CHAHOU,Charlotte at Houston: Steals,KXNBASTL-26FEB05CHAHOU-HOUATHOMPSON1-3,Amen Thompson: 3+,0.0,0.81,0.22,0.22,,538.34,1,2026-02-20 01:00:00+00:00,236.55
Sports,KXNBAREB-26FEB05CHITOR,Chicago at Toronto: Rebounds,KXNBAREB-26FEB05CHITOR-TORSBARNES4-10,Scottie Barnes: 10+,0.0,0.5,0.43,0.43,,538.2,1,2026-02-20 00:30:00+00:00,236.05
Sports,KXNBA3PT-26FEB05SASDAL,San Antonio at Dallas: Three Pointers,KXNBA3PT-26FEB05SASDAL-DALCFLAGG32-4,Cooper Flagg: 4+,0.0,0.81,0.07,0.07,,537.36,1,2026-02-20 01:30:00+00:00,237.05
Sports,KXNHLGOAL-26FEB05PITBUF,PIT Penguins at BUF Sabres: Anytime Goal,KXNHLGOAL-26FEB05PITBUF-PITAMANTHA39,Anthony Mantha,0.0,0.97,0.3,0.3,,537.15,1,2026-02-20 00:00:00+00:00,235.55
Sports,KXNHLGOAL-26FEB05PITBUF,PIT Penguins at BUF Sabres: Anytime Goal,KXNHLGOAL-26FEB05PITBUF-BUFRDAHLIN26,Rasmus Dahlin,0.0,0.97,0.23,0.23,,537.15,1,2026-02-20 00:00:00+00:00,235.55
Sports,KXNHLGOAL-26FEB05PITBUF,PIT Penguins at BUF Sabres: Anytime Goal,KXNHLGOAL-26FEB05PITBUF-BUFNOSTLUND86,Noah Ostlund,0.0,0.97,0.18,0.18,,537.15,1,2026-02-20 00:00:00+00:00,235.55
Sports,KXNHLGOAL-26FEB05PITBUF,PIT Penguins at BUF Sabres: Anytime Goal,KXNHLGOAL-26FEB05PITBUF-BUFJQUINN22,Jack Quinn,0.0,0.97,0.26,0.26,,537.15,1,2026-02-20 00:00:00+00:00,235.55
Sports,KXNBAREB-26FEB05CHAHOU,Charlotte at Houston: Rebounds,KXNBAREB-26FEB05CHAHOU-CHAMBRIDGES0-8,Miles Bridges: 8+,0.0,0.81,0.17,0.17,,535.77,1,2026-02-20 01:00:00+00:00,236.55
Sports,KXNBAREB-26FEB05SASDAL,San Antonio at Dallas: Rebounds,KXNBAREB-26FEB05SASDAL-SASVWEMBANYAMA1-16,Victor Wembanyama: 16+,0.0,0.95,0.19,0.19,,535.0,1,2026-02-20 01:30:00+00:00,237.05
Sports,KXNBA3PT-26FEB05SASDAL,San Antonio at Dallas: Three Pointers,KXNBA3PT-26FEB05SASDAL-SASSCASTLE5-2,Stephon Castle: 2+,0.0,0.95,0.46,0.46,,535.0,1,2026-02-20 01:30:00+00:00,237.05
Sports,KXNBAAST-26FEB05SASDAL,San Antonio at Dallas: Assists,KXNBAAST-26FEB05SASDAL-SASSCASTLE5-6,Stephon Castle: 6+,0.0,0.95,0.54,0.54,,531.0,1,2026-02-20 01:30:00+00:00,237.05
Sports,KXNBA3PT-26FEB05CHAHOU,Charlotte at Houston: Three Pointers,KXNBA3PT-26FEB05CHAHOU-CHAKKNUEPPEL7-3,Kon Knueppel: 3+,0.0,0.95,0.78,0.78,,531.0,1,2026-02-20 01:00:00+00:00,236.55
Sports,KXNHLGOAL-26FEB05FLATB,FLA Panthers at TB Lightning: Anytime Goal,KXNHLGOAL-26FEB05FLATB-TBGGONCALVES93,Gage Goncalves,0.0,0.95,0.17,0.17,,526.1,1,2026-02-20 00:30:00+00:00,236.05
Sports,KXNHLGOAL-26FEB05FLATB,FLA Panthers at TB Lightning: Anytime Goal,KXNHLGOAL-26FEB05FLATB-TBDJAMES17,Dominic James,0.0,0.95,0.17,0.17,,526.1,1,2026-02-20 00:30:00+00:00,236.05
Sports,KXNBAPTS-26FEB05CHITOR,Chicago at Toronto: Points,KXNBAPTS-26FEB05CHITOR-TORSBARNES4-20,Scottie Barnes: 20+,0.0,0.19,0.21,0.21,,524.24,1,2026-02-20 00:30:00+00:00,236.05
Sports,KXNBAREB-26FEB05CHAHOU,Charlotte at Houston: Rebounds,KXNBAREB-26FEB05CHAHOU-HOUASENGUN28-12,Alperen Sengun: 12+,0.0,0.93,0.24,0.24,,519.04,1,2026-02-20 01:00:00+00:00,236.55
Sports,KXNBAPTS-26FEB05UTAATL,Utah at Atlanta: Points,KXNBAPTS-26FEB05UTAATL-ATLJJOHNSON1-20,Jalen Johnson: 20+,0.99,1.0,0.995,0.99,0.01,518.88,1,2026-02-20 00:30:00+00:00,236.05
Sports,KXNHLGOAL-26FEB05PITBUF,PIT Penguins at BUF Sabres: Anytime Goal,KXNHLGOAL-26FEB05PITBUF-PITRSHEA5,Ryan Shea,0.0,0.97,0.0,0.0,,517.75,1,2026-02-20 00:00:00+00:00,235.55
Sports,KXNBAAST-26FEB05CHAHOU,Charlotte at Houston: Assists,KXNBAAST-26FEB05CHAHOU-HOUASENGUN28-6,Alperen Sengun: 6+,0.0,0.92,0.38,0.38,,516.0,1,2026-02-20 01:00:00+00:00,236.55
Sports,KXNBA3PT-26FEB05CHAHOU,Charlotte at Houston: Three Pointers,KXNBA3PT-26FEB05CHAHOU-CHAKKNUEPPEL7-4,Kon Knueppel: 4+,0.0,0.92,0.36,0.36,,516.0,1,2026-02-20 01:00:00+00:00,236.55
Sports,KXNBAPTS-26FEB05SASDAL,San Antonio at Dallas: Points,KXNBAPTS-26FEB05SASDAL-SASDFOX4-25,De'Aaron Fox: 25+,0.0,0.08,0.17,0.17,,515.68,1,2026-02-20 01:30:00+00:00,237.05
Sports,KXNHLGOAL-26FEB05OTTPHI,OTT Senators at PHI Flyers: Anytime Goal,KXNHLGOAL-26FEB05OTTPHI-PHINCATES27,Noah Cates,0.0,0.97,0.0,0.0,,513.87,1,2026-02-20 00:00:00+00:00,235.55
Sports,KXCS2MAP-26FEB01NRGMOUZ-2,IEM Krakow 2026: NRG vs. MOUZ Map 2,KXCS2MAP-26FEB01NRGMOUZ-2-MOUZ,MOUZ,0.91,1.0,0.955,0.91,0.09,511.61,1,2026-02-15 13:00:00+00:00,128.55
Sports,KXNBAREB-26FEB05SASDAL,San Antonio at Dallas: Rebounds,KXNBAREB-26FEB05SASDAL-SASDFOX4-4,De'Aaron Fox: 4+,0.0,0.9,0.39,0.39,,511.0,1,2026-02-20 01:30:00+00:00,237.05
Sports,KXNHLGOAL-26FEB05OTTPHI,OTT Senators at PHI Flyers: Anytime Goal,KXNHLGOAL-26FEB05OTTPHI-PHITKONECNY11,Travis Konecny,0.0,0.91,0.24,0.24,,509.05,1,2026-02-20 00:00:00+00:00,235.55
Sports,KXNHLGOAL-26FEB05NYINJ,NYI Islanders at NJ Devils: Anytime Goal,KXNHLGOAL-26FEB05NYINJ-NJDMERCER91,Dawson Mercer,0.0,0.97,0.12,0.12,,509.02,1,2026-02-20 00:00:00+00:00,235.55
Sports,KXNHLGOAL-26FEB05OTTPHI,OTT Senators at PHI Flyers: Anytime Goal,KXNHLGOAL-26FEB05OTTPHI-PHIMMICHKOV39,Matvei Michkov,0.0,0.97,0.24,0.24,,508.05,1,2026-02-20 00:00:00+00:00,235.55
Sports,KXNHLGOAL-26FEB05OTTPHI,OTT Senators at PHI Flyers: Anytime Goal,KXNHLGOAL-26FEB05OTTPHI-OTTDCOZENS24,Dylan Cozens,0.0,0.97,0.29,0.29,,508.05,1,2026-02-20 00:00:00+00:00,235.55
Sports,KXNHLGOAL-26FEB05NYINJ,NYI Islanders at NJ Devils: Anytime Goal,KXNHLGOAL-26FEB05NYINJ-NYISHOLMSTROM10,Simon Holmstrom,0.0,0.97,0.2,0.2,,508.05,1,2026-02-20 00:00:00+00:00,235.55
Sports,KXNHLGOAL-26FEB05NYINJ,NYI Islanders at NJ Devils: Anytime Goal,KXNHLGOAL-26FEB05NYINJ-NYIALEE27,Anders Lee,0.0,0.97,0.22,0.22,,508.05,1,2026-02-20 00:00:00+00:00,235.55
Sports,KXNHLGOAL-26FEB05NYINJ,NYI Islanders at NJ Devils: Anytime Goal,KXNHLGOAL-26FEB05NYINJ-NJAGRITSYUK81,Arseny Gritsyuk,0.0,0.97,0.19,0.19,,508.05,1,2026-02-20 00:00:00+00:00,235.55
Sports,KXNHLGOAL-26FEB05NSHWSH,NSH Predators at WSH Capitals: Anytime Goal,KXNHLGOAL-26FEB05NSHWSH-NSHRJOSI59,Roman Josi,0.0,0.97,0.17,0.17,,508.05,1,2026-02-20 00:00:00+00:00,235.55
Sports,KXNBAPTS-26FEB05CHAHOU,Charlotte at Houston: Points,KXNBAPTS-26FEB05CHAHOU-HOUASENGUN28-20,Alperen Sengun: 20+,0.0,0.04,0.12,0.12,,507.0,1,2026-02-20 01:00:00+00:00,236.55
Sports,KXCS2MAP-26FEB01NRGMOUZ-1,IEM Krakow 2026: NRG vs. MOUZ Map 1,KXCS2MAP-26FEB01NRGMOUZ-1-MOUZ,MOUZ,0.91,1.0,0.955,0.91,0.09,506.38,1,2026-02-15 13:00:00+00:00,128.55
Sports,KXNBAREB-26FEB05SASDAL,San Antonio at Dallas: Rebounds,KXNBAREB-26FEB05SASDAL-DALCFLAGG32-10,Cooper Flagg: 10+,0.0,0.87,0.32,0.32,,506.05,1,2026-02-20 01:30:00+00:00,237.05
Sports,KXNBA3PT-26FEB05CHAHOU,Charlotte at Houston: Three Pointers,KXNBA3PT-26FEB05CHAHOU-CHALBALL1-6,LaMelo Ball: 6+,0.13,0.97,0.55,0.42,0.84,504.81,1,2026-02-20 01:00:00+00:00,236.55
Sports,KXNHLFIRSTGOAL-26FEB05PITBUF,PIT Penguins at BUF Sabres: First Goal,KXNHLFIRSTGOAL-26FEB05PITBUF-BUFTTHOMPSON72,Tage Thompson,0.0,0.22,0.23,0.23,,500.51,1,2026-02-20 00:00:00+00:00,235.55
Sports,KXNBAPTS-26FEB05CHAHOU,Charlotte at Houston: Points,KXNBAPTS-26FEB05CHAHOU-HOUASENGUN28-25,Alperen Sengun: 25+,0.0,0.84,0.23,0.23,,500.14,1,2026-02-20 01:00:00+00:00,236.55
Sports,KXNBAPTS-26FEB05SASDAL,San Antonio at Dallas: Points,KXNBAPTS-26FEB05SASDAL-SASVWEMBANYAMA1-20,Victor Wembanyama: 20+,0.99,1.0,0.995,0.99,0.01,499.75,1,2026-02-20 01:30:00+00:00,237.05
Sports,KXNBAPTS-26FEB05CHAHOU,Charlotte at Houston: Points,KXNBAPTS-26FEB05CHAHOU-CHAKKNUEPPEL7-20,Kon Knueppel: 20+,0.99,1.0,0.995,0.99,0.01,499.62,1,2026-02-20 01:00:00+00:00,236.55
Sports,KXNHLGOAL-26FEB05FLATB,FLA Panthers at TB Lightning: Anytime Goal,KXNHLGOAL-26FEB05FLATB-FLAALUNDELL15,Anton Lundell,0.0,0.95,0.21,0.21,,494.09,1,2026-02-20 00:30:00+00:00,236.05
Sports,KXNBAPTS-26FEB05CHAHOU,Charlotte at Houston: Points,KXNBAPTS-26FEB05CHAHOU-CHAMBRIDGES0-15,Miles Bridges: 15+,0.99,1.0,0.995,0.99,0.01,493.94,1,2026-02-20 01:00:00+00:00,236.55
Sports,KXNBAAST-26FEB05CHAHOU,Charlotte at Houston: Assists,KXNBAAST-26FEB05CHAHOU-HOUATHOMPSON1-8,Amen Thompson: 8+,0.0,0.4,0.68,0.68,,493.8,1,2026-02-20 01:00:00+00:00,236.55
Sports,KXNBASTL-26FEB05SASDAL,San Antonio at Dallas: Steals,KXNBASTL-26FEB05SASDAL-SASVWEMBANYAMA1-3,Victor Wembanyama: 3+,0.0,0.98,0.0,0.0,,493.0,1,2026-02-20 01:30:00+00:00,237.05
Sports,KXNBAREB-26FEB05SASDAL,San Antonio at Dallas: Rebounds,KXNBAREB-26FEB05SASDAL-SASVWEMBANYAMA1-12,Victor Wembanyama: 12+,0.0,0.98,0.55,0.55,,493.0,1,2026-02-20 01:30:00+00:00,237.05
Sports,KXNBAREB-26FEB05SASDAL,San Antonio at Dallas: Rebounds,KXNBAREB-26FEB05SASDAL-SASVWEMBANYAMA1-10,Victor Wembanyama: 10+,0.0,0.98,0.83,0.83,,493.0,1,2026-02-20 01:30:00+00:00,237.05
Sports,KXNBAREB-26FEB05SASDAL,San Antonio at Dallas: Rebounds,KXNBAREB-26FEB05SASDAL-DALCFLAGG32-8,Cooper Flagg: 8+,0.0,0.98,0.45,0.45,,493.0,1,2026-02-20 01:30:00+00:00,237.05
Sports,KXNBAREB-26FEB05SASDAL,San Antonio at Dallas: Rebounds,KXNBAREB-26FEB05SASDAL-DALCFLAGG32-6,Cooper Flagg: 6+,0.0,0.98,0.98,0.98,,493.0,1,2026-02-20 01:30:00+00:00,237.05
Sports,KXNBAAST-26FEB05SASDAL,San Antonio at Dallas: Assists,KXNBAAST-26FEB05SASDAL-SASSCASTLE5-8,Stephon Castle: 8+,0.0,0.98,0.42,0.42,,493.0,1,2026-02-20 01:30:00+00:00,237.05
Sports,KXNBA3PT-26FEB05SASDAL,San Antonio at Dallas: Three Pointers,KXNBA3PT-26FEB05SASDAL-SASSCASTLE5-1,Stephon Castle: 1+,0.0,0.98,0.53,0.53,,493.0,1,2026-02-20 01:30:00+00:00,237.05
Sports,KXNBAREB-26FEB05CHAHOU,Charlotte at Houston: Rebounds,KXNBAREB-26FEB05CHAHOU-HOUKDURANT7-4,Kevin Durant: 4+,0.0,0.98,0.95,0.95,,493.0,1,2026-02-20 01:00:00+00:00,236.55
Sports,KXNBAREB-26FEB05CHAHOU,Charlotte at Houston: Rebounds,KXNBAREB-26FEB05CHAHOU-HOUATHOMPSON1-8,Amen Thompson: 8+,0.0,0.98,0.43,0.43,,493.0,1,2026-02-20 01:00:00+00:00,236.55
Sports,KXNBAREB-26FEB05CHAHOU,Charlotte at Houston: Rebounds,KXNBAREB-26FEB05CHAHOU-HOUASENGUN28-8,Alperen Sengun: 8+,0.0,0.98,0.8,0.8,,493.0,1,2026-02-20 01:00:00+00:00,236.55
Sports,KXNBAREB-26FEB05CHAHOU,Charlotte at Houston: Rebounds,KXNBAREB-26FEB05CHAHOU-CHAMBRIDGES0-6,Miles Bridges: 6+,0.0,0.98,0.61,0.61,,493.0,1,2026-02-20 01:00:00+00:00,236.55
Sports,KXNBAREB-26FEB05CHAHOU,Charlotte at Houston: Rebounds,KXNBAREB-26FEB05CHAHOU-CHALBALL1-6,LaMelo Ball: 6+,0.0,0.98,0.0,0.0,,493.0,1,2026-02-20 01:00:00+00:00,236.55
Sports,KXNBAREB-26FEB05CHAHOU,Charlotte at Houston: Rebounds,KXNBAREB-26FEB05CHAHOU-CHALBALL1-4,LaMelo Ball: 4+,0.0,0.98,0.89,0.89,,493.0,1,2026-02-20 01:00:00+00:00,236.55
Sports,KXNBAAST-26FEB05CHAHOU,Charlotte at Houston: Assists,KXNBAAST-26FEB05CHAHOU-HOUASENGUN28-8,Alperen Sengun: 8+,0.0,0.98,0.25,0.25,,493.0,1,2026-02-20 01:00:00+00:00,236.55
Sports,KXNBAAST-26FEB05CHAHOU,Charlotte at Houston: Assists,KXNBAAST-26FEB05CHAHOU-CHAMBRIDGES0-4,Miles Bridges: 4+,0.0,0.98,0.4,0.4,,493.0,1,2026-02-20 01:00:00+00:00,236.55
Sports,KXNBAAST-26FEB05CHAHOU,Charlotte at Houston: Assists,KXNBAAST-26FEB05CHAHOU-CHALBALL1-4,LaMelo Ball: 4+,0.0,0.98,0.0,0.0,,493.0,1,2026-02-20 01:00:00+00:00,236.55
Sports,KXNBA3PT-26FEB05CHAHOU,Charlotte at Houston: Three Pointers,KXNBA3PT-26FEB05CHAHOU-HOUKDURANT7-5,Kevin Durant: 5+,0.0,0.98,0.92,0.92,,493.0,1,2026-02-20 01:00:00+00:00,236.55
Sports,KXNBA3PT-26FEB05CHAHOU,Charlotte at Houston: Three Pointers,KXNBA3PT-26FEB05CHAHOU-HOUKDURANT7-4,Kevin Durant: 4+,0.0,0.98,0.5,0.5,,493.0,1,2026-02-20 01:00:00+00:00,236.55
Sports,KXNBA3PT-26FEB05CHAHOU,Charlotte at Houston: Three Pointers,KXNBA3PT-26FEB05CHAHOU-CHAMBRIDGES0-4,Miles Bridges: 4+,0.0,0.98,0.14,0.14,,493.0,1,2026-02-20 01:00:00+00:00,236.55
Sports,KXNBA3PT-26FEB05CHAHOU,Charlotte at Houston: Three Pointers,KXNBA3PT-26FEB05CHAHOU-CHAMBRIDGES0-3,Miles Bridges: 3+,0.0,0.98,0.3,0.3,,493.0,1,2026-02-20 01:00:00+00:00,236.55
Sports,KXNBAAST-26FEB05CHAHOU,Charlotte at Houston: Assists,KXNBAAST-26FEB05CHAHOU-CHAKKNUEPPEL7-8,Kon Knueppel: 8+,0.0,0.06,0.05,0.05,,487.96,1,2026-02-20 01:00:00+00:00,236.55
Sports,KXNBAPTS-26FEB05CHAHOU,Charlotte at Houston: Points,KXNBAPTS-26FEB05CHAHOU-CHALBALL1-30,LaMelo Ball: 30+,0.0,0.16,0.19,0.19,,479.01,1,2026-02-20 01:00:00+00:00,236.55
Sports,KXNHLFIRSTGOAL-26FEB05PITBUF,PIT Penguins at BUF Sabres: First Goal,KXNHLFIRSTGOAL-26FEB05PITBUF-PITBKINDEL81,Ben Kindel,0.0,0.22,0.04,0.04,,478.69,1,2026-02-20 00:00:00+00:00,235.55
Sports,KXNHLGOAL-26FEB05PITBUF,PIT Penguins at BUF Sabres: Anytime Goal,KXNHLGOAL-26FEB05PITBUF-PITEMALKIN71,Evgeni Malkin,0.0,0.97,0.31,0.31,,477.01,1,2026-02-20 00:00:00+00:00,235.55
Sports,KXNHLGOAL-26FEB05PITBUF,PIT Penguins at BUF Sabres: Anytime Goal,KXNHLGOAL-26FEB05PITBUF-BUFRMCLEOD71,Ryan McLeod,0.0,0.97,0.21,0.21,,476.04,1,2026-02-20 00:00:00+00:00,235.55
Sports,KXNHLGOAL-26FEB05OTTPHI,OTT Senators at PHI Flyers: Anytime Goal,KXNHLGOAL-26FEB05OTTPHI-PHICDVORAK22,Christian Dvorak,0.0,0.97,0.26,0.26,,476.04,1,2026-02-20 00:00:00+00:00,235.55
Sports,KXNHLGOAL-26FEB05NYINJ,NYI Islanders at NJ Devils: Anytime Goal,KXNHLGOAL-26FEB05NYINJ-NYIEHEINEMAN51,Emil Heineman,0.0,0.97,0.22,0.22,,476.04,1,2026-02-20 00:00:00+00:00,235.55
Sports,KXNHLFIRSTGOAL-26FEB05PITBUF,PIT Penguins at BUF Sabres: First Goal,KXNHLFIRSTGOAL-26FEB05PITBUF-PITSCROSBY87,Sidney Crosby,0.0,0.23,0.23,0.23,,474.1,1,2026-02-20 00:00:00+00:00,235.55
Sports,KXNBAPTS-26FEB05SASDAL,San Antonio at Dallas: Points,KXNBAPTS-26FEB05SASDAL-DALCFLAGG32-35,Cooper Flagg: 35+,0.0,0.07,0.09,0.09,,471.73,1,2026-02-20 01:30:00+00:00,237.05
Sports,KXCS2MAP-26FEB01NRGMOUZ-1,IEM Krakow 2026: NRG vs. MOUZ Map 1,KXCS2MAP-26FEB01NRGMOUZ-1-NRG,NRG,0.0,0.06,0.06,0.06,,466.68,1,2026-02-15 13:00:00+00:00,128.55
Sports,KXNHLFIRSTGOAL-26FEB05PITBUF,PIT Penguins at BUF Sabres: First Goal,KXNHLFIRSTGOAL-26FEB05PITBUF-PITAMANTHA39,Anthony Mantha,0.0,0.23,0.06,0.06,,466.59,1,2026-02-20 00:00:00+00:00,235.55
Sports,KXNHLGOAL-26FEB05FLATB,FLA Panthers at TB Lightning: Anytime Goal,KXNHLGOAL-26FEB05FLATB-FLAUBALINSKIS26,Uvis Balinskis,0.0,0.98,0.1,0.1,,445.0,1,2026-02-20 00:30:00+00:00,236.05
Sports,KXNHLGOAL-26FEB05FLATB,FLA Panthers at TB Lightning: Anytime Goal,KXNHLGOAL-26FEB05FLATB-FLAGFORSLING42,Gustav Forsling,0.0,0.98,0.08,0.08,,445.0,1,2026-02-20 00:30:00+00:00,236.05
Sports,KXNHLGOAL-26FEB05PITBUF,PIT Penguins at BUF Sabres: Anytime Goal,KXNHLGOAL-26FEB05PITBUF-PITEKARLSSON65,Erik Karlsson,0.0,0.98,0.0,0.0,,445.0,1,2026-02-20 00:00:00+00:00,235.55
Sports,KXNHLGOAL-26FEB05PITBUF,PIT Penguins at BUF Sabres: Anytime Goal,KXNHLGOAL-26FEB05PITBUF-BUFIROSEN63,Isak Rosen,0.0,0.98,0.13,0.13,,445.0,1,2026-02-20 00:00:00+00:00,235.55
Sports,KXNHLGOAL-26FEB05PITBUF,PIT Penguins at BUF Sabres: Anytime Goal,KXNHLGOAL-26FEB05PITBUF-BUFBBYRAM4,Bowen Byram,0.0,0.98,0.15,0.15,,445.0,1,2026-02-20 00:00:00+00:00,235.55
Sports,KXNHLGOAL-26FEB05OTTPHI,OTT Senators at PHI Flyers: Anytime Goal,KXNHLGOAL-26FEB05OTTPHI-PHICYORK8,Cam York,0.0,0.98,0.0,0.0,,445.0,1,2026-02-20 00:00:00+00:00,235.55
Sports,KXNHLGOAL-26FEB05OTTPHI,OTT Senators at PHI Flyers: Anytime Goal,KXNHLGOAL-26FEB05OTTPHI-OTTTCHABOT72,Thomas Chabot,0.0,0.98,0.1,0.1,,445.0,1,2026-02-20 00:00:00+00:00,235.55
Sports,KXNHLGOAL-26FEB05OTTPHI,OTT Senators at PHI Flyers: Anytime Goal,KXNHLGOAL-26FEB05OTTPHI-OTTSHALLIDAY83,Stephen Halliday,0.0,0.98,0.0,0.0,,445.0,1,2026-02-20 00:00:00+00:00,235.55
Sports,KXNHLGOAL-26FEB05OTTPHI,OTT Senators at PHI Flyers: Anytime Goal,KXNHLGOAL-26FEB05OTTPHI-OTTJSPENCE10,Jordan Spence,0.0,0.98,0.09,0.09,,445.0,1,2026-02-20 00:00:00+00:00,235.55
Sports,KXNHLGOAL-26FEB05OTTPHI,OTT Senators at PHI Flyers: Anytime Goal,KXNHLGOAL-26FEB05OTTPHI-OTTJSANDERSON85,Jake Sanderson,0.0,0.98,0.0,0.0,,445.0,1,2026-02-20 00:00:00+00:00,235.55
Sports,KXNHLGOAL-26FEB05NYINJ,NYI Islanders at NJ Devils: Anytime Goal,KXNHLGOAL-26FEB05NYINJ-NYITDEANGELO77,Tony DeAngelo,0.0,0.98,0.11,0.11,,445.0,1,2026-02-20 00:00:00+00:00,235.55
Sports,KXNHLGOAL-26FEB05NYINJ,NYI Islanders at NJ Devils: Anytime Goal,KXNHLGOAL-26FEB05NYINJ-NYIMTSYPLAKOV7,Maxim Tsyplakov,0.0,0.98,0.15,0.15,,445.0,1,2026-02-20 00:00:00+00:00,235.55
Sports,KXNHLGOAL-26FEB05NYINJ,NYI Islanders at NJ Devils: Anytime Goal,KXNHLGOAL-26FEB05NYINJ-NYIMSCHAEFER48,Matthew Schaefer,0.0,0.98,0.97,0.97,,445.0,1,2026-02-20 00:00:00+00:00,235.55
Sports,KXNHLGOAL-26FEB05NYINJ,NYI Islanders at NJ Devils: Anytime Goal,KXNHLGOAL-26FEB05NYINJ-NYIJDROUIN29,Jonathan Drouin,0.0,0.98,0.17,0.17,,445.0,1,2026-02-20 00:00:00+00:00,235.55
Sports,KXNHLGOAL-26FEB05NYINJ,NYI Islanders at NJ Devils: Anytime Goal,KXNHLGOAL-26FEB05NYINJ-NYICRITCHIE64,Calum Ritchie,0.0,0.98,0.17,0.17,,445.0,1,2026-02-20 00:00:00+00:00,235.55
Sports,KXNHLGOAL-26FEB05NYINJ,NYI Islanders at NJ Devils: Anytime Goal,KXNHLGOAL-26FEB05NYINJ-NJSNEMEC17,Simon Nemec,0.0,0.98,0.08,0.08,,445.0,1,2026-02-20 00:00:00+00:00,235.55
Sports,KXNHLGOAL-26FEB05NYINJ,NYI Islanders at NJ Devils: Anytime Goal,KXNHLGOAL-26FEB05NYINJ-NJDHAMILTON7,Dougie Hamilton,0.0,0.98,0.12,0.12,,445.0,1,2026-02-20 00:00:00+00:00,235.55
Sports,KXNHLGOAL-26FEB05NSHWSH,NSH Predators at WSH Capitals: Anytime Goal,KXNHLGOAL-26FEB05NSHWSH-WSHJCARLSON74,John Carlson,0.0,0.98,0.0,0.0,,445.0,1,2026-02-20 00:00:00+00:00,235.55
Sports,KXNHLGOAL-26FEB05NSHWSH,NSH Predators at WSH Capitals: Anytime Goal,KXNHLGOAL-26FEB05NSHWSH-NSHNBLANKENBURG37,Nick Blankenburg,0.0,0.98,0.08,0.08,,445.0,1,2026-02-20 00:00:00+00:00,235.55
Sports,KXNHLGOAL-26FEB05NSHWSH,NSH Predators at WSH Capitals: Anytime Goal,KXNHLGOAL-26FEB05NSHWSH-NSHMWOOD71,Matthew Wood,0.0,0.98,0.13,0.13,,445.0,1,2026-02-20 00:00:00+00:00,235.55
Sports,KXNHLGOAL-26FEB05NSHWSH,NSH Predators at WSH Capitals: Anytime Goal,KXNHLGOAL-26FEB05NSHWSH-NSHMBUNTING58,Michael Bunting,0.0,0.98,0.0,0.0,,445.0,1,2026-02-20 00:00:00+00:00,235.55
Sports,KXNHLGOAL-26FEB05NSHWSH,NSH Predators at WSH Capitals: Anytime Goal,KXNHLGOAL-26FEB05NSHWSH-NSHLEVANGELISTA77,Luke Evangelista,0.0,0.98,0.0,0.0,,445.0,1,2026-02-20 00:00:00+00:00,235.55
Sports,KXNHLGOAL-26FEB05NSHWSH,NSH Predators at WSH Capitals: Anytime Goal,KXNHLGOAL-26FEB05NSHWSH-NSHEHAULA56,Erik Haula,0.0,0.98,0.0,0.0,,445.0,1,2026-02-20 00:00:00+00:00,235.55
Sports,KXNHLFIRSTGOAL-26FEB05NSHWSH,NSH Predators at WSH Capitals: First Goal,KXNHLFIRSTGOAL-26FEB05NSHWSH-NSHSSTAMKOS91,Steven Stamkos,0.0,0.15,0.07,0.07,,439.89,1,2026-02-20 00:00:00+00:00,235.55
Sports,KXNHLFIRSTGOAL-26FEB05NSHWSH,NSH Predators at WSH Capitals: First Goal,KXNHLFIRSTGOAL-26FEB05NSHWSH-WSHDSTROME17,Dylan Strome,0.0,0.15,0.07,0.07,,439.01,1,2026-02-20 00:00:00+00:00,235.55
Sports,KXNHLFIRSTGOAL-26FEB05NSHWSH,NSH Predators at WSH Capitals: First Goal,KXNHLFIRSTGOAL-26FEB05NSHWSH-WSHAOVECHKIN8,Alex Ovechkin,0.0,0.15,0.08,0.08,,439.01,1,2026-02-20 00:00:00+00:00,235.55
Sports,KXNHLFIRSTGOAL-26FEB05PITBUF,PIT Penguins at BUF Sabres: First Goal,KXNHLFIRSTGOAL-26FEB05PITBUF-BUFRMCLEOD71,Ryan McLeod,0.0,0.23,0.04,0.04,,436.51,1,2026-02-20 00:00:00+00:00,235.55
Sports,KXNHLFIRSTGOAL-26FEB05NSHWSH,NSH Predators at WSH Capitals: First Goal,KXNHLFIRSTGOAL-26FEB05NSHWSH-NSHJMARCHESSAULT81,Jonathan Marchessault,0.0,0.15,0.05,0.05,,436.21,1,2026-02-20 00:00:00+00:00,235.55
Sports,KXNHLFIRSTGOAL-26FEB05PITBUF,PIT Penguins at BUF Sabres: First Goal,KXNHLFIRSTGOAL-26FEB05PITBUF-BUFJQUINN22,Jack Quinn,0.0,0.23,0.05,0.05,,435.85,1,2026-02-20 00:00:00+00:00,235.55
Sports,KXNHLFIRSTGOAL-26FEB05PITBUF,PIT Penguins at BUF Sabres: First Goal,KXNHLFIRSTGOAL-26FEB05PITBUF-PITEKARLSSON65,Erik Karlsson,0.0,0.23,0.03,0.03,,434.96,1,2026-02-20 00:00:00+00:00,235.55
Sports,KXNHLFIRSTGOAL-26FEB05NSHWSH,NSH Predators at WSH Capitals: First Goal,KXNHLFIRSTGOAL-26FEB05NSHWSH-NSHFFORSBERG9,Filip Forsberg,0.0,0.15,0.07,0.07,,433.6,1,2026-02-20 00:00:00+00:00,235.55
Sports,KXNHLFIRSTGOAL-26FEB05PITBUF,PIT Penguins at BUF Sabres: First Goal,KXNHLFIRSTGOAL-26FEB05PITBUF-BUFJDOAN91,Josh Doan,0.0,0.23,0.05,0.05,,432.16,1,2026-02-20 00:00:00+00:00,235.55
Sports,KXNHLFIRSTGOAL-26FEB05PITBUF,PIT Penguins at BUF Sabres: First Goal,KXNHLFIRSTGOAL-26FEB05PITBUF-PITBRUST17,Bryan Rust,0.0,0.23,0.06,0.06,,431.29,1,2026-02-20 00:00:00+00:00,235.55
Sports,KXNHLFIRSTGOAL-26FEB05NSHWSH,NSH Predators at WSH Capitals: First Goal,KXNHLFIRSTGOAL-26FEB05NSHWSH-WSHJCHYCHRUN6,Jakob Chychrun,0.0,0.15,0.04,0.04,,430.12,1,2026-02-20 00:00:00+00:00,235.55
Sports,KXNHLFIRSTGOAL-26FEB05PITBUF,PIT Penguins at BUF Sabres: First Goal,KXNHLFIRSTGOAL-26FEB05PITBUF-BUFRDAHLIN26,Rasmus Dahlin,0.0,0.23,0.05,0.05,,427.81,1,2026-02-20 00:00:00+00:00,235.55
Sports,KXNBAAST-26FEB05UTAATL,Utah at Atlanta: Assists,KXNBAAST-26FEB05UTAATL-ATLNALEXANDERWALKER7-8,Nickeil Alexander-Walker: 8+,0.0,0.06,0.06,0.06,,427.62,1,2026-02-20 00:30:00+00:00,236.05
Sports,KXNHLFIRSTGOAL-26FEB05NSHWSH,NSH Predators at WSH Capitals: First Goal,KXNHLFIRSTGOAL-26FEB05NSHWSH-WSHJCARLSON74,John Carlson,0.0,0.15,0.03,0.03,,427.51,1,2026-02-20 00:00:00+00:00,235.55
Sports,KXNHLFIRSTGOAL-26FEB05NSHWSH,NSH Predators at WSH Capitals: First Goal,KXNHLFIRSTGOAL-26FEB05NSHWSH-NSHRJOSI59,Roman Josi,0.0,0.15,0.04,0.04,,426.64,1,2026-02-20 00:00:00+00:00,235.55
Sports,KXNHLFIRSTGOAL-26FEB05NSHWSH,NSH Predators at WSH Capitals: First Goal,KXNHLFIRSTGOAL-26FEB05NSHWSH-NSHROREILLY90,Ryan O'Reilly,0.0,0.15,0.05,0.05,,424.9,1,2026-02-20 00:00:00+00:00,235.55
Sports,KXNHLFIRSTGOAL-26FEB05PITBUF,PIT Penguins at BUF Sabres: First Goal,KXNHLFIRSTGOAL-26FEB05PITBUF-BUFIROSEN63,Isak Rosen,0.0,0.23,0.0,0.0,,424.33,1,2026-02-20 00:00:00+00:00,235.55
Sports,KXNBABLK-26FEB05SASDAL,San Antonio at Dallas: Blocks,KXNBABLK-26FEB05SASDAL-SASVWEMBANYAMA1-4,Victor Wembanyama: 4+,0.0,0.76,0.27,0.27,,423.98,1,2026-02-20 01:30:00+00:00,237.05
Sports,KXNHLFIRSTGOAL-26FEB05NSHWSH,NSH Predators at WSH Capitals: First Goal,KXNHLFIRSTGOAL-26FEB05NSHWSH-WSHEFRANK53,Ethen Frank,0.0,0.15,0.04,0.04,,423.16,1,2026-02-20 00:00:00+00:00,235.55
Sports,KXNHLFIRSTGOAL-26FEB05PITBUF,PIT Penguins at BUF Sabres: First Goal,KXNHLFIRSTGOAL-26FEB05PITBUF-PITEMALKIN71,Evgeni Malkin,0.0,0.23,0.06,0.06,,420.85,1,2026-02-20 00:00:00+00:00,235.55
Sports,KXNHLFIRSTGOAL-26FEB05PITBUF,PIT Penguins at BUF Sabres: First Goal,KXNHLFIRSTGOAL-26FEB05PITBUF-BUFBBYRAM4,Bowen Byram,0.0,0.23,0.03,0.03,,420.85,1,2026-02-20 00:00:00+00:00,235.55
Sports,KXNHLFIRSTGOAL-26FEB05PITBUF,PIT Penguins at BUF Sabres: First Goal,KXNHLFIRSTGOAL-26FEB05PITBUF-BUFNOSTLUND86,Noah Ostlund,0.0,0.23,0.04,0.04,,419.98,1,2026-02-20 00:00:00+00:00,235.55
Sports,KXNHLFIRSTGOAL-26FEB05PITBUF,PIT Penguins at BUF Sabres: First Goal,KXNHLFIRSTGOAL-26FEB05PITBUF-PITRSHEA5,Ryan Shea,0.0,0.23,0.0,0.0,,418.24,1,2026-02-20 00:00:00+00:00,235.55
Sports,KXWOCURLGAME-26FEB06KORGBR,Korea Republic vs Great Britain,KXWOCURLGAME-26FEB06KORGBR-GBR,Great Britain,0.01,0.99,0.5,0.0,0.98,396.0,1,2026-02-20 13:35:00+00:00,249.13
Sports,KXNBA3PT-26FEB05SASDAL,San Antonio at Dallas: Three Pointers,KXNBA3PT-26FEB05SASDAL-SASDFOX4-4,De'Aaron Fox: 4+,0.0,0.98,0.15,0.15,,395.0,1,2026-02-20 01:30:00+00:00,237.05
Sports,KXNBA3PT-26FEB05SASDAL,San Antonio at Dallas: Three Pointers,KXNBA3PT-26FEB05SASDAL-SASDFOX4-3,De'Aaron Fox: 3+,0.0,0.98,0.29,0.29,,395.0,1,2026-02-20 01:30:00+00:00,237.05
Sports,KXNBAREB-26FEB05CHAHOU,Charlotte at Houston: Rebounds,KXNBAREB-26FEB05CHAHOU-CHALBALL1-5,LaMelo Ball: 5+,0.0,0.98,0.47,0.47,,395.0,1,2026-02-20 01:00:00+00:00,236.55
Sports,KXNBAAST-26FEB05CHAHOU,Charlotte at Houston: Assists,KXNBAAST-26FEB05CHAHOU-CHALBALL1-8,LaMelo Ball: 8+,0.0,0.98,0.47,0.47,,395.0,1,2026-02-20 01:00:00+00:00,236.55
Sports,KXNBA3PT-26FEB05CHAHOU,Charlotte at Houston: Three Pointers,KXNBA3PT-26FEB05CHAHOU-CHALBALL1-5,LaMelo Ball: 5+,0.99,1.0,0.995,0.99,0.01,366.55,1,2026-02-20 01:00:00+00:00,236.55
Sports,KXNBAPTS-26FEB05CHAHOU,Charlotte at Houston: Points,KXNBAPTS-26FEB05CHAHOU-HOUASENGUN28-30,Alperen Sengun: 30+,0.0,0.06,0.01,0.01,,365.06,1,2026-02-20 01:00:00+00:00,236.55
Sports,KXNBAAST-26FEB05SASDAL,San Antonio at Dallas: Assists,KXNBAAST-26FEB05SASDAL-SASDFOX4-10,De'Aaron Fox: 10+,0.0,0.97,0.12,0.12,,361.02,1,2026-02-20 01:30:00+00:00,237.05
Sports,KXNBAREB-26FEB05CHAHOU,Charlotte at Houston: Rebounds,KXNBAREB-26FEB05CHAHOU-CHAKKNUEPPEL7-5,Kon Knueppel: 5+,0.0,0.97,0.59,0.59,,361.02,1,2026-02-20 01:00:00+00:00,236.55
Sports,KXNBA3PT-26FEB05UTAATL,Utah at Atlanta: Three Pointers,KXNBA3PT-26FEB05UTAATL-ATLJJOHNSON1-4,Jalen Johnson: 4+,0.0,0.97,0.13,0.13,,361.02,1,2026-02-20 00:30:00+00:00,236.05
Sports,KXNHLFIRSTGOAL-26FEB05NSHWSH,NSH Predators at WSH Capitals: First Goal,KXNHLFIRSTGOAL-26FEB05NSHWSH-WSHJSOURDIF34,Justin Sourdif,0.0,0.15,0.0,0.0,,351.7,1,2026-02-20 00:00:00+00:00,235.55
Sports,KXNBAAST-26FEB05SASDAL,San Antonio at Dallas: Assists,KXNBAAST-26FEB05SASDAL-SASSCASTLE5-7,Stephon Castle: 7+,0.0,0.96,0.43,0.43,,345.0,1,2026-02-20 01:30:00+00:00,237.05
Sports,KXNBAREB-26FEB05UTAATL,Utah at Atlanta: Rebounds,KXNBAREB-26FEB05UTAATL-ATLNALEXANDERWALKER7-4,Nickeil Alexander-Walker: 4+,0.0,0.96,0.49,0.49,,345.0,1,2026-02-20 00:30:00+00:00,236.05
Sports,KXNBAAST-26FEB05UTAATL,Utah at Atlanta: Assists,KXNBAAST-26FEB05UTAATL-UTALMARKKANEN23-4,Lauri Markkanen: 4+,0.0,0.96,0.31,0.31,,345.0,1,2026-02-20 00:30:00+00:00,236.05
Sports,KXNBA3PT-26FEB05UTAATL,Utah at Atlanta: Three Pointers,KXNBA3PT-26FEB05UTAATL-ATLNALEXANDERWALKER7-4,Nickeil Alexander-Walker: 4+,0.0,0.96,0.4,0.4,,345.0,1,2026-02-20 00:30:00+00:00,236.05
Sports,KXNBA3PT-26FEB05CHITOR,Chicago at Toronto: Three Pointers,KXNBA3PT-26FEB05CHITOR-TORSBARNES4-1,Scottie Barnes: 1+,0.99,1.0,0.995,0.99,0.01,337.85,1,2026-02-20 00:30:00+00:00,236.05
Sports,KXNHLFIRSTGOAL-26FEB05NSHWSH,NSH Predators at WSH Capitals: First Goal,KXNHLFIRSTGOAL-26FEB05NSHWSH-WSHTWILSON43,Tom Wilson,0.9,1.0,0.95,0.99,0.1,336.88,1,2026-02-20 00:00:00+00:00,235.55
Sports,KXNBAREB-26FEB05CHAHOU,Charlotte at Houston: Rebounds,KXNBAREB-26FEB05CHAHOU-CHALBALL1-8,LaMelo Ball: 8+,0.0,0.95,0.16,0.16,,335.0,1,2026-02-20 01:00:00+00:00,236.55
Sports,KXNHLFIRSTGOAL-26FEB05NSHWSH,NSH Predators at WSH Capitals: First Goal,KXNHLFIRSTGOAL-26FEB05NSHWSH-NSHMBUNTING58,Michael Bunting,0.0,0.15,0.0,0.0,,328.96,1,2026-02-20 00:00:00+00:00,235.55
Sports,KXNHLFIRSTGOAL-26FEB05NSHWSH,NSH Predators at WSH Capitals: First Goal,KXNHLFIRSTGOAL-26FEB05NSHWSH-WSHRLEONARD9,Ryan Leonard,0.0,0.15,0.0,0.0,,328.09,1,2026-02-20 00:00:00+00:00,235.55
Sports,KXNHLFIRSTGOAL-26FEB05NSHWSH,NSH Predators at WSH Capitals: First Goal,KXNHLFIRSTGOAL-26FEB05NSHWSH-NSHLEVANGELISTA77,Luke Evangelista,0.0,0.15,0.0,0.0,,328.09,1,2026-02-20 00:00:00+00:00,235.55
Sports,KXNBA3PT-26FEB05UTAATL,Utah at Atlanta: Three Pointers,KXNBA3PT-26FEB05UTAATL-ATLJJOHNSON1-2,Jalen Johnson: 2+,0.0,0.94,0.48,0.48,,328.02,1,2026-02-20 00:30:00+00:00,236.05
Sports,KXNHLFIRSTGOAL-26FEB05NSHWSH,NSH Predators at WSH Capitals: First Goal,KXNHLFIRSTGOAL-26FEB05NSHWSH-NSHNBLANKENBURG37,Nick Blankenburg,0.0,0.15,0.0,0.0,,327.61,1,2026-02-20 00:00:00+00:00,235.55
Sports,KXNBA2D-26FEB05SASDAL,San Antonio at Dallas: Double Doubles,KXNBA2D-26FEB05SASDAL-SASSCASTLE5,Stephon Castle,0.0,0.18,0.19,0.19,,325.4,1,2026-02-20 01:30:00+00:00,237.05
Sports,KXNBAPTS-26FEB05UTAATL,Utah at Atlanta: Points,KXNBAPTS-26FEB05UTAATL-ATLDDANIELS5-20,Dyson Daniels: 20+,0.0,0.93,0.18,0.18,,323.04,1,2026-02-20 00:30:00+00:00,236.05
Sports,KXNBA3PT-26FEB05UTAATL,Utah at Atlanta: Three Pointers,KXNBA3PT-26FEB05UTAATL-ATLNALEXANDERWALKER7-3,Nickeil Alexander-Walker: 3+,0.0,0.93,0.51,0.51,,323.04,1,2026-02-20 00:30:00+00:00,236.05
Sports,KXNBA3PT-26FEB05SASDAL,San Antonio at Dallas: Three Pointers,KXNBA3PT-26FEB05SASDAL-SASSCASTLE5-3,Stephon Castle: 3+,0.0,0.92,0.12,0.12,,320.0,1,2026-02-20 01:30:00+00:00,237.05
Sports,KXNBAREB-26FEB05CHAHOU,Charlotte at Houston: Rebounds,KXNBAREB-26FEB05CHAHOU-HOUATHOMPSON1-10,Amen Thompson: 10+,0.0,0.92,0.52,0.52,,320.0,1,2026-02-20 01:00:00+00:00,236.55
Sports,KXNBAREB-26FEB05CHAHOU,Charlotte at Houston: Rebounds,KXNBAREB-26FEB05CHAHOU-HOUASENGUN28-9,Alperen Sengun: 9+,0.0,0.92,0.53,0.53,,320.0,1,2026-02-20 01:00:00+00:00,236.55
Sports,KXNBA2D-26FEB05CHITOR,Chicago at Toronto: Double Doubles,KXNBA2D-26FEB05CHITOR-TORSBARNES4,Scottie Barnes,0.0,0.66,0.66,0.66,,307.75,1,2026-02-20 00:30:00+00:00,236.05
Sports,KXNBA3PT-26FEB05CHAHOU,Charlotte at Houston: Three Pointers,KXNBA3PT-26FEB05CHAHOU-CHAMBRIDGES0-2,Miles Bridges: 2+,0.99,1.0,0.995,0.99,0.01,304.29,1,2026-02-20 01:00:00+00:00,236.55
Sports,KXNBAREB-26FEB05SASDAL,San Antonio at Dallas: Rebounds,KXNBAREB-26FEB05SASDAL-DALCFLAGG32-12,Cooper Flagg: 12+,0.0,0.78,0.11,0.11,,304.02,1,2026-02-20 01:30:00+00:00,237.05
Sports,KXNBA3PT-26FEB05UTAATL,Utah at Atlanta: Three Pointers,KXNBA3PT-26FEB05UTAATL-ATLCMCCOLLUM3-3,CJ McCollum: 3+,0.01,0.99,0.5,0.89,0.98,298.98,1,2026-02-20 00:30:00+00:00,236.05
Sports,KXNBAREB-26FEB05SASDAL,San Antonio at Dallas: Rebounds,KXNBAREB-26FEB05SASDAL-SASVWEMBANYAMA1-11,Victor Wembanyama: 11+,0.0,0.99,0.46,0.46,,297.0,1,2026-02-20 01:30:00+00:00,237.05
Sports,KXNBAREB-26FEB05SASDAL,San Antonio at Dallas: Rebounds,KXNBAREB-26FEB05SASDAL-SASSCASTLE5-8,Stephon Castle: 8+,0.0,0.99,0.0,0.0,,297.0,1,2026-02-20 01:30:00+00:00,237.05
Sports,KXNBAREB-26FEB05SASDAL,San Antonio at Dallas: Rebounds,KXNBAREB-26FEB05SASDAL-SASSCASTLE5-6,Stephon Castle: 6+,0.0,0.99,0.42,0.42,,297.0,1,2026-02-20 01:30:00+00:00,237.05
Sports,KXNBAREB-26FEB05SASDAL,San Antonio at Dallas: Rebounds,KXNBAREB-26FEB05SASDAL-SASSCASTLE5-2,Stephon Castle: 2+,0.0,0.99,0.0,0.0,,297.0,1,2026-02-20 01:30:00+00:00,237.05
Sports,KXNBAREB-26FEB05SASDAL,San Antonio at Dallas: Rebounds,KXNBAREB-26FEB05SASDAL-SASSCASTLE5-10,Stephon Castle: 10+,0.0,0.99,0.0,0.0,,297.0,1,2026-02-20 01:30:00+00:00,237.05
Sports,KXNBAREB-26FEB05SASDAL,San Antonio at Dallas: Rebounds,KXNBAREB-26FEB05SASDAL-SASDFOX4-8,De'Aaron Fox: 8+,0.0,0.99,0.0,0.0,,297.0,1,2026-02-20 01:30:00+00:00,237.05
Sports,KXNBAREB-26FEB05SASDAL,San Antonio at Dallas: Rebounds,KXNBAREB-26FEB05SASDAL-SASDFOX4-6,De'Aaron Fox: 6+,0.0,0.99,0.0,0.0,,297.0,1,2026-02-20 01:30:00+00:00,237.05
Sports,KXNBAREB-26FEB05SASDAL,San Antonio at Dallas: Rebounds,KXNBAREB-26FEB05SASDAL-SASDFOX4-5,De'Aaron Fox: 5+,0.0,0.99,0.0,0.0,,297.0,1,2026-02-20 01:30:00+00:00,237.05
Sports,KXNBAREB-26FEB05SASDAL,San Antonio at Dallas: Rebounds,KXNBAREB-26FEB05SASDAL-SASDFOX4-2,De'Aaron Fox: 2+,0.0,0.99,0.0,0.0,,297.0,1,2026-02-20 01:30:00+00:00,237.05
Sports,KXNBAREB-26FEB05SASDAL,San Antonio at Dallas: Rebounds,KXNBAREB-26FEB05SASDAL-DALCFLAGG32-4,Cooper Flagg: 4+,0.0,0.99,0.93,0.93,,297.0,1,2026-02-20 01:30:00+00:00,237.05
Sports,KXNBABLK-26FEB05SASDAL,San Antonio at Dallas: Blocks,KXNBABLK-26FEB05SASDAL-DALCFLAGG32-3,Cooper Flagg: 3+,0.0,0.99,0.0,0.0,,297.0,1,2026-02-20 01:30:00+00:00,237.05
Sports,KXNBAAST-26FEB05SASDAL,San Antonio at Dallas: Assists,KXNBAAST-26FEB05SASDAL-SASVWEMBANYAMA1-8,Victor Wembanyama: 8+,0.0,0.99,0.0,0.0,,297.0,1,2026-02-20 01:30:00+00:00,237.05
Sports,KXNBAAST-26FEB05SASDAL,San Antonio at Dallas: Assists,KXNBAAST-26FEB05SASDAL-SASVWEMBANYAMA1-6,Victor Wembanyama: 6+,0.0,0.99,0.08,0.08,,297.0,1,2026-02-20 01:30:00+00:00,237.05
Sports,KXNBAAST-26FEB05SASDAL,San Antonio at Dallas: Assists,KXNBAAST-26FEB05SASDAL-SASSCASTLE5-12,Stephon Castle: 12+,0.0,0.99,0.0,0.0,,297.0,1,2026-02-20 01:30:00+00:00,237.05
Sports,KXNBAAST-26FEB05SASDAL,San Antonio at Dallas: Assists,KXNBAAST-26FEB05SASDAL-SASSCASTLE5-10,Stephon Castle: 10+,0.0,0.99,0.18,0.18,,297.0,1,2026-02-20 01:30:00+00:00,237.05
Sports,KXNBAAST-26FEB05SASDAL,San Antonio at Dallas: Assists,KXNBAAST-26FEB05SASDAL-SASDFOX4-4,De'Aaron Fox: 4+,0.0,0.99,0.9,0.9,,297.0,1,2026-02-20 01:30:00+00:00,237.05
Sports,KXNBA3PT-26FEB05SASDAL,San Antonio at Dallas: Three Pointers,KXNBA3PT-26FEB05SASDAL-SASSCASTLE5-5,Stephon Castle: 5+,0.0,0.99,0.0,0.0,,297.0,1,2026-02-20 01:30:00+00:00,237.05
Sports,KXNBA3PT-26FEB05SASDAL,San Antonio at Dallas: Three Pointers,KXNBA3PT-26FEB05SASDAL-SASSCASTLE5-4,Stephon Castle: 4+,0.0,0.99,0.0,0.0,,297.0,1,2026-02-20 01:30:00+00:00,237.05
Sports,KXNBA3PT-26FEB05SASDAL,San Antonio at Dallas: Three Pointers,KXNBA3PT-26FEB05SASDAL-DALCFLAGG32-5,Cooper Flagg: 5+,0.0,0.99,0.03,0.03,,297.0,1,2026-02-20 01:30:00+00:00,237.05
Sports,KXNBA3PT-26FEB05SASDAL,San Antonio at Dallas: Three Pointers,KXNBA3PT-26FEB05SASDAL-DALCFLAGG32-3,Cooper Flagg: 3+,0.0,0.99,0.19,0.19,,297.0,1,2026-02-20 01:30:00+00:00,237.05
Sports,KXNBASTL-26FEB05CHAHOU,Charlotte at Houston: Steals,KXNBASTL-26FEB05CHAHOU-CHAMBRIDGES0-3,Miles Bridges: 3+,0.0,0.99,0.13,0.13,,297.0,1,2026-02-20 01:00:00+00:00,236.55
Sports,KXNBASTL-26FEB05CHAHOU,Charlotte at Houston: Steals,KXNBASTL-26FEB05CHAHOU-CHAMBRIDGES0-2,Miles Bridges: 2+,0.0,0.99,0.0,0.0,,297.0,1,2026-02-20 01:00:00+00:00,236.55
Sports,KXNBASTL-26FEB05CHAHOU,Charlotte at Houston: Steals,KXNBASTL-26FEB05CHAHOU-CHAKKNUEPPEL7-3,Kon Knueppel: 3+,0.0,0.99,0.1,0.1,,297.0,1,2026-02-20 01:00:00+00:00,236.55
Sports,KXNBASTL-26FEB05CHAHOU,Charlotte at Houston: Steals,KXNBASTL-26FEB05CHAHOU-CHAKKNUEPPEL7-2,Kon Knueppel: 2+,0.0,0.99,0.0,0.0,,297.0,1,2026-02-20 01:00:00+00:00,236.55
Sports,KXNBASTL-26FEB05CHAHOU,Charlotte at Houston: Steals,KXNBASTL-26FEB05CHAHOU-CHAKKNUEPPEL7-1,Kon Knueppel: 1+,0.0,0.99,0.0,0.0,,297.0,1,2026-02-20 01:00:00+00:00,236.55
Sports,KXNBASTL-26FEB05CHAHOU,Charlotte at Houston: Steals,KXNBASTL-26FEB05CHAHOU-HOUATHOMPSON1-2,Amen Thompson: 2+,0.0,0.99,0.47,0.47,,297.0,1,2026-02-20 01:00:00+00:00,236.55
Sports,KXNBASTL-26FEB05CHAHOU,Charlotte at Houston: Steals,KXNBASTL-26FEB05CHAHOU-CHALBALL1-3,LaMelo Ball: 3+,0.0,0.99,0.12,0.12,,297.0,1,2026-02-20 01:00:00+00:00,236.55
Sports,KXNBASTL-26FEB05CHAHOU,Charlotte at Houston: Steals,KXNBASTL-26FEB05CHAHOU-CHALBALL1-1,LaMelo Ball: 1+,0.0,0.99,0.0,0.0,,297.0,1,2026-02-20 01:00:00+00:00,236.55
Sports,KXNBAREB-26FEB05CHAHOU,Charlotte at Houston: Rebounds,KXNBAREB-26FEB05CHAHOU-HOUKDURANT7-8,Kevin Durant: 8+,0.0,0.99,0.98,0.98,,297.0,1,2026-02-20 01:00:00+00:00,236.55
Sports,KXNBAREB-26FEB05CHAHOU,Charlotte at Houston: Rebounds,KXNBAREB-26FEB05CHAHOU-HOUATHOMPSON1-12,Amen Thompson: 12+,0.0,0.99,0.0,0.0,,297.0,1,2026-02-20 01:00:00+00:00,236.55
Sports,KXNBAREB-26FEB05CHAHOU,Charlotte at Houston: Rebounds,KXNBAREB-26FEB05CHAHOU-CHAMBRIDGES0-10,Miles Bridges: 10+,0.0,0.99,0.0,0.0,,297.0,1,2026-02-20 01:00:00+00:00,236.55
Sports,KXNBAREB-26FEB05CHAHOU,Charlotte at Houston: Rebounds,KXNBAREB-26FEB05CHAHOU-CHAKKNUEPPEL7-8,Kon Knueppel: 8+,0.0,0.99,0.17,0.17,,297.0,1,2026-02-20 01:00:00+00:00,236.55
Sports,KXNBAPTS-26FEB05CHAHOU,Charlotte at Houston: Points,KXNBAPTS-26FEB05CHAHOU-HOUATHOMPSON1-25,Amen Thompson: 25+,0.0,0.99,0.14,0.14,,297.0,1,2026-02-20 01:00:00+00:00,236.55
Sports,KXNBABLK-26FEB05CHAHOU,Charlotte at Houston: Blocks,KXNBABLK-26FEB05CHAHOU-CHAMBRIDGES0-3,Miles Bridges: 3+,0.0,0.99,0.07,0.07,,297.0,1,2026-02-20 01:00:00+00:00,236.55
Sports,KXNBABLK-26FEB05CHAHOU,Charlotte at Houston: Blocks,KXNBABLK-26FEB05CHAHOU-CHAMBRIDGES0-2,Miles Bridges: 2+,0.0,0.99,0.0,0.0,,297.0,1,2026-02-20 01:00:00+00:00,236.55
Sports,KXNBABLK-26FEB05CHAHOU,Charlotte at Houston: Blocks,KXNBABLK-26FEB05CHAHOU-CHAMBRIDGES0-1,Miles Bridges: 1+,0.0,0.99,0.0,0.0,,297.0,1,2026-02-20 01:00:00+00:00,236.55
Sports,KXNBABLK-26FEB05CHAHOU,Charlotte at Houston: Blocks,KXNBABLK-26FEB05CHAHOU-HOUATHOMPSON1-3,Amen Thompson: 3+,0.0,0.99,0.0,0.0,,297.0,1,2026-02-20 01:00:00+00:00,236.55
Sports,KXNBABLK-26FEB05CHAHOU,Charlotte at Houston: Blocks,KXNBABLK-26FEB05CHAHOU-HOUATHOMPSON1-2,Amen Thompson: 2+,0.0,0.99,0.0,0.0,,297.0,1,2026-02-20 01:00:00+00:00,236.55
Sports,KXNBABLK-26FEB05CHAHOU,Charlotte at Houston: Blocks,KXNBABLK-26FEB05CHAHOU-HOUKDURANT7-3,Kevin Durant: 3+,0.0,0.99,0.0,0.0,,297.0,1,2026-02-20 01:00:00+00:00,236.55
Sports,KXNBABLK-26FEB05CHAHOU,Charlotte at Houston: Blocks,KXNBABLK-26FEB05CHAHOU-HOUKDURANT7-2,Kevin Durant: 2+,0.0,0.99,0.0,0.0,,297.0,1,2026-02-20 01:00:00+00:00,236.55
Sports,KXNBABLK-26FEB05CHAHOU,Charlotte at Houston: Blocks,KXNBABLK-26FEB05CHAHOU-HOUKDURANT7-1,Kevin Durant: 1+,0.0,0.99,0.0,0.0,,297.0,1,2026-02-20 01:00:00+00:00,236.55
Sports,KXNBABLK-26FEB05CHAHOU,Charlotte at Houston: Blocks,KXNBABLK-26FEB05CHAHOU-HOUASENGUN28-3,Alperen Sengun: 3+,0.0,0.99,0.0,0.0,,297.0,1,2026-02-20 01:00:00+00:00,236.55
Sports,KXNBABLK-26FEB05CHAHOU,Charlotte at Houston: Blocks,KXNBABLK-26FEB05CHAHOU-HOUASENGUN28-2,Alperen Sengun: 2+,0.0,0.99,0.0,0.0,,297.0,1,2026-02-20 01:00:00+00:00,236.55
Sports,KXNBAAST-26FEB05CHAHOU,Charlotte at Houston: Assists,KXNBAAST-26FEB05CHAHOU-HOUATHOMPSON1-10,Amen Thompson: 10+,0.0,0.99,0.07,0.07,,297.0,1,2026-02-20 01:00:00+00:00,236.55
Sports,KXNBAAST-26FEB05CHAHOU,Charlotte at Houston: Assists,KXNBAAST-26FEB05CHAHOU-HOUASENGUN28-10,Alperen Sengun: 10+,0.0,0.99,0.09,0.09,,297.0,1,2026-02-20 01:00:00+00:00,236.55
Sports,KXNBAAST-26FEB05CHAHOU,Charlotte at Houston: Assists,KXNBAAST-26FEB05CHAHOU-CHAMBRIDGES0-8,Miles Bridges: 8+,0.0,0.99,0.08,0.08,,297.0,1,2026-02-20 01:00:00+00:00,236.55
Sports,KXNBAAST-26FEB05CHAHOU,Charlotte at Houston: Assists,KXNBAAST-26FEB05CHAHOU-CHAMBRIDGES0-6,Miles Bridges: 6+,0.0,0.99,0.11,0.11,,297.0,1,2026-02-20 01:00:00+00:00,236.55
Sports,KXNBAAST-26FEB05CHAHOU,Charlotte at Houston: Assists,KXNBAAST-26FEB05CHAHOU-CHAMBRIDGES0-10,Miles Bridges: 10+,0.0,0.99,0.0,0.0,,297.0,1,2026-02-20 01:00:00+00:00,236.55
Sports,KXNBAAST-26FEB05CHAHOU,Charlotte at Houston: Assists,KXNBAAST-26FEB05CHAHOU-CHALBALL1-12,LaMelo Ball: 12+,0.0,0.99,0.18,0.18,,297.0,1,2026-02-20 01:00:00+00:00,236.55
Sports,KXNBAAST-26FEB05CHAHOU,Charlotte at Houston: Assists,KXNBAAST-26FEB05CHAHOU-CHALBALL1-10,LaMelo Ball: 10+,0.0,0.99,0.23,0.23,,297.0,1,2026-02-20 01:00:00+00:00,236.55
Sports,KXNBAAST-26FEB05CHAHOU,Charlotte at Houston: Assists,KXNBAAST-26FEB05CHAHOU-CHAKKNUEPPEL7-6,Kon Knueppel: 6+,0.0,0.99,0.16,0.16,,297.0,1,2026-02-20 01:00:00+00:00,236.55
Sports,KXNBAAST-26FEB05CHAHOU,Charlotte at Houston: Assists,KXNBAAST-26FEB05CHAHOU-CHAKKNUEPPEL7-10,Kon Knueppel: 10+,0.0,0.99,0.03,0.03,,297.0,1,2026-02-20 01:00:00+00:00,236.55
Sports,KXNBA3PT-26FEB05CHAHOU,Charlotte at Houston: Three Pointers,KXNBA3PT-26FEB05CHAHOU-CHAMBRIDGES0-5,Miles Bridges: 5+,0.0,0.99,0.05,0.05,,297.0,1,2026-02-20 01:00:00+00:00,236.55
Sports,KXNBA3PT-26FEB05CHAHOU,Charlotte at Houston: Three Pointers,KXNBA3PT-26FEB05CHAHOU-CHAKKNUEPPEL7-5,Kon Knueppel: 5+,0.0,0.99,0.27,0.27,,297.0,1,2026-02-20 01:00:00+00:00,236.55
Sports,KXNBASTL-26FEB05UTAATL,Utah at Atlanta: Steals,KXNBASTL-26FEB05UTAATL-ATLNALEXANDERWALKER7-3,Nickeil Alexander-Walker: 3+,0.0,0.99,0.0,0.0,,297.0,1,2026-02-20 00:30:00+00:00,236.05
Sports,KXNBASTL-26FEB05UTAATL,Utah at Atlanta: Steals,KXNBASTL-26FEB05UTAATL-ATLNALEXANDERWALKER7-2,Nickeil Alexander-Walker: 2+,0.0,0.99,0.0,0.0,,297.0,1,2026-02-20 00:30:00+00:00,236.05
Sports,KXNBASTL-26FEB05UTAATL,Utah at Atlanta: Steals,KXNBASTL-26FEB05UTAATL-ATLJJOHNSON1-3,Jalen Johnson: 3+,0.0,0.99,0.16,0.16,,297.0,1,2026-02-20 00:30:00+00:00,236.05
Sports,KXNBASTL-26FEB05UTAATL,Utah at Atlanta: Steals,KXNBASTL-26FEB05UTAATL-ATLJJOHNSON1-2,Jalen Johnson: 2+,0.0,0.99,0.0,0.0,,297.0,1,2026-02-20 00:30:00+00:00,236.05
Sports,KXNBASTL-26FEB05UTAATL,Utah at Atlanta: Steals,KXNBASTL-26FEB05UTAATL-ATLDDANIELS5-3,Dyson Daniels: 3+,0.0,0.99,0.34,0.34,,297.0,1,2026-02-20 00:30:00+00:00,236.05
Sports,KXNBASTL-26FEB05UTAATL,Utah at Atlanta: Steals,KXNBASTL-26FEB05UTAATL-ATLDDANIELS5-2,Dyson Daniels: 2+,0.0,0.99,0.0,0.0,,297.0,1,2026-02-20 00:30:00+00:00,236.05
Sports,KXNBASTL-26FEB05UTAATL,Utah at Atlanta: Steals,KXNBASTL-26FEB05UTAATL-ATLDDANIELS5-1,Dyson Daniels: 1+,0.0,0.99,0.0,0.0,,297.0,1,2026-02-20 00:30:00+00:00,236.05
Sports,KXNBASTL-26FEB05CHITOR,Chicago at Toronto: Steals,KXNBASTL-26FEB05CHITOR-TORSBARNES4-3,Scottie Barnes: 3+,0.0,0.99,0.16,0.16,,297.0,1,2026-02-20 00:30:00+00:00,236.05
Sports,KXNBASTL-26FEB05CHITOR,Chicago at Toronto: Steals,KXNBASTL-26FEB05CHITOR-TORSBARNES4-2,Scottie Barnes: 2+,0.0,0.99,0.0,0.0,,297.0,1,2026-02-20 00:30:00+00:00,236.05
Sports,KXNBASTL-26FEB05CHITOR,Chicago at Toronto: Steals,KXNBASTL-26FEB05CHITOR-TORSBARNES4-1,Scottie Barnes: 1+,0.0,0.99,0.74,0.74,,297.0,1,2026-02-20 00:30:00+00:00,236.05
Sports,KXNBAREB-26FEB05UTAATL,Utah at Atlanta: Rebounds,KXNBAREB-26FEB05UTAATL-UTALMARKKANEN23-12,Lauri Markkanen: 12+,0.0,0.99,0.0,0.0,,297.0,1,2026-02-20 00:30:00+00:00,236.05
Sports,KXNBAREB-26FEB05UTAATL,Utah at Atlanta: Rebounds,KXNBAREB-26FEB05UTAATL-UTALMARKKANEN23-10,Lauri Markkanen: 10+,0.0,0.99,0.22,0.22,,297.0,1,2026-02-20 00:30:00+00:00,236.05
Sports,KXNBAREB-26FEB05UTAATL,Utah at Atlanta: Rebounds,KXNBAREB-26FEB05UTAATL-UTALMARKKANEN23-8,Lauri Markkanen: 8+,0.0,0.99,0.4,0.4,,297.0,1,2026-02-20 00:30:00+00:00,236.05
Sports,KXNBAREB-26FEB05UTAATL,Utah at Atlanta: Rebounds,KXNBAREB-26FEB05UTAATL-UTALMARKKANEN23-7,Lauri Markkanen: 7+,0.0,0.99,0.54,0.54,,297.0,1,2026-02-20 00:30:00+00:00,236.05
Sports,KXNBAREB-26FEB05UTAATL,Utah at Atlanta: Rebounds,KXNBAREB-26FEB05UTAATL-UTALMARKKANEN23-6,Lauri Markkanen: 6+,0.0,0.99,0.68,0.68,,297.0,1,2026-02-20 00:30:00+00:00,236.05
Sports,KXNBAREB-26FEB05UTAATL,Utah at Atlanta: Rebounds,KXNBAREB-26FEB05UTAATL-ATLDDANIELS5-12,Dyson Daniels: 12+,0.0,0.99,0.0,0.0,,297.0,1,2026-02-20 00:30:00+00:00,236.05
Sports,KXNBAREB-26FEB05UTAATL,Utah at Atlanta: Rebounds,KXNBAREB-26FEB05UTAATL-ATLDDANIELS5-10,Dyson Daniels: 10+,0.0,0.99,0.0,0.0,,297.0,1,2026-02-20 00:30:00+00:00,236.05
Sports,KXNBAREB-26FEB05UTAATL,Utah at Atlanta: Rebounds,KXNBAREB-26FEB05UTAATL-ATLDDANIELS5-8,Dyson Daniels: 8+,0.0,0.99,0.0,0.0,,297.0,1,2026-02-20 00:30:00+00:00,236.05
Sports,KXNBAREB-26FEB05UTAATL,Utah at Atlanta: Rebounds,KXNBAREB-26FEB05UTAATL-ATLDDANIELS5-7,Dyson Daniels: 7+,0.0,0.99,0.48,0.48,,297.0,1,2026-02-20 00:30:00+00:00,236.05
Sports,KXNBAREB-26FEB05UTAATL,Utah at Atlanta: Rebounds,KXNBAREB-26FEB05UTAATL-ATLNALEXANDERWALKER7-6,Nickeil Alexander-Walker: 6+,0.0,0.99,0.18,0.18,,297.0,1,2026-02-20 00:30:00+00:00,236.05
Sports,KXNBAREB-26FEB05UTAATL,Utah at Atlanta: Rebounds,KXNBAREB-26FEB05UTAATL-ATLNALEXANDERWALKER7-10,Nickeil Alexander-Walker: 10+,0.0,0.99,0.0,0.0,,297.0,1,2026-02-20 00:30:00+00:00,236.05
Sports,KXNBAREB-26FEB05CHITOR,Chicago at Toronto: Rebounds,KXNBAREB-26FEB05CHITOR-TORSBARNES4-12,Scottie Barnes: 12+,0.0,0.99,0.23,0.23,,297.0,1,2026-02-20 00:30:00+00:00,236.05
Sports,KXNBAPTS-26FEB05UTAATL,Utah at Atlanta: Points,KXNBAPTS-26FEB05UTAATL-UTALMARKKANEN23-35,Lauri Markkanen: 35+,0.0,0.99,0.17,0.17,,297.0,1,2026-02-20 00:30:00+00:00,236.05
Sports,KXNBAPTS-26FEB05UTAATL,Utah at Atlanta: Points,KXNBAPTS-26FEB05UTAATL-UTALMARKKANEN23-20,Lauri Markkanen: 20+,0.0,0.99,0.98,0.98,,297.0,1,2026-02-20 00:30:00+00:00,236.05
Sports,KXNBAPTS-26FEB05UTAATL,Utah at Atlanta: Points,KXNBAPTS-26FEB05UTAATL-ATLJJOHNSON1-35,Jalen Johnson: 35+,0.0,0.99,0.12,0.12,,297.0,1,2026-02-20 00:30:00+00:00,236.05
Sports,KXNBAPTS-26FEB05UTAATL,Utah at Atlanta: Points,KXNBAPTS-26FEB05UTAATL-ATLJJOHNSON1-30,Jalen Johnson: 30+,0.0,0.99,0.06,0.06,,297.0,1,2026-02-20 00:30:00+00:00,236.05
Sports,KXNBAPTS-26FEB05CHITOR,Chicago at Toronto: Points,KXNBAPTS-26FEB05CHITOR-TORSBARNES4-30,Scottie Barnes: 30+,0.0,0.99,0.09,0.09,,297.0,1,2026-02-20 00:30:00+00:00,236.05
Sports,KXNBABLK-26FEB05CHITOR,Chicago at Toronto: Blocks,KXNBABLK-26FEB05CHITOR-TORSBARNES4-3,Scottie Barnes: 3+,0.0,0.99,0.18,0.18,,297.0,1,2026-02-20 00:30:00+00:00,236.05
Sports,KXNBABLK-26FEB05CHITOR,Chicago at Toronto: Blocks,KXNBABLK-26FEB05CHITOR-TORSBARNES4-2,Scottie Barnes: 2+,0.0,0.99,0.42,0.42,,297.0,1,2026-02-20 00:30:00+00:00,236.05
Sports,KXNBAAST-26FEB05UTAATL,Utah at Atlanta: Assists,KXNBAAST-26FEB05UTAATL-UTALMARKKANEN23-8,Lauri Markkanen: 8+,0.0,0.99,0.0,0.0,,297.0,1,2026-02-20 00:30:00+00:00,236.05
Sports,KXNBAAST-26FEB05UTAATL,Utah at Atlanta: Assists,KXNBAAST-26FEB05UTAATL-UTALMARKKANEN23-6,Lauri Markkanen: 6+,0.0,0.99,0.0,0.0,,297.0,1,2026-02-20 00:30:00+00:00,236.05
Sports,KXNBAAST-26FEB05UTAATL,Utah at Atlanta: Assists,KXNBAAST-26FEB05UTAATL-UTALMARKKANEN23-3,Lauri Markkanen: 3+,0.0,0.99,0.97,0.97,,297.0,1,2026-02-20 00:30:00+00:00,236.05
Sports,KXNBAAST-26FEB05UTAATL,Utah at Atlanta: Assists,KXNBAAST-26FEB05UTAATL-UTALMARKKANEN23-2,Lauri Markkanen: 2+,0.0,0.99,0.66,0.66,,297.0,1,2026-02-20 00:30:00+00:00,236.05
Sports,KXNBAAST-26FEB05UTAATL,Utah at Atlanta: Assists,KXNBAAST-26FEB05UTAATL-ATLNALEXANDERWALKER7-6,Nickeil Alexander-Walker: 6+,0.0,0.99,0.21,0.21,,297.0,1,2026-02-20 00:30:00+00:00,236.05
Sports,KXNBAAST-26FEB05UTAATL,Utah at Atlanta: Assists,KXNBAAST-26FEB05UTAATL-ATLNALEXANDERWALKER7-10,Nickeil Alexander-Walker: 10+,0.0,0.99,0.0,0.0,,297.0,1,2026-02-20 00:30:00+00:00,236.05
Sports,KXNBAAST-26FEB05UTAATL,Utah at Atlanta: Assists,KXNBAAST-26FEB05UTAATL-ATLCMCCOLLUM3-8,CJ McCollum: 8+,0.0,0.99,0.08,0.08,,297.0,1,2026-02-20 00:30:00+00:00,236.05
Sports,KXNBAAST-26FEB05UTAATL,Utah at Atlanta: Assists,KXNBAAST-26FEB05UTAATL-ATLCMCCOLLUM3-6,CJ McCollum: 6+,0.0,0.99,0.98,0.98,,297.0,1,2026-02-20 00:30:00+00:00,236.05
Sports,KXNBAAST-26FEB05UTAATL,Utah at Atlanta: Assists,KXNBAAST-26FEB05UTAATL-ATLCMCCOLLUM3-4,CJ McCollum: 4+,0.0,0.99,0.51,0.51,,297.0,1,2026-02-20 00:30:00+00:00,236.05
Sports,KXNBAAST-26FEB05UTAATL,Utah at Atlanta: Assists,KXNBAAST-26FEB05UTAATL-ATLCMCCOLLUM3-10,CJ McCollum: 10+,0.0,0.99,0.03,0.03,,297.0,1,2026-02-20 00:30:00+00:00,236.05
Sports,KXNBAAST-26FEB05CHITOR,Chicago at Toronto: Assists,KXNBAAST-26FEB05CHITOR-TORSBARNES4-8,Scottie Barnes: 8+,0.0,0.99,0.22,0.22,,297.0,1,2026-02-20 00:30:00+00:00,236.05
Sports,KXNBAAST-26FEB05CHITOR,Chicago at Toronto: Assists,KXNBAAST-26FEB05CHITOR-TORSBARNES4-10,Scottie Barnes: 10+,0.0,0.99,0.18,0.18,,297.0,1,2026-02-20 00:30:00+00:00,236.05
Sports,KXNBA3PT-26FEB05UTAATL,Utah at Atlanta: Three Pointers,KXNBA3PT-26FEB05UTAATL-UTALMARKKANEN23-5,Lauri Markkanen: 5+,0.0,0.99,0.13,0.13,,297.0,1,2026-02-20 00:30:00+00:00,236.05
Sports,KXNBA3PT-26FEB05UTAATL,Utah at Atlanta: Three Pointers,KXNBA3PT-26FEB05UTAATL-UTALMARKKANEN23-4,Lauri Markkanen: 4+,0.0,0.99,0.29,0.29,,297.0,1,2026-02-20 00:30:00+00:00,236.05
Sports,KXNBA3PT-26FEB05UTAATL,Utah at Atlanta: Three Pointers,KXNBA3PT-26FEB05UTAATL-ATLNALEXANDERWALKER7-6,Nickeil Alexander-Walker: 6+,0.0,0.99,0.0,0.0,,297.0,1,2026-02-20 00:30:00+00:00,236.05
Sports,KXNBA3PT-26FEB05UTAATL,Utah at Atlanta: Three Pointers,KXNBA3PT-26FEB05UTAATL-ATLNALEXANDERWALKER7-5,Nickeil Alexander-Walker: 5+,0.0,0.99,0.0,0.0,,297.0,1,2026-02-20 00:30:00+00:00,236.05
Sports,KXNBA3PT-26FEB05UTAATL,Utah at Atlanta: Three Pointers,KXNBA3PT-26FEB05UTAATL-ATLNALEXANDERWALKER7-2,Nickeil Alexander-Walker: 2+,0.0,0.99,0.84,0.84,,297.0,1,2026-02-20 00:30:00+00:00,236.05
Sports,KXNBA3PT-26FEB05UTAATL,Utah at Atlanta: Three Pointers,KXNBA3PT-26FEB05UTAATL-ATLJJOHNSON1-5,Jalen Johnson: 5+,0.0,0.99,0.07,0.07,,297.0,1,2026-02-20 00:30:00+00:00,236.05
Sports,KXNBA3PT-26FEB05UTAATL,Utah at Atlanta: Three Pointers,KXNBA3PT-26FEB05UTAATL-ATLJJOHNSON1-3,Jalen Johnson: 3+,0.0,0.99,0.31,0.31,,297.0,1,2026-02-20 00:30:00+00:00,236.05
Sports,KXNBA3PT-26FEB05UTAATL,Utah at Atlanta: Three Pointers,KXNBA3PT-26FEB05UTAATL-ATLJJOHNSON1-1,Jalen Johnson: 1+,0.0,0.99,0.86,0.86,,297.0,1,2026-02-20 00:30:00+00:00,236.05
Sports,KXNBA3PT-26FEB05UTAATL,Utah at Atlanta: Three Pointers,KXNBA3PT-26FEB05UTAATL-ATLCMCCOLLUM3-5,CJ McCollum: 5+,0.0,0.99,0.16,0.16,,297.0,1,2026-02-20 00:30:00+00:00,236.05
Sports,KXNBA3PT-26FEB05UTAATL,Utah at Atlanta: Three Pointers,KXNBA3PT-26FEB05UTAATL-ATLCMCCOLLUM3-4,CJ McCollum: 4+,0.0,0.99,0.33,0.33,,297.0,1,2026-02-20 00:30:00+00:00,236.05
Sports,KXNBA3PT-26FEB05UTAATL,Utah at Atlanta: Three Pointers,KXNBA3PT-26FEB05UTAATL-ATLCMCCOLLUM3-2,CJ McCollum: 2+,0.0,0.99,0.52,0.52,,297.0,1,2026-02-20 00:30:00+00:00,236.05
Sports,KXNBA3PT-26FEB05UTAATL,Utah at Atlanta: Three Pointers,KXNBA3PT-26FEB05UTAATL-ATLCMCCOLLUM3-1,CJ McCollum: 1+,0.0,0.99,0.0,0.0,,297.0,1,2026-02-20 00:30:00+00:00,236.05
Sports,KXNBA3PT-26FEB05CHITOR,Chicago at Toronto: Three Pointers,KXNBA3PT-26FEB05CHITOR-TORSBARNES4-5,Scottie Barnes: 5+,0.0,0.99,0.0,0.0,,297.0,1,2026-02-20 00:30:00+00:00,236.05
Sports,KXNBA3PT-26FEB05CHITOR,Chicago at Toronto: Three Pointers,KXNBA3PT-26FEB05CHITOR-TORSBARNES4-4,Scottie Barnes: 4+,0.0,0.99,0.0,0.0,,297.0,1,2026-02-20 00:30:00+00:00,236.05
Sports,KXNBA3PT-26FEB05CHITOR,Chicago at Toronto: Three Pointers,KXNBA3PT-26FEB05CHITOR-TORSBARNES4-2,Scottie Barnes: 2+,0.0,0.99,0.98,0.98,,297.0,1,2026-02-20 00:30:00+00:00,236.05
Sports,KXNBA3PT-26FEB05CHAHOU,Charlotte at Houston: Three Pointers,KXNBA3PT-26FEB05CHAHOU-HOUKDURANT7-3,Kevin Durant: 3+,0.99,1.0,0.995,0.99,0.01,292.34,1,2026-02-20 01:00:00+00:00,236.55
Sports,KXNHLFIRSTGOAL-26FEB05NSHWSH,NSH Predators at WSH Capitals: First Goal,KXNHLFIRSTGOAL-26FEB05NSHWSH-NSHMWOOD71,Matthew Wood,0.0,0.15,0.0,0.0,,280.51,1,2026-02-20 00:00:00+00:00,235.55
Sports,KXNHLFIRSTGOAL-26FEB05FLATB,FLA Panthers at TB Lightning: First Goal,KXNHLFIRSTGOAL-26FEB05FLATB-TBBHAGEL38,Brandon Hagel,0.99,1.0,0.995,0.99,0.01,278.2,1,2026-02-20 00:30:00+00:00,236.05
Sports,KXNBA3PT-26FEB05UTAATL,Utah at Atlanta: Three Pointers,KXNBA3PT-26FEB05UTAATL-UTALMARKKANEN23-3,Lauri Markkanen: 3+,0.99,1.0,0.995,0.99,0.01,253.61,1,2026-02-20 00:30:00+00:00,236.05
Sports,KXNHLFIRSTGOAL-26FEB05OTTPHI,OTT Senators at PHI Flyers: First Goal,KXNHLFIRSTGOAL-26FEB05OTTPHI-PHINCATES27,Noah Cates,0.0,0.12,0.0,0.0,,235.55,1,2026-02-20 00:00:00+00:00,235.55
Sports,KXNHLFIRSTGOAL-26FEB05OTTPHI,OTT Senators at PHI Flyers: First Goal,KXNHLFIRSTGOAL-26FEB05OTTPHI-PHITZEGRAS46,Trevor Zegras,0.0,0.12,0.06,0.06,,234.69,1,2026-02-20 00:00:00+00:00,235.55
Sports,KXNHLFIRSTGOAL-26FEB05OTTPHI,OTT Senators at PHI Flyers: First Goal,KXNHLFIRSTGOAL-26FEB05OTTPHI-PHICDVORAK22,Christian Dvorak,0.0,0.12,0.0,0.0,,234.68,1,2026-02-20 00:00:00+00:00,235.55
Sports,KXNHLFIRSTGOAL-26FEB05OTTPHI,OTT Senators at PHI Flyers: First Goal,KXNHLFIRSTGOAL-26FEB05OTTPHI-PHITKONECNY11,Travis Konecny,0.0,0.12,0.07,0.07,,228.37,1,2026-02-20 00:00:00+00:00,235.55
Sports,KXNBA2D-26FEB05UTAATL,Utah at Atlanta: Double Doubles,KXNBA2D-26FEB05UTAATL-ATLCMCCOLLUM3,CJ McCollum,0.0,0.1,0.04,0.04,,227.6,1,2026-02-20 00:30:00+00:00,236.05
Sports,KXNBA2D-26FEB05CHAHOU,Charlotte at Houston: Double Doubles,KXNBA2D-26FEB05CHAHOU-HOUKDURANT7,Kevin Durant,0.0,0.2,0.25,0.25,,227.51,1,2026-02-20 01:00:00+00:00,236.55
Sports,KXNHLFIRSTGOAL-26FEB05OTTPHI,OTT Senators at PHI Flyers: First Goal,KXNHLFIRSTGOAL-26FEB05OTTPHI-OTTJSANDERSON85,Jake Sanderson,0.0,0.12,0.04,0.04,,227.5,1,2026-02-20 00:00:00+00:00,235.55
Sports,KXNHLFIRSTGOAL-26FEB05OTTPHI,OTT Senators at PHI Flyers: First Goal,KXNHLFIRSTGOAL-26FEB05OTTPHI-OTTDBATHERSON19,Drake Batherson,0.0,0.12,0.06,0.06,,227.5,1,2026-02-20 00:00:00+00:00,235.55
Sports,KXNHLFIRSTGOAL-26FEB05OTTPHI,OTT Senators at PHI Flyers: First Goal,KXNHLFIRSTGOAL-26FEB05OTTPHI-OTTCGIROUX28,Claude Giroux,0.0,0.12,0.0,0.0,,227.5,1,2026-02-20 00:00:00+00:00,235.55
Sports,KXNHLFIRSTGOAL-26FEB05FLATB,FLA Panthers at TB Lightning: First Goal,KXNHLFIRSTGOAL-26FEB05FLATB-FLASREINHART13,Sam Reinhart,0.0,0.2,0.08,0.08,,225.72,1,2026-02-20 00:30:00+00:00,236.05
Sports,KXNHLFIRSTGOAL-26FEB05OTTPHI,OTT Senators at PHI Flyers: First Goal,KXNHLFIRSTGOAL-26FEB05OTTPHI-OTTDCOZENS24,Dylan Cozens,0.0,0.12,0.06,0.06,,224.89,1,2026-02-20 00:00:00+00:00,235.55
Sports,KXNHLFIRSTGOAL-26FEB05OTTPHI,OTT Senators at PHI Flyers: First Goal,KXNHLFIRSTGOAL-26FEB05OTTPHI-PHIOTIPPETT74,Owen Tippett,0.0,0.12,0.0,0.0,,224.02,1,2026-02-20 00:00:00+00:00,235.55
Sports,KXNHLFIRSTGOAL-26FEB05OTTPHI,OTT Senators at PHI Flyers: First Goal,KXNHLFIRSTGOAL-26FEB05OTTPHI-PHICYORK8,Cam York,0.0,0.12,0.0,0.0,,224.02,1,2026-02-20 00:00:00+00:00,235.55
Sports,KXNHLFIRSTGOAL-26FEB05FLATB,FLA Panthers at TB Lightning: First Goal,KXNHLFIRSTGOAL-26FEB05FLATB-TBGGONCALVES93,Gage Goncalves,0.0,0.2,0.04,0.04,,223.62,1,2026-02-20 00:30:00+00:00,236.05
Sports,KXNHLFIRSTGOAL-26FEB05OTTPHI,OTT Senators at PHI Flyers: First Goal,KXNHLFIRSTGOAL-26FEB05OTTPHI-OTTJSPENCE10,Jordan Spence,0.0,0.12,0.0,0.0,,223.15,1,2026-02-20 00:00:00+00:00,235.55
Sports,KXNHLFIRSTGOAL-26FEB05FLATB,FLA Panthers at TB Lightning: First Goal,KXNHLFIRSTGOAL-26FEB05FLATB-FLACVERHAEGHE23,Carter Verhaeghe,0.0,0.2,0.05,0.05,,222.95,1,2026-02-20 00:30:00+00:00,236.05
Sports,KXNHLFIRSTGOAL-26FEB05OTTPHI,OTT Senators at PHI Flyers: First Goal,KXNHLFIRSTGOAL-26FEB05OTTPHI-OTTSHALLIDAY83,Stephen Halliday,0.0,0.12,0.0,0.0,,222.28,1,2026-02-20 00:00:00+00:00,235.55
Sports,KXNHLFIRSTGOAL-26FEB05FLATB,FLA Panthers at TB Lightning: First Goal,KXNHLFIRSTGOAL-26FEB05FLATB-TBNKUCHEROV86,Nikita Kucherov,0.0,0.2,0.11,0.11,,221.89,1,2026-02-20 00:30:00+00:00,236.05
Sports,KXNHLFIRSTGOAL-26FEB05OTTPHI,OTT Senators at PHI Flyers: First Goal,KXNHLFIRSTGOAL-26FEB05OTTPHI-PHIJDRYSDALE9,Jamie Drysdale,0.0,0.12,0.03,0.03,,220.54,1,2026-02-20 00:00:00+00:00,235.55
Sports,KXNHLFIRSTGOAL-26FEB05OTTPHI,OTT Senators at PHI Flyers: First Goal,KXNHLFIRSTGOAL-26FEB05OTTPHI-PHIBBRINK10,Bobby Brink,0.0,0.12,0.0,0.0,,220.54,1,2026-02-20 00:00:00+00:00,235.55
Sports,KXNHLFIRSTGOAL-26FEB05OTTPHI,OTT Senators at PHI Flyers: First Goal,KXNHLFIRSTGOAL-26FEB05OTTPHI-OTTTSTUTZLE18,Tim Stutzle,0.0,0.12,0.08,0.08,,220.54,1,2026-02-20 00:00:00+00:00,235.55
Sports,KXNHLFIRSTGOAL-26FEB05OTTPHI,OTT Senators at PHI Flyers: First Goal,KXNHLFIRSTGOAL-26FEB05OTTPHI-OTTSPINTO12,Shane Pinto,0.0,0.12,0.05,0.05,,220.54,1,2026-02-20 00:00:00+00:00,235.55
Sports,KXNHLFIRSTGOAL-26FEB05FLATB,FLA Panthers at TB Lightning: First Goal,KXNHLFIRSTGOAL-26FEB05FLATB-TBDJAMES17,Dominic James,0.0,0.2,0.04,0.04,,219.7,1,2026-02-20 00:30:00+00:00,236.05
Sports,KXNHLFIRSTGOAL-26FEB05OTTPHI,OTT Senators at PHI Flyers: First Goal,KXNHLFIRSTGOAL-26FEB05OTTPHI-PHIMMICHKOV39,Matvei Michkov,0.0,0.12,0.05,0.05,,219.67,1,2026-02-20 00:00:00+00:00,235.55
Sports,KXNHLFIRSTGOAL-26FEB05FLATB,FLA Panthers at TB Lightning: First Goal,KXNHLFIRSTGOAL-26FEB05FLATB-TBOBJORKSTRAND22,Oliver Bjorkstrand,0.0,0.2,0.0,0.0,,218.41,1,2026-02-20 00:30:00+00:00,236.05
Sports,KXNHLFIRSTGOAL-26FEB05FLATB,FLA Panthers at TB Lightning: First Goal,KXNHLFIRSTGOAL-26FEB05FLATB-FLAUBALINSKIS26,Uvis Balinskis,0.0,0.2,0.03,0.03,,214.93,1,2026-02-20 00:30:00+00:00,236.05
Sports,KXNHLFIRSTGOAL-26FEB05FLATB,FLA Panthers at TB Lightning: First Goal,KXNHLFIRSTGOAL-26FEB05FLATB-TBJGUENTZEL59,Jake Guentzel,0.0,0.2,0.1,0.1,,214.8,1,2026-02-20 00:30:00+00:00,236.05
Sports,KXNBA2D-26FEB05UTAATL,Utah at Atlanta: Double Doubles,KXNBA2D-26FEB05UTAATL-UTALMARKKANEN23,Lauri Markkanen,0.0,0.4,0.36,0.36,,214.0,1,2026-02-20 00:30:00+00:00,236.05
Sports,KXNHLFIRSTGOAL-26FEB05FLATB,FLA Panthers at TB Lightning: First Goal,KXNHLFIRSTGOAL-26FEB05FLATB-FLAALUNDELL15,Anton Lundell,0.0,0.2,0.04,0.04,,212.32,1,2026-02-20 00:30:00+00:00,236.05
Sports,KXNHLFIRSTGOAL-26FEB05FLATB,FLA Panthers at TB Lightning: First Goal,KXNHLFIRSTGOAL-26FEB05FLATB-FLASBENNETT9,Sam Bennett,0.0,0.2,0.07,0.07,,211.45,1,2026-02-20 00:30:00+00:00,236.05
Sports,KXNHLFIRSTGOAL-26FEB05FLATB,FLA Panthers at TB Lightning: First Goal,KXNHLFIRSTGOAL-26FEB05FLATB-TBDRADDYSH43,Darren Raddysh,0.0,0.2,0.04,0.04,,209.2,1,2026-02-20 00:30:00+00:00,236.05
Sports,KXNHLFIRSTGOAL-26FEB05FLATB,FLA Panthers at TB Lightning: First Goal,KXNHLFIRSTGOAL-26FEB05FLATB-FLAGFORSLING42,Gustav Forsling,0.0,0.2,0.02,0.02,,208.84,1,2026-02-20 00:30:00+00:00,236.05
Sports,KXNBA2D-26FEB05CHAHOU,Charlotte at Houston: Double Doubles,KXNBA2D-26FEB05CHAHOU-CHAKKNUEPPEL7,Kon Knueppel,0.0,0.1,0.08,0.08,,201.5,1,2026-02-20 01:00:00+00:00,236.55
Sports,KXNBA2D-26FEB05CHAHOU,Charlotte at Houston: Double Doubles,KXNBA2D-26FEB05CHAHOU-HOUATHOMPSON1,Amen Thompson,0.0,0.99,0.29,0.29,,198.0,1,2026-02-20 01:00:00+00:00,236.55
Sports,KXNBA2D-26FEB05CHAHOU,Charlotte at Houston: Double Doubles,KXNBA2D-26FEB05CHAHOU-HOUASENGUN28,Alperen Sengun,0.0,0.99,0.55,0.55,,198.0,1,2026-02-20 01:00:00+00:00,236.55
Sports,KXNBA2D-26FEB05CHAHOU,Charlotte at Houston: Double Doubles,KXNBA2D-26FEB05CHAHOU-CHAMBRIDGES0,Miles Bridges,0.0,0.16,0.16,0.16,,187.21,1,2026-02-20 01:00:00+00:00,236.55
Sports,KXNHLFIRSTGOAL-26FEB05NYINJ,NYI Islanders at NJ Devils: First Goal,KXNHLFIRSTGOAL-26FEB05NYINJ-NYICRITCHIE64,Calum Ritchie,0.0,0.01,0.0,0.0,,165.58,1,2026-02-20 00:00:00+00:00,235.55
Sports,KXNHLFIRSTGOAL-26FEB05NYINJ,NYI Islanders at NJ Devils: First Goal,KXNHLFIRSTGOAL-26FEB05NYINJ-NYIEHEINEMAN51,Emil Heineman,0.0,0.01,0.0,0.0,,164.71,1,2026-02-20 00:00:00+00:00,235.55
Sports,KXNHLFIRSTGOAL-26FEB05NYINJ,NYI Islanders at NJ Devils: First Goal,KXNHLFIRSTGOAL-26FEB05NYINJ-NYITDEANGELO77,Tony DeAngelo,0.0,0.01,0.03,0.03,,158.62,1,2026-02-20 00:00:00+00:00,235.55
Sports,KXNHLFIRSTGOAL-26FEB05NYINJ,NYI Islanders at NJ Devils: First Goal,KXNHLFIRSTGOAL-26FEB05NYINJ-NJDMERCER91,Dawson Mercer,0.0,0.01,0.45,0.45,,157.22,1,2026-02-20 00:00:00+00:00,235.55
Sports,KXNBA3PT-26FEB05SASDAL,San Antonio at Dallas: Three Pointers,KXNBA3PT-26FEB05SASDAL-SASVWEMBANYAMA1-5,Victor Wembanyama: 5+,0.99,1.0,0.995,0.99,0.01,153.87,1,2026-02-20 01:30:00+00:00,237.05
Sports,KXNHLFIRSTGOAL-26FEB05NYINJ,NYI Islanders at NJ Devils: First Goal,KXNHLFIRSTGOAL-26FEB05NYINJ-NYIBHORVAT14,Bo Horvat,0.0,0.01,0.08,0.08,,151.48,1,2026-02-20 00:00:00+00:00,235.55
Sports,KXNBAALLSTARS-26,Pro Basketball All Stars?,KXNBAALLSTARS-26-PBAN,Paolo Banchero,0.02,1.0,0.51,0.15,0.98,149.94,1,2026-02-17 15:00:00+00:00,178.55
Sports,KXNHLFIRSTGOAL-26FEB05NYINJ,NYI Islanders at NJ Devils: First Goal,KXNHLFIRSTGOAL-26FEB05NYINJ-NYIJDROUIN29,Jonathan Drouin,0.0,0.01,0.0,0.0,,148.66,1,2026-02-20 00:00:00+00:00,235.55
Sports,KXNHLFIRSTGOAL-26FEB05NYINJ,NYI Islanders at NJ Devils: First Goal,KXNHLFIRSTGOAL-26FEB05NYINJ-NYIALEE27,Anders Lee,0.0,0.01,0.05,0.05,,148.66,1,2026-02-20 00:00:00+00:00,235.55
Sports,KXNHLFIRSTGOAL-26FEB05NYINJ,NYI Islanders at NJ Devils: First Goal,KXNHLFIRSTGOAL-26FEB05NYINJ-NYIMSCHAEFER48,Matthew Schaefer,0.0,0.01,0.04,0.04,,144.31,1,2026-02-20 00:00:00+00:00,235.55
Sports,KXNHLFIRSTGOAL-26FEB05NYINJ,NYI Islanders at NJ Devils: First Goal,KXNHLFIRSTGOAL-26FEB05NYINJ-NJDHAMILTON7,Dougie Hamilton,0.0,0.01,0.03,0.03,,141.7,1,2026-02-20 00:00:00+00:00,235.55
Sports,KXNHLFIRSTGOAL-26FEB05NYINJ,NYI Islanders at NJ Devils: First Goal,KXNHLFIRSTGOAL-26FEB05NYINJ-NYISHOLMSTROM10,Simon Holmstrom,0.0,0.01,0.05,0.05,,139.09,1,2026-02-20 00:00:00+00:00,235.55
Sports,KXNHLFIRSTGOAL-26FEB05NYINJ,NYI Islanders at NJ Devils: First Goal,KXNHLFIRSTGOAL-26FEB05NYINJ-NYIMBARZAL13,Mathew Barzal,0.0,0.01,0.06,0.06,,138.22,1,2026-02-20 00:00:00+00:00,235.55
Sports,KXNHLFIRSTGOAL-26FEB05NYINJ,NYI Islanders at NJ Devils: First Goal,KXNHLFIRSTGOAL-26FEB05NYINJ-NJAGRITSYUK81,Arseny Gritsyuk,0.0,0.01,0.0,0.0,,138.22,1,2026-02-20 00:00:00+00:00,235.55
Sports,KXNHLFIRSTGOAL-26FEB05NYINJ,NYI Islanders at NJ Devils: First Goal,KXNHLFIRSTGOAL-26FEB05NYINJ-NJSNEMEC17,Simon Nemec,0.0,0.01,0.02,0.02,,119.05,1,2026-02-20 00:00:00+00:00,235.55
Sports,KXNHLFIRSTGOAL-26FEB05NYINJ,NYI Islanders at NJ Devils: First Goal,KXNHLFIRSTGOAL-26FEB05NYINJ-NJJBRATT63,Jesper Bratt,0.0,0.01,0.06,0.06,,117.5,1,2026-02-20 00:00:00+00:00,235.55
Sports,KXNHLFIRSTGOAL-26FEB05NYINJ,NYI Islanders at NJ Devils: First Goal,KXNHLFIRSTGOAL-26FEB05NYINJ-NJCBROWN16,Connor Brown,0.0,0.01,0.0,0.0,,117.5,1,2026-02-20 00:00:00+00:00,235.55
Sports,KXNHLFIRSTGOAL-26FEB05NYINJ,NYI Islanders at NJ Devils: First Goal,KXNHLFIRSTGOAL-26FEB05NYINJ-NJTMEIER28,Timo Meier,0.0,0.01,0.0,0.0,,116.66,1,2026-02-20 00:00:00+00:00,235.55
Sports,KXNHLFIRSTGOAL-26FEB05NYINJ,NYI Islanders at NJ Devils: First Goal,KXNHLFIRSTGOAL-26FEB05NYINJ-NJOPALAT18,Ondrej Palat,0.0,0.01,0.05,0.05,,111.22,1,2026-02-20 00:00:00+00:00,235.55
Sports,KXNBA2D-26FEB05UTAATL,Utah at Atlanta: Double Doubles,KXNBA2D-26FEB05UTAATL-ATLDDANIELS5,Dyson Daniels,0.0,0.35,0.17,0.17,,109.06,1,2026-02-20 00:30:00+00:00,236.05
Sports,KXNHLGOAL-26FEB05NYINJ,NYI Islanders at NJ Devils: Anytime Goal,KXNHLGOAL-26FEB05NYINJ-NJNHISCHIER13,Nico Hischier,0.99,1.0,0.995,0.99,0.01,107.7,1,2026-02-20 00:00:00+00:00,235.55
Sports,KXNBA2D-26FEB05SASDAL,San Antonio at Dallas: Double Doubles,KXNBA2D-26FEB05SASDAL-SASDFOX4,De'Aaron Fox,0.0,0.32,0.11,0.11,,105.02,1,2026-02-20 01:30:00+00:00,237.05
Sports,KXNHLFIRSTGOAL-26FEB05NYINJ,NYI Islanders at NJ Devils: First Goal,KXNHLFIRSTGOAL-26FEB05NYINJ-NJNHISCHIER13,Nico Hischier,0.0,0.01,0.07,0.07,,103.39,1,2026-02-20 00:00:00+00:00,235.55
Sports,KXNHLGOAL-26FEB05PITBUF,PIT Penguins at BUF Sabres: Anytime Goal,KXNHLGOAL-26FEB05PITBUF-PITBKINDEL81,Ben Kindel,0.99,1.0,0.995,0.99,0.01,101.77,1,2026-02-20 00:00:00+00:00,235.55
Sports,KXNHLGOAL-26FEB05PITBUF,PIT Penguins at BUF Sabres: Anytime Goal,KXNHLGOAL-26FEB05PITBUF-BUFJZUCKER17,Jason Zucker,0.99,1.0,0.995,0.99,0.01,100.75,1,2026-02-20 00:00:00+00:00,235.55
Sports,KXNBAALLSTARS-263PT,Pro Basketball 3-Point Contest Participants?,KXNBAALLSTARS-263PT-TMUR,Trey Murphy III,0.01,1.0,0.505,0.0,0.99,99.0,1,2026-02-16 03:00:00+00:00,142.55
Sports,KXNHLGOAL-26FEB05NSHWSH,NSH Predators at WSH Capitals: Anytime Goal,KXNHLGOAL-26FEB05NSHWSH-WSHJCHYCHRUN6,Jakob Chychrun,0.99,1.0,0.995,0.99,0.01,97.98,1,2026-02-20 00:00:00+00:00,235.55
Sports,KXNBA2D-26FEB05CHAHOU,Charlotte at Houston: Double Doubles,KXNBA2D-26FEB05CHAHOU-CHALBALL1,LaMelo Ball,0.0,0.51,0.24,0.24,,94.37,1,2026-02-20 01:00:00+00:00,236.55
Sports,KXNHLGOAL-26FEB05FLATB,FLA Panthers at TB Lightning: Anytime Goal,KXNHLGOAL-26FEB05FLATB-TBBHAGEL38,Brandon Hagel,0.99,1.0,0.995,0.99,0.01,81.19,1,2026-02-20 00:30:00+00:00,236.05
Sports,KXNHLAST-26FEB05FLATB,FLA Panthers at TB Lightning: Assists,KXNHLAST-26FEB05FLATB-FLASBENNETT9-2,Sam Bennett: 2+,0.0,0.98,0.0,0.0,,80.36,1,2026-02-20 00:30:00+00:00,236.05
Sports,KXNBA2D-26FEB05UTAATL,Utah at Atlanta: Double Doubles,KXNBA2D-26FEB05UTAATL-ATLNALEXANDERWALKER7,Nickeil Alexander-Walker,0.0,0.1,0.04,0.04,,80.0,1,2026-02-20 00:30:00+00:00,236.05
Sports,KXNHLPTS-26FEB05FLATB,FLA Panthers at TB Lightning: Points,KXNHLPTS-26FEB05FLATB-TBJGUENTZEL59-2,Jake Guentzel: 2+,0.0,0.98,0.42,0.42,,79.38,1,2026-02-20 00:30:00+00:00,236.05
Sports,KXNHLPTS-26FEB05FLATB,FLA Panthers at TB Lightning: Points,KXNHLPTS-26FEB05FLATB-TBBHAGEL38-2,Brandon Hagel: 2+,0.0,0.98,0.0,0.0,,79.38,1,2026-02-20 00:30:00+00:00,236.05
Sports,KXNHLPTS-26FEB05FLATB,FLA Panthers at TB Lightning: Points,KXNHLPTS-26FEB05FLATB-TBNKUCHEROV86-3,Nikita Kucherov: 3+,0.0,0.98,0.0,0.0,,75.46,1,2026-02-20 00:30:00+00:00,236.05
Sports,KXNHLPTS-26FEB05FLATB,FLA Panthers at TB Lightning: Points,KXNHLPTS-26FEB05FLATB-FLACVERHAEGHE23-3,Carter Verhaeghe: 3+,0.0,0.98,0.0,0.0,,74.48,1,2026-02-20 00:30:00+00:00,236.05
Sports,KXNHLAST-26FEB05FLATB,FLA Panthers at TB Lightning: Assists,KXNHLAST-26FEB05FLATB-FLACVERHAEGHE23-2,Carter Verhaeghe: 2+,0.0,0.98,0.0,0.0,,71.54,1,2026-02-20 00:30:00+00:00,236.05
Sports,KXNBAAST-26FEB05UTAATL,Utah at Atlanta: Assists,KXNBAAST-26FEB05UTAATL-ATLNALEXANDERWALKER7-4,Nickeil Alexander-Walker: 4+,0.5,1.0,0.75,0.99,0.5,70.58,1,2026-02-20 00:30:00+00:00,236.05
Sports,KXNHLGOAL-26FEB05NYINJ,NYI Islanders at NJ Devils: Anytime Goal,KXNHLGOAL-26FEB05NYINJ-NYIBHORVAT14,Bo Horvat,0.99,1.0,0.995,0.99,0.01,66.17,1,2026-02-20 00:00:00+00:00,235.55
Sports,KXNBAREB-26FEB05CHAHOU,Charlotte at Houston: Rebounds,KXNBAREB-26FEB05CHAHOU-CHAKKNUEPPEL7-4,Kon Knueppel: 4+,0.01,1.0,0.505,0.99,0.99,65.34,1,2026-02-20 01:00:00+00:00,236.55
Sports,KXNBA3D-26FEB05UTAATL,Utah at Atlanta: Triple Doubles,KXNBA3D-26FEB05UTAATL-ATLJJOHNSON1,Jalen Johnson,0.01,1.0,0.505,0.99,0.99,65.34,1,2026-02-20 00:30:00+00:00,236.05
Sports,KXNHLPTS-26FEB05FLATB,FLA Panthers at TB Lightning: Points,KXNHLPTS-26FEB05FLATB-FLASREINHART13-2,Sam Reinhart: 2+,0.0,0.98,0.0,0.0,,58.8,1,2026-02-20 00:30:00+00:00,236.05
Sports,KXNHLPTS-26FEB05PITBUF,PIT Penguins at BUF Sabres: Points,KXNHLPTS-26FEB05PITBUF-PITBKINDEL81-1,Ben Kindel: 1+,0.99,1.0,0.995,0.0,0.01,50.0,1,2026-02-20 00:00:00+00:00,235.55
Sports,KXNHLPTS-26FEB05PITBUF,PIT Penguins at BUF Sabres: Points,KXNHLPTS-26FEB05PITBUF-BUFRMCLEOD71-1,Ryan McLeod: 1+,0.99,1.0,0.995,0.0,0.01,50.0,1,2026-02-20 00:00:00+00:00,235.55
Sports,KXNHLPTS-26FEB05PITBUF,PIT Penguins at BUF Sabres: Points,KXNHLPTS-26FEB05PITBUF-BUFJZUCKER17-1,Jason Zucker: 1+,0.99,1.0,0.995,0.0,0.01,50.0,1,2026-02-20 00:00:00+00:00,235.55
Sports,KXNHLPTS-26FEB05PITBUF,PIT Penguins at BUF Sabres: Points,KXNHLPTS-26FEB05PITBUF-BUFBBYRAM4-1,Bowen Byram: 1+,0.99,1.0,0.995,0.38,0.01,50.0,1,2026-02-20 00:00:00+00:00,235.55
Sports,KXNHLPTS-26FEB05OTTPHI,OTT Senators at PHI Flyers: Points,KXNHLPTS-26FEB05OTTPHI-OTTSPINTO12-1,Shane Pinto: 1+,0.99,1.0,0.995,0.0,0.01,50.0,1,2026-02-20 00:00:00+00:00,235.55
Sports,KXNHLPTS-26FEB05NSHWSH,NSH Predators at WSH Capitals: Points,KXNHLPTS-26FEB05NSHWSH-WSHTWILSON43-1,Tom Wilson: 1+,0.99,1.0,0.995,0.0,0.01,50.0,1,2026-02-20 00:00:00+00:00,235.55
Sports,KXNHLPTS-26FEB05NSHWSH,NSH Predators at WSH Capitals: Points,KXNHLPTS-26FEB05NSHWSH-WSHJCHYCHRUN6-2,Jakob Chychrun: 2+,0.99,1.0,0.995,0.21,0.01,50.0,1,2026-02-20 00:00:00+00:00,235.55
Sports,KXNHLPTS-26FEB05NSHWSH,NSH Predators at WSH Capitals: Points,KXNHLPTS-26FEB05NSHWSH-WSHJCHYCHRUN6-1,Jakob Chychrun: 1+,0.99,1.0,0.995,0.0,0.01,50.0,1,2026-02-20 00:00:00+00:00,235.55
Sports,KXNHLPTS-26FEB05NSHWSH,NSH Predators at WSH Capitals: Points,KXNHLPTS-26FEB05NSHWSH-WSHJCARLSON74-1,John Carlson: 1+,0.99,1.0,0.995,0.55,0.01,50.0,1,2026-02-20 00:00:00+00:00,235.55
Sports,KXNHLPTS-26FEB05NSHWSH,NSH Predators at WSH Capitals: Points,KXNHLPTS-26FEB05NSHWSH-WSHDSTROME17-1,Dylan Strome: 1+,0.99,1.0,0.995,0.0,0.01,50.0,1,2026-02-20 00:00:00+00:00,235.55
Sports,KXNHLPTS-26FEB05NSHWSH,NSH Predators at WSH Capitals: Points,KXNHLPTS-26FEB05NSHWSH-NSHJMARCHESSAULT81-1,Jonathan Marchessault: 1+,0.99,1.0,0.995,0.0,0.01,50.0,1,2026-02-20 00:00:00+00:00,235.55
Sports,KXNHLPTS-26FEB05NSHWSH,NSH Predators at WSH Capitals: Points,KXNHLPTS-26FEB05NSHWSH-NSHEHAULA56-1,Erik Haula: 1+,0.99,1.0,0.995,0.0,0.01,50.0,1,2026-02-20 00:00:00+00:00,235.55
Sports,KXNHLAST-26FEB05PITBUF,PIT Penguins at BUF Sabres: Assists,KXNHLAST-26FEB05PITBUF-PITAMANTHA39-1,Anthony Mantha: 1+,0.99,1.0,0.995,0.0,0.01,50.0,1,2026-02-20 00:00:00+00:00,235.55
Sports,KXNHLAST-26FEB05PITBUF,PIT Penguins at BUF Sabres: Assists,KXNHLAST-26FEB05PITBUF-BUFRMCLEOD71-1,Ryan McLeod: 1+,0.99,1.0,0.995,0.0,0.01,50.0,1,2026-02-20 00:00:00+00:00,235.55
Sports,KXNHLAST-26FEB05PITBUF,PIT Penguins at BUF Sabres: Assists,KXNHLAST-26FEB05PITBUF-BUFBBYRAM4-1,Bowen Byram: 1+,0.99,1.0,0.995,0.0,0.01,50.0,1,2026-02-20 00:00:00+00:00,235.55
Sports,KXNHLAST-26FEB05OTTPHI,OTT Senators at PHI Flyers: Assists,KXNHLAST-26FEB05OTTPHI-OTTSPINTO12-1,Shane Pinto: 1+,0.99,1.0,0.995,0.0,0.01,50.0,1,2026-02-20 00:00:00+00:00,235.55
Sports,KXNHLAST-26FEB05NSHWSH,NSH Predators at WSH Capitals: Assists,KXNHLAST-26FEB05NSHWSH-WSHJCHYCHRUN6-1,Jakob Chychrun: 1+,0.99,1.0,0.995,0.45,0.01,50.0,1,2026-02-20 00:00:00+00:00,235.55
Sports,KXNHLAST-26FEB05NSHWSH,NSH Predators at WSH Capitals: Assists,KXNHLAST-26FEB05NSHWSH-WSHJCARLSON74-1,John Carlson: 1+,0.99,1.0,0.995,0.44,0.01,50.0,1,2026-02-20 00:00:00+00:00,235.55
Sports,KXNHLAST-26FEB05NSHWSH,NSH Predators at WSH Capitals: Assists,KXNHLAST-26FEB05NSHWSH-WSHDSTROME17-1,Dylan Strome: 1+,0.99,1.0,0.995,0.43,0.01,50.0,1,2026-02-20 00:00:00+00:00,235.55
Sports,KXNHLAST-26FEB05NSHWSH,NSH Predators at WSH Capitals: Assists,KXNHLAST-26FEB05NSHWSH-NSHEHAULA56-1,Erik Haula: 1+,0.99,1.0,0.995,0.0,0.01,50.0,1,2026-02-20 00:00:00+00:00,235.55
Sports,KXNHLPTS-26FEB05PITBUF,PIT Penguins at BUF Sabres: Points,KXNHLPTS-26FEB05PITBUF-PITAMANTHA39-1,Anthony Mantha: 1+,0.99,1.0,0.995,0.99,0.01,49.9,1,2026-02-20 00:00:00+00:00,235.55
Sports,KXNHLGOAL-26FEB05NSHWSH,NSH Predators at WSH Capitals: Anytime Goal,KXNHLGOAL-26FEB05NSHWSH-WSHTWILSON43,Tom Wilson,0.99,1.0,0.995,0.99,0.01,49.56,1,2026-02-20 00:00:00+00:00,235.55
Sports,KXNHLGOAL-26FEB05NSHWSH,NSH Predators at WSH Capitals: Anytime Goal,KXNHLGOAL-26FEB05NSHWSH-NSHJMARCHESSAULT81,Jonathan Marchessault,0.99,1.0,0.995,0.99,0.01,48.1,1,2026-02-20 00:00:00+00:00,235.55
Sports,KXNBA3PT-26FEB05CHAHOU,Charlotte at Houston: Three Pointers,KXNBA3PT-26FEB05CHAHOU-CHAKKNUEPPEL7-2,Kon Knueppel: 2+,0.99,1.0,0.995,0.99,0.01,45.0,1,2026-02-20 01:00:00+00:00,236.55
Sports,KXNHLGOAL-26FEB05PITBUF,PIT Penguins at BUF Sabres: Anytime Goal,KXNHLGOAL-26FEB05PITBUF-BUFTTHOMPSON72,Tage Thompson,0.99,1.0,0.995,0.99,0.01,44.65,1,2026-02-20 00:00:00+00:00,235.55
Sports,KXNBA3D-26FEB05CHAHOU,Charlotte at Houston: Triple Doubles,KXNBA3D-26FEB05CHAHOU-CHALBALL1,LaMelo Ball,0.0,0.05,0.02,0.02,,42.79,1,2026-02-20 01:00:00+00:00,236.55
Sports,KXNBA2D-26FEB05SASDAL,San Antonio at Dallas: Double Doubles,KXNBA2D-26FEB05SASDAL-SASVWEMBANYAMA1,Victor Wembanyama,0.5,1.0,0.75,0.98,0.5,25.0,1,2026-02-20 01:30:00+00:00,237.05
Sports,KXNBAREB-26FEB05UTAATL,Utah at Atlanta: Rebounds,KXNBAREB-26FEB05UTAATL-ATLDDANIELS5-6,Dyson Daniels: 6+,0.01,1.0,0.505,0.99,0.99,21.78,1,2026-02-20 00:30:00+00:00,236.05
Sports,KXNHLPTS-26FEB05FLATB,FLA Panthers at TB Lightning: Points,KXNHLPTS-26FEB05FLATB-TBOBJORKSTRAND22-3,Oliver Bjorkstrand: 3+,0.0,0.03,0.0,0.0,,21.61,1,2026-02-20 00:30:00+00:00,236.05
Sports,KXNBAREB-26FEB05UTAATL,Utah at Atlanta: Rebounds,KXNBAREB-26FEB05UTAATL-ATLJJOHNSON1-16,Jalen Johnson: 16+,0.5,1.0,0.75,0.5,0.5,10.0,1,2026-02-20 00:30:00+00:00,236.05
Sports,KXNHLPTS-26FEB05FLATB,FLA Panthers at TB Lightning: Points,KXNHLPTS-26FEB05FLATB-FLAALUNDELL15-3,Anton Lundell: 3+,0.0,0.03,0.0,0.0,,1.98,1,2026-02-20 00:30:00+00:00,236.05
Sports,KXTABLETENNIS-26FEB05JROBWI,Jaroslaw Rolak vs Bartlomiej Wisniewski,KXTABLETENNIS-26FEB05JROBWI-JRO,Jaroslaw Rolak,0.01,0.88,0.445,0.0,0.87,1.87,1,2026-02-20 02:35:00+00:00,238.13
Sports,KXTABLETENNIS-26FEB05JROBWI,Jaroslaw Rolak vs Bartlomiej Wisniewski,KXTABLETENNIS-26FEB05JROBWI-BWI,Bartlomiej Wisniewski,0.01,0.88,0.445,0.0,0.87,1.87,1,2026-02-20 02:35:00+00:00,238.13
Sports,KXNHLFIRSTGOAL-26FEB05PITBUF,PIT Penguins at BUF Sabres: First Goal,KXNHLFIRSTGOAL-26FEB05PITBUF-BUFJZUCKER17,Jason Zucker,0.99,1.0,0.995,0.88,0.01,1.0,1,2026-02-20 00:00:00+00:00,235.55
Sports,KXTABLETENNIS-26FEB05ZNOJMI,Zbigniew Nocun vs Jerzy Michalik,KXTABLETENNIS-26FEB05ZNOJMI-ZNO,Zbigniew Nocun,0.0,0.88,0.0,0.0,,0.88,1,2026-02-20 03:20:00+00:00,238.88
Sports,KXTABLETENNIS-26FEB05ZNOJMI,Zbigniew Nocun vs Jerzy Michalik,KXTABLETENNIS-26FEB05ZNOJMI-JMI,Jerzy Michalik,0.0,0.88,0.0,0.0,,0.88,1,2026-02-20 03:20:00+00:00,238.88
Sports,KXNHLGOAL-26FEB05OTTPHI,OTT Senators at PHI Flyers: Anytime Goal,KXNHLGOAL-26FEB05OTTPHI-OTTTSTUTZLE18,Tim Stutzle,0.99,1.0,0.995,0.99,0.01,0.55,1,2026-02-20 00:00:00+00:00,235.55
Sports,KXNBAALLSTARS-26,Pro Basketball All Stars?,KXNBAALLSTARS-26-NVUC,Nikola Vucevic,0.0,1.0,0.06,0.06,,0.0,1,2026-02-17 15:00:00+00:00,178.55
Sports,KXNBAALLSTARS-26,Pro Basketball All Stars?,KXNBAALLSTARS-26-MBRI,Miles Bridges,0.0,1.0,0.05,0.05,,0.0,1,2026-02-17 15:00:00+00:00,178.55
Sports,KXNBAALLSTARS-26,Pro Basketball All Stars?,KXNBAALLSTARS-26-JJAC,Jaren Jackson Jr.,0.0,1.0,0.02,0.02,,0.0,1,2026-02-17 15:00:00+00:00,178.55
Sports,KXNBAALLSTARS-26,Pro Basketball All Stars?,KXNBAALLSTARS-26-IZUB,Ivica Zubac,0.0,1.0,0.06,0.06,,0.0,1,2026-02-17 15:00:00+00:00,178.55
Sports,KXNBAALLSTARS-26,Pro Basketball All Stars?,KXNBAALLSTARS-26-DSAB,Domantas Sabonis,0.0,1.0,0.07,0.07,,0.0,1,2026-02-17 15:00:00+00:00,178.55
Sports,KXNBAALLSTARS-26,Pro Basketball All Stars?,KXNBAALLSTARS-26-DDAN,Dyson Daniels,0.0,1.0,0.08,0.08,,0.0,1,2026-02-17 15:00:00+00:00,178.55
Sports,KXNBAALLSTARS-26,Pro Basketball All Stars?,KXNBAALLSTARS-26-ASAR,Alex Sarr,0.0,1.0,0.01,0.01,,0.0,1,2026-02-17 15:00:00+00:00,178.55
Sports,KXNBAALLSTARS-26SDC,Pro Basketball Slam Dunk Contest Participants?,KXNBAALLSTARS-26SDC-ZWIL,Zion Williamson,0.0,1.0,0.0,0.0,,0.0,1,2026-02-16 03:00:00+00:00,142.55
Sports,KXNBAALLSTARS-26SDC,Pro Basketball Slam Dunk Contest Participants?,KXNBAALLSTARS-26SDC-ZLAV,Zach LaVine,0.0,1.0,0.0,0.0,,0.0,1,2026-02-16 03:00:00+00:00,142.55
Sports,KXNBAALLSTARS-26SDC,Pro Basketball Slam Dunk Contest Participants?,KXNBAALLSTARS-26SDC-VEDG,V. J. Edgecombe,0.0,1.0,0.99,0.99,,0.0,1,2026-02-16 03:00:00+00:00,142.55
Sports,KXNBAALLSTARS-26SDC,Pro Basketball Slam Dunk Contest Participants?,KXNBAALLSTARS-26SDC-TMUR,Trey Murphy III,0.0,1.0,0.0,0.0,,0.0,1,2026-02-16 03:00:00+00:00,142.55
Sports,KXNBAALLSTARS-26SDC,Pro Basketball Slam Dunk Contest Participants?,KXNBAALLSTARS-26SDC-SSHA,Shaedon Sharpe,0.0,1.0,0.99,0.99,,0.0,1,2026-02-16 03:00:00+00:00,142.55
Sports,KXNBAALLSTARS-26SDC,Pro Basketball Slam Dunk Contest Participants?,KXNBAALLSTARS-26SDC-SHEN,Scoot Henderson,0.0,1.0,0.0,0.0,,0.0,1,2026-02-16 03:00:00+00:00,142.55
Sports,KXNBAALLSTARS-26SDC,Pro Basketball Slam Dunk Contest Participants?,KXNBAALLSTARS-26SDC-SCAS,Stephon Castle,0.0,1.0,0.0,0.0,,0.0,1,2026-02-16 03:00:00+00:00,142.55
Sports,KXNBAALLSTARS-26SDC,Pro Basketball Slam Dunk Contest Participants?,KXNBAALLSTARS-26SDC-RDUN,Ryan Dunn,0.0,1.0,0.0,0.0,,0.0,1,2026-02-16 03:00:00+00:00,142.55
Sports,KXNBAALLSTARS-26SDC,Pro Basketball Slam Dunk Contest Participants?,KXNBAALLSTARS-26SDC-PCON,Pat Connaughton,0.0,1.0,0.0,0.0,,0.0,1,2026-02-16 03:00:00+00:00,142.55
Sports,KXNBAALLSTARS-26SDC,Pro Basketball Slam Dunk Contest Participants?,KXNBAALLSTARS-26SDC-OTOP,Obi Toppin,0.0,1.0,0.0,0.0,,0.0,1,2026-02-16 03:00:00+00:00,142.55
Sports,KXNBAALLSTARS-26SDC,Pro Basketball Slam Dunk Contest Participants?,KXNBAALLSTARS-26SDC-MBUZ,Matas Buzelis,0.0,1.0,0.0,0.0,,0.0,1,2026-02-16 03:00:00+00:00,142.55
Sports,KXNBAALLSTARS-26SDC,Pro Basketball Slam Dunk Contest Participants?,KXNBAALLSTARS-26SDC-MBRI,Miles Bridges,0.0,1.0,0.0,0.0,,0.0,1,2026-02-16 03:00:00+00:00,142.55
Sports,KXNBAALLSTARS-26SDC,Pro Basketball Slam Dunk Contest Participants?,KXNBAALLSTARS-26SDC-KWAR,Kel'el Ware,0.0,1.0,0.0,0.0,,0.0,1,2026-02-16 03:00:00+00:00,142.55
Sports,KXNBAALLSTARS-26SDC,Pro Basketball Slam Dunk Contest Participants?,KXNBAALLSTARS-26SDC-JSIM,Jericho Sims,0.0,1.0,0.0,0.0,,0.0,1,2026-02-16 03:00:00+00:00,142.55
Sports,KXNBAALLSTARS-26SDC,Pro Basketball Slam Dunk Contest Participants?,KXNBAALLSTARS-26SDC-JMOR,Ja Morant,0.0,1.0,0.99,0.99,,0.0,1,2026-02-16 03:00:00+00:00,142.55
Sports,KXNBAALLSTARS-26SDC,Pro Basketball Slam Dunk Contest Participants?,KXNBAALLSTARS-26SDC-JJOH,Jalen Johnson,0.0,1.0,0.0,0.0,,0.0,1,2026-02-16 03:00:00+00:00,142.55
Sports,KXNBAALLSTARS-26SDC,Pro Basketball Slam Dunk Contest Participants?,KXNBAALLSTARS-26SDC-JJAQ,Jaime Jaquez Jr.,0.0,1.0,0.0,0.0,,0.0,1,2026-02-16 03:00:00+00:00,142.55
Sports,KXNBAALLSTARS-26SDC,Pro Basketball Slam Dunk Contest Participants?,KXNBAALLSTARS-26SDC-JGRE,Jalen Green,0.0,1.0,0.0,0.0,,0.0,1,2026-02-16 03:00:00+00:00,142.55
Sports,KXNBAALLSTARS-26SDC,Pro Basketball Slam Dunk Contest Participants?,KXNBAALLSTARS-26SDC-JFUR,Johnny Furphy,0.0,1.0,0.0,0.0,,0.0,1,2026-02-16 03:00:00+00:00,142.55
Sports,KXNBAALLSTARS-26SDC,Pro Basketball Slam Dunk Contest Participants?,KXNBAALLSTARS-26SDC-JCOL,John Collins,0.0,1.0,0.0,0.0,,0.0,1,2026-02-16 03:00:00+00:00,142.55
Sports,KXNBAALLSTARS-26SDC,Pro Basketball Slam Dunk Contest Participants?,KXNBAALLSTARS-26SDC-JBRO,Jaylen Brown,0.0,1.0,0.0,0.0,,0.0,1,2026-02-16 03:00:00+00:00,142.55
Sports,KXNBAALLSTARS-26SDC,Pro Basketball Slam Dunk Contest Participants?,KXNBAALLSTARS-26SDC-DMIT,Donovan Mitchell,0.0,1.0,0.0,0.0,,0.0,1,2026-02-16 03:00:00+00:00,142.55
Sports,KXNBAALLSTARS-26SDC,Pro Basketball Slam Dunk Contest Participants?,KXNBAALLSTARS-26SDC-DJON,Derrick Jones Jr.,0.0,1.0,0.0,0.0,,0.0,1,2026-02-16 03:00:00+00:00,142.55
Sports,KXNBAALLSTARS-26SDC,Pro Basketball Slam Dunk Contest Participants?,KXNBAALLSTARS-26SDC-BWES,Blake Wesley,0.0,1.0,0.0,0.0,,0.0,1,2026-02-16 03:00:00+00:00,142.55
Sports,KXNBAALLSTARS-26SDC,Pro Basketball Slam Dunk Contest Participants?,KXNBAALLSTARS-26SDC-BMIL,Brandon Miller,0.0,1.0,0.0,0.0,,0.0,1,2026-02-16 03:00:00+00:00,142.55
Sports,KXNBAALLSTARS-26SDC,Pro Basketball Slam Dunk Contest Participants?,KXNBAALLSTARS-26SDC-AUTHO,Ausar Thompson,0.0,1.0,0.0,0.0,,0.0,1,2026-02-16 03:00:00+00:00,142.55
Sports,KXNBAALLSTARS-26SDC,Pro Basketball Slam Dunk Contest Participants?,KXNBAALLSTARS-26SDC-ATHI,Adou Thiero,0.0,1.0,0.0,0.0,,0.0,1,2026-02-16 03:00:00+00:00,142.55
Sports,KXNBAALLSTARS-26SDC,Pro Basketball Slam Dunk Contest Participants?,KXNBAALLSTARS-26SDC-ASIM,Anfernee Simons,0.0,1.0,0.0,0.0,,0.0,1,2026-02-16 03:00:00+00:00,142.55
Sports,KXNBAALLSTARS-26SDC,Pro Basketball Slam Dunk Contest Participants?,KXNBAALLSTARS-26SDC-AMTHO,Amen Thompson,0.0,1.0,0.99,0.99,,0.0,1,2026-02-16 03:00:00+00:00,142.55
Sports,KXNBAALLSTARS-26SDC,Pro Basketball Slam Dunk Contest Participants?,KXNBAALLSTARS-26SDC-AJAC,Andre Jackson Jr.,0.0,1.0,0.0,0.0,,0.0,1,2026-02-16 03:00:00+00:00,142.55
Sports,KXNBAALLSTARS-26SDC,Pro Basketball Slam Dunk Contest Participants?,KXNBAALLSTARS-26SDC-AGOR,Aaron Gordon,0.0,1.0,0.0,0.0,,0.0,1,2026-02-16 03:00:00+00:00,142.55
Sports,KXNBAALLSTARS-26SDC,Pro Basketball Slam Dunk Contest Participants?,KXNBAALLSTARS-26SDC-AEDW,Anthony Edwards,0.0,1.0,0.0,0.0,,0.0,1,2026-02-16 03:00:00+00:00,142.55
Sports,KXNBAALLSTARS-26SDC,Pro Basketball Slam Dunk Contest Participants?,KXNBAALLSTARS-26SDC-ABLA,Anthony Black,0.0,1.0,0.0,0.0,,0.0,1,2026-02-16 03:00:00+00:00,142.55
Sports,KXNBAALLSTARS-263PT,Pro Basketball 3-Point Contest Participants?,KXNBAALLSTARS-263PT-ZLAV,Zach LaVine,0.0,1.0,0.0,0.0,,0.0,1,2026-02-16 03:00:00+00:00,142.55
Sports,KXNBAALLSTARS-263PT,Pro Basketball 3-Point Contest Participants?,KXNBAALLSTARS-263PT-TMAX,Tyrese Maxey,0.0,1.0,0.0,0.0,,0.0,1,2026-02-16 03:00:00+00:00,142.55
Sports,KXNBAALLSTARS-263PT,Pro Basketball 3-Point Contest Participants?,KXNBAALLSTARS-263PT-THAR,Tim Hardaway Jr.,0.0,1.0,0.0,0.0,,0.0,1,2026-02-16 03:00:00+00:00,142.55
Sports,KXNBAALLSTARS-263PT,Pro Basketball 3-Point Contest Participants?,KXNBAALLSTARS-263PT-TEAS,Tari Eason,0.0,1.0,0.0,0.0,,0.0,1,2026-02-16 03:00:00+00:00,142.55
Sports,KXNBAALLSTARS-263PT,Pro Basketball 3-Point Contest Participants?,KXNBAALLSTARS-263PT-STCUR,Stephen Curry,0.0,1.0,0.0,0.0,,0.0,1,2026-02-16 03:00:00+00:00,142.55
Sports,KXNBAALLSTARS-263PT,Pro Basketball 3-Point Contest Participants?,KXNBAALLSTARS-263PT-SHAU,Sam Hauser,0.0,1.0,0.0,0.0,,0.0,1,2026-02-16 03:00:00+00:00,142.55
Sports,KXNBAALLSTARS-263PT,Pro Basketball 3-Point Contest Participants?,KXNBAALLSTARS-263PT-SECUR,Seth Curry,0.0,1.0,0.0,0.0,,0.0,1,2026-02-16 03:00:00+00:00,142.55
Sports,KXNBAALLSTARS-263PT,Pro Basketball 3-Point Contest Participants?,KXNBAALLSTARS-263PT-RONE,Royce O'Neale,0.0,1.0,0.0,0.0,,0.0,1,2026-02-16 03:00:00+00:00,142.55
Sports,KXNBAALLSTARS-263PT,Pro Basketball 3-Point Contest Participants?,KXNBAALLSTARS-263PT-NPOW,Norman Powell,0.0,1.0,0.0,0.0,,0.0,1,2026-02-16 03:00:00+00:00,142.55
Sports,KXNBAALLSTARS-263PT,Pro Basketball 3-Point Contest Participants?,KXNBAALLSTARS-263PT-MPOR,Michael Porter Jr.,0.0,1.0,0.0,0.0,,0.0,1,2026-02-16 03:00:00+00:00,142.55
Sports,KXNBAALLSTARS-263PT,Pro Basketball 3-Point Contest Participants?,KXNBAALLSTARS-263PT-MMCB,Miles McBridge,0.0,1.0,0.0,0.0,,0.0,1,2026-02-16 03:00:00+00:00,142.55
Sports,KXNBAALLSTARS-263PT,Pro Basketball 3-Point Contest Participants?,KXNBAALLSTARS-263PT-MCHR,Max Christie,0.0,1.0,0.0,0.0,,0.0,1,2026-02-16 03:00:00+00:00,142.55
Sports,KXNBAALLSTARS-263PT,Pro Basketball 3-Point Contest Participants?,KXNBAALLSTARS-263PT-LSHA,Landry Shamet,0.0,1.0,0.0,0.0,,0.0,1,2026-02-16 03:00:00+00:00,142.55
Sports,KXNBAALLSTARS-263PT,Pro Basketball 3-Point Contest Participants?,KXNBAALLSTARS-263PT-LKEN,Luke Kennard,0.0,1.0,0.0,0.0,,0.0,1,2026-02-16 03:00:00+00:00,142.55
Sports,KXNBAALLSTARS-263PT,Pro Basketball 3-Point Contest Participants?,KXNBAALLSTARS-263PT-LDON,Luka Dončić,0.0,1.0,0.0,0.0,,0.0,1,2026-02-16 03:00:00+00:00,142.55
Sports,KXNBAALLSTARS-263PT,Pro Basketball 3-Point Contest Participants?,KXNBAALLSTARS-263PT-LBAL,LaMelo Ball,0.0,1.0,0.0,0.0,,0.0,1,2026-02-16 03:00:00+00:00,142.55
Sports,KXNBAALLSTARS-263PT,Pro Basketball 3-Point Contest Participants?,KXNBAALLSTARS-263PT-KTHO,Klay Thompson,0.0,1.0,0.0,0.0,,0.0,1,2026-02-16 03:00:00+00:00,142.55
Sports,KXNBAALLSTARS-263PT,Pro Basketball 3-Point Contest Participants?,KXNBAALLSTARS-263PT-JHAR,James Harden,0.0,1.0,0.0,0.0,,0.0,1,2026-02-16 03:00:00+00:00,142.55
Sports,KXNBAALLSTARS-263PT,Pro Basketball 3-Point Contest Participants?,KXNBAALLSTARS-263PT-JBRU,Jalen Brunson,0.0,1.0,0.0,0.0,,0.0,1,2026-02-16 03:00:00+00:00,142.55
Sports,KXNBAALLSTARS-263PT,Pro Basketball 3-Point Contest Participants?,KXNBAALLSTARS-263PT-IQUI,Immanuel Quickley,0.0,1.0,0.0,0.0,,0.0,1,2026-02-16 03:00:00+00:00,142.55
Sports,KXNBAALLSTARS-263PT,Pro Basketball 3-Point Contest Participants?,KXNBAALLSTARS-263PT-IJOE,Isaiah Joe,0.0,1.0,0.0,0.0,,0.0,1,2026-02-16 03:00:00+00:00,142.55
Sports,KXNBAALLSTARS-263PT,Pro Basketball 3-Point Contest Participants?,KXNBAALLSTARS-263PT-GALL,Grayson Allen,0.0,1.0,0.0,0.0,,0.0,1,2026-02-16 03:00:00+00:00,142.55
Sports,KXNBAALLSTARS-263PT,Pro Basketball 3-Point Contest Participants?,KXNBAALLSTARS-263PT-DWHI,Derrick White,0.0,1.0,0.0,0.0,,0.0,1,2026-02-16 03:00:00+00:00,142.55
Sports,KXNBAALLSTARS-263PT,Pro Basketball 3-Point Contest Participants?,KXNBAALLSTARS-263PT-DROB,Duncan Robinson,0.0,1.0,0.0,0.0,,0.0,1,2026-02-16 03:00:00+00:00,142.55
Sports,KXNBAALLSTARS-263PT,Pro Basketball 3-Point Contest Participants?,KXNBAALLSTARS-263PT-DMIT,Donovan Mitchell,0.0,1.0,0.0,0.0,,0.0,1,2026-02-16 03:00:00+00:00,142.55
Sports,KXNBAALLSTARS-263PT,Pro Basketball 3-Point Contest Participants?,KXNBAALLSTARS-263PT-DBAN,Desmond Bane,0.0,1.0,0.0,0.0,,0.0,1,2026-02-16 03:00:00+00:00,142.55
Sports,KXNBAALLSTARS-263PT,Pro Basketball 3-Point Contest Participants?,KXNBAALLSTARS-263PT-CSPE,Cam Spencer,0.0,1.0,0.0,0.0,,0.0,1,2026-02-16 03:00:00+00:00,142.55
Sports,KXNBAALLSTARS-263PT,Pro Basketball 3-Point Contest Participants?,KXNBAALLSTARS-263PT-BPOR,Bobby Portis Jr.,0.0,1.0,0.0,0.0,,0.0,1,2026-02-16 03:00:00+00:00,142.55
Sports,KXNBAALLSTARS-263PT,Pro Basketball 3-Point Contest Participants?,KXNBAALLSTARS-263PT-BCAR,Bub Carrington,0.0,1.0,0.0,0.0,,0.0,1,2026-02-16 03:00:00+00:00,142.55
Sports,KXNBAALLSTARS-263PT,Pro Basketball 3-Point Contest Participants?,KXNBAALLSTARS-263PT-ASIM,Anfernee Simons,0.0,1.0,0.0,0.0,,0.0,1,2026-02-16 03:00:00+00:00,142.55
Sports,KXNBAALLSTARS-263PT,Pro Basketball 3-Point Contest Participants?,KXNBAALLSTARS-263PT-AEDW,Anthony Edwards,0.0,1.0,0.0,0.0,,0.0,1,2026-02-16 03:00:00+00:00,142.55
Sports,KXSOCCERTRANSFER-26,Who will leave their club during the winter transfer window?,KXSOCCERTRANSFER-26-YBIS,Yves Bissouma,0.0,1.0,0.0,0.0,,0.0,1,2026-02-12 04:59:00+00:00,48.53
Sports,KXSOCCERTRANSFER-26,Who will leave their club during the winter transfer window?,KXSOCCERTRANSFER-26-SMAL,Said El Mala,0.0,1.0,0.0,0.0,,0.0,1,2026-02-12 04:59:00+00:00,48.53
Sports,KXSOCCERTRANSFER-26,Who will leave their club during the winter transfer window?,KXSOCCERTRANSFER-26-SAVI,Savinho,0.0,1.0,0.99,0.99,,0.0,1,2026-02-12 04:59:00+00:00,48.53
Sports,KXSOCCERTRANSFER-26,Who will leave their club during the winter transfer window?,KXSOCCERTRANSFER-26-RODR,Rodrygo,0.0,1.0,0.0,0.0,,0.0,1,2026-02-12 04:59:00+00:00,48.53
Sports,KXSOCCERTRANSFER-26,Who will leave their club during the winter transfer window?,KXSOCCERTRANSFER-26-RNEV,Ruben Neves,0.0,1.0,0.0,0.0,,0.0,1,2026-02-12 04:59:00+00:00,48.53
Sports,KXSOCCERTRANSFER-26,Who will leave their club during the winter transfer window?,KXSOCCERTRANSFER-26-RMEN,Rodrigo Mendoza,0.0,1.0,0.0,0.0,,0.0,1,2026-02-12 04:59:00+00:00,48.53
Sports,KXSOCCERTRANSFER-26,Who will leave their club during the winter transfer window?,KXSOCCERTRANSFER-26-RICH,Richarlison,0.0,1.0,0.0,0.0,,0.0,1,2026-02-12 04:59:00+00:00,48.53
Sports,KXSOCCERTRANSFER-26,Who will leave their club during the winter transfer window?,KXSOCCERTRANSFER-26-QTIM,Quinten Timber,0.0,1.0,0.0,0.0,,0.0,1,2026-02-12 04:59:00+00:00,48.53
Sports,KXSOCCERTRANSFER-26,Who will leave their club during the winter transfer window?,KXSOCCERTRANSFER-26-PTOR,Pau Torres,0.0,1.0,0.0,0.0,,0.0,1,2026-02-12 04:59:00+00:00,48.53
Sports,KXSOCCERTRANSFER-26,Who will leave their club during the winter transfer window?,KXSOCCERTRANSFER-26-OWAT,Ollie Watkins,0.0,1.0,0.0,0.0,,0.0,1,2026-02-12 04:59:00+00:00,48.53
Sports,KXSOCCERTRANSFER-26,Who will leave their club during the winter transfer window?,KXSOCCERTRANSFER-26-NSCH,Nico Schlotterbeck,0.0,1.0,0.0,0.0,,0.0,1,2026-02-12 04:59:00+00:00,48.53
Sports,KXSOCCERTRANSFER-26,Who will leave their club during the winter transfer window?,KXSOCCERTRANSFER-26-NPAZ,Nico Paz,0.0,1.0,0.0,0.0,,0.0,1,2026-02-12 04:59:00+00:00,48.53
Sports,KXSOCCERTRANSFER-26,Who will leave their club during the winter transfer window?,KXSOCCERTRANSFER-26-MSAL,Mohamed Salah,0.0,1.0,0.5,0.5,,0.0,1,2026-02-12 04:59:00+00:00,48.53
Sports,KXSOCCERTRANSFER-26,Who will leave their club during the winter transfer window?,KXSOCCERTRANSFER-26-MMAI,Mike Maignan,0.0,1.0,0.0,0.0,,0.0,1,2026-02-12 04:59:00+00:00,48.53
Sports,KXSOCCERTRANSFER-26,Who will leave their club during the winter transfer window?,KXSOCCERTRANSFER-26-MGUS,Malo Gusto,0.0,1.0,0.0,0.0,,0.0,1,2026-02-12 04:59:00+00:00,48.53
Sports,KXSOCCERTRANSFER-26,Who will leave their club during the winter transfer window?,KXSOCCERTRANSFER-26-KMAI,Kobbie Mainoo,0.0,1.0,0.0,0.0,,0.0,1,2026-02-12 04:59:00+00:00,48.53
Sports,KXSOCCERTRANSFER-26,Who will leave their club during the winter transfer window?,KXSOCCERTRANSFER-26-JZIR,Joshua Zirkzee,0.0,1.0,0.0,0.0,,0.0,1,2026-02-12 04:59:00+00:00,48.53
Sports,KXSOCCERTRANSFER-26,Who will leave their club during the winter transfer window?,KXSOCCERTRANSFER-26-JBAH,Jean-Matteo Bahoya,0.0,1.0,0.0,0.0,,0.0,1,2026-02-12 04:59:00+00:00,48.53
Sports,KXSOCCERTRANSFER-26,Who will leave their club during the winter transfer window?,KXSOCCERTRANSFER-26-ITON,Ivan Toney,0.0,1.0,0.0,0.0,,0.0,1,2026-02-12 04:59:00+00:00,48.53
Sports,KXSOCCERTRANSFER-26,Who will leave their club during the winter transfer window?,KXSOCCERTRANSFER-26-IKON,Ibrahima Konate,0.0,1.0,0.0,0.0,,0.0,1,2026-02-12 04:59:00+00:00,48.53
Sports,KXSOCCERTRANSFER-26,Who will leave their club during the winter transfer window?,KXSOCCERTRANSFER-26-GRAM,Goncalo Ramos,0.0,1.0,0.0,0.0,,0.0,1,2026-02-12 04:59:00+00:00,48.53
Sports,KXSOCCERTRANSFER-26,Who will leave their club during the winter transfer window?,KXSOCCERTRANSFER-26-GJES,Gabriel Jesus,0.0,1.0,0.2,0.2,,0.0,1,2026-02-12 04:59:00+00:00,48.53
Sports,KXSOCCERTRANSFER-26,Who will leave their club during the winter transfer window?,KXSOCCERTRANSFER-26-CLUK,Castello Lukeba,0.0,1.0,0.0,0.0,,0.0,1,2026-02-12 04:59:00+00:00,48.53
Sports,KXSOCCERTRANSFER-26,Who will leave their club during the winter transfer window?,KXSOCCERTRANSFER-26-CBAL,Carlos Baleba,0.0,1.0,0.0,0.0,,0.0,1,2026-02-12 04:59:00+00:00,48.53
Sports,KXSOCCERTRANSFER-26,Who will leave their club during the winter transfer window?,KXSOCCERTRANSFER-26-BBAR,Bradley Barcola,0.0,1.0,0.0,0.0,,0.0,1,2026-02-12 04:59:00+00:00,48.53
Sports,KXSOCCERTRANSFER-26,Who will leave their club during the winter transfer window?,KXSOCCERTRANSFER-26-AWHA,Adam Wharton,0.0,1.0,0.0,0.0,,0.0,1,2026-02-12 04:59:00+00:00,48.53
Sports,KXSOCCERTRANSFER-26,Who will leave their club during the winter transfer window?,KXSOCCERTRANSFER-26-ATRA,Adama Traore,0.0,1.0,0.0,0.0,,0.0,1,2026-02-12 04:59:00+00:00,48.53
Sports,KXSOCCERTRANSFER-26,Who will leave their club during the winter transfer window?,KXSOCCERTRANSFER-26-AROB,Andy Robertson,0.0,1.0,0.0,0.0,,0.0,1,2026-02-12 04:59:00+00:00,48.53
Sports,KXSOCCERTRANSFER-26,Who will leave their club during the winter transfer window?,KXSOCCERTRANSFER-26-ADIS,Axel Disasi,0.0,1.0,0.0,0.0,,0.0,1,2026-02-12 04:59:00+00:00,48.53
Sports,KXSOCCERTRANSFER-26,Who will leave their club during the winter transfer window?,KXSOCCERTRANSFER-26-ABOU,Ayyoub Bouaddi,0.0,1.0,0.0,0.0,,0.0,1,2026-02-12 04:59:00+00:00,48.53
Sports,KXNHLPTS-26FEB05LAVGK,LA Kings at VGK Golden Knights: Points,KXNHLPTS-26FEB05LAVGK-VGKTHERTL48-3,Tomas Hertl: 3+,0.0,0.0,0.0,0.0,,0.0,1,2026-02-20 03:00:00+00:00,238.55
Sports,KXNHLPTS-26FEB05LAVGK,LA Kings at VGK Golden Knights: Points,KXNHLPTS-26FEB05LAVGK-VGKTHERTL48-2,Tomas Hertl: 2+,0.0,0.0,0.0,0.0,,0.0,1,2026-02-20 03:00:00+00:00,238.55
Sports,KXNHLPTS-26FEB05LAVGK,LA Kings at VGK Golden Knights: Points,KXNHLPTS-26FEB05LAVGK-VGKTHERTL48-1,Tomas Hertl: 1+,0.0,0.0,0.0,0.0,,0.0,1,2026-02-20 03:00:00+00:00,238.55
Sports,KXNHLPTS-26FEB05LAVGK,LA Kings at VGK Golden Knights: Points,KXNHLPTS-26FEB05LAVGK-VGKNHANIFIN15-3,Noah Hanifin: 3+,0.0,0.0,0.0,0.0,,0.0,1,2026-02-20 03:00:00+00:00,238.55
Sports,KXNHLPTS-26FEB05LAVGK,LA Kings at VGK Golden Knights: Points,KXNHLPTS-26FEB05LAVGK-VGKNHANIFIN15-2,Noah Hanifin: 2+,0.0,0.0,0.0,0.0,,0.0,1,2026-02-20 03:00:00+00:00,238.55
Sports,KXNHLPTS-26FEB05LAVGK,LA Kings at VGK Golden Knights: Points,KXNHLPTS-26FEB05LAVGK-VGKNHANIFIN15-1,Noah Hanifin: 1+,0.0,0.0,0.0,0.0,,0.0,1,2026-02-20 03:00:00+00:00,238.55
Sports,KXNHLPTS-26FEB05LAVGK,LA Kings at VGK Golden Knights: Points,KXNHLPTS-26FEB05LAVGK-VGKBBOWMAN42-3,Braeden Bowman: 3+,0.0,0.0,0.0,0.0,,0.0,1,2026-02-20 03:00:00+00:00,238.55
Sports,KXNHLPTS-26FEB05LAVGK,LA Kings at VGK Golden Knights: Points,KXNHLPTS-26FEB05LAVGK-VGKBBOWMAN42-2,Braeden Bowman: 2+,0.0,0.0,0.0,0.0,,0.0,1,2026-02-20 03:00:00+00:00,238.55
Sports,KXNHLPTS-26FEB05LAVGK,LA Kings at VGK Golden Knights: Points,KXNHLPTS-26FEB05LAVGK-VGKBBOWMAN42-1,Braeden Bowman: 1+,0.0,0.0,0.0,0.0,,0.0,1,2026-02-20 03:00:00+00:00,238.55
Sports,KXNHLAST-26FEB05LAVGK,LA Kings at VGK Golden Knights: Assists,KXNHLAST-26FEB05LAVGK-VGKTHERTL48-2,Tomas Hertl: 2+,0.0,0.0,0.0,0.0,,0.0,1,2026-02-20 03:00:00+00:00,238.55
Sports,KXNHLAST-26FEB05LAVGK,LA Kings at VGK Golden Knights: Assists,KXNHLAST-26FEB05LAVGK-VGKTHERTL48-1,Tomas Hertl: 1+,0.0,0.0,0.0,0.0,,0.0,1,2026-02-20 03:00:00+00:00,238.55
Sports,KXNHLAST-26FEB05LAVGK,LA Kings at VGK Golden Knights: Assists,KXNHLAST-26FEB05LAVGK-VGKNHANIFIN15-2,Noah Hanifin: 2+,0.0,0.0,0.0,0.0,,0.0,1,2026-02-20 03:00:00+00:00,238.55
Sports,KXNHLAST-26FEB05LAVGK,LA Kings at VGK Golden Knights: Assists,KXNHLAST-26FEB05LAVGK-VGKNHANIFIN15-1,Noah Hanifin: 1+,0.0,0.0,0.0,0.0,,0.0,1,2026-02-20 03:00:00+00:00,238.55
Sports,KXNHLAST-26FEB05LAVGK,LA Kings at VGK Golden Knights: Assists,KXNHLAST-26FEB05LAVGK-VGKBBOWMAN42-2,Braeden Bowman: 2+,0.0,0.0,0.0,0.0,,0.0,1,2026-02-20 03:00:00+00:00,238.55
Sports,KXNHLAST-26FEB05LAVGK,LA Kings at VGK Golden Knights: Assists,KXNHLAST-26FEB05LAVGK-VGKBBOWMAN42-1,Braeden Bowman: 1+,0.0,0.0,0.0,0.0,,0.0,1,2026-02-20 03:00:00+00:00,238.55
Sports,KXNHLAST-26FEB05LAVGK,LA Kings at VGK Golden Knights: Assists,KXNHLAST-26FEB05LAVGK-LAALAFERRIERE14-2,Alex Laferriere: 2+,0.0,0.0,0.0,0.0,,0.0,1,2026-02-20 03:00:00+00:00,238.55
Sports,KXNHLAST-26FEB05LAVGK,LA Kings at VGK Golden Knights: Assists,KXNHLAST-26FEB05LAVGK-LAAKUZMENKO96-2,Andrei Kuzmenko: 2+,0.0,0.0,0.0,0.0,,0.0,1,2026-02-20 03:00:00+00:00,238.55
Sports,KXNHLAST-26FEB05LAVGK,LA Kings at VGK Golden Knights: Assists,KXNHLAST-26FEB05LAVGK-LAAKOPITAR11-2,Anze Kopitar: 2+,0.0,0.0,0.0,0.0,,0.0,1,2026-02-20 03:00:00+00:00,238.55
Sports,KXNBASTL-26FEB05SASDAL,San Antonio at Dallas: Steals,KXNBASTL-26FEB05SASDAL-SASVWEMBANYAMA1-2,Victor Wembanyama: 2+,0.0,1.0,0.99,0.99,,0.0,1,2026-02-20 01:30:00+00:00,237.05
Sports,KXNBASTL-26FEB05SASDAL,San Antonio at Dallas: Steals,KXNBASTL-26FEB05SASDAL-SASSCASTLE5-3,Stephon Castle: 3+,0.0,1.0,0.99,0.99,,0.0,1,2026-02-20 01:30:00+00:00,237.05
Sports,KXNBASTL-26FEB05SASDAL,San Antonio at Dallas: Steals,KXNBASTL-26FEB05SASDAL-DALCFLAGG32-2,Cooper Flagg: 2+,0.0,1.0,0.99,0.99,,0.0,1,2026-02-20 01:30:00+00:00,237.05
Sports,KXNBAAST-26FEB05SASDAL,San Antonio at Dallas: Assists,KXNBAAST-26FEB05SASDAL-SASVWEMBANYAMA1-2,Victor Wembanyama: 2+,0.0,1.0,0.99,0.99,,0.0,1,2026-02-20 01:30:00+00:00,237.05
Sports,KXNBA3D-26FEB05SASDAL,San Antonio at Dallas: Triple Doubles,KXNBA3D-26FEB05SASDAL-SASVWEMBANYAMA1,Victor Wembanyama,0.0,1.0,0.4,0.4,,0.0,1,2026-02-20 01:30:00+00:00,237.05
Sports,KXNBASTL-26FEB05CHAHOU,Charlotte at Houston: Steals,KXNBASTL-26FEB05CHAHOU-CHAMBRIDGES0-1,Miles Bridges: 1+,0.0,1.0,0.99,0.99,,0.0,1,2026-02-20 01:00:00+00:00,236.55
Sports,KXNBASTL-26FEB05CHAHOU,Charlotte at Houston: Steals,KXNBASTL-26FEB05CHAHOU-HOUATHOMPSON1-1,Amen Thompson: 1+,0.0,1.0,0.99,0.99,,0.0,1,2026-02-20 01:00:00+00:00,236.55
Sports,KXNBABLK-26FEB05CHAHOU,Charlotte at Houston: Blocks,KXNBABLK-26FEB05CHAHOU-HOUATHOMPSON1-1,Amen Thompson: 1+,0.0,1.0,0.99,0.99,,0.0,1,2026-02-20 01:00:00+00:00,236.55
Sports,KXNBABLK-26FEB05CHAHOU,Charlotte at Houston: Blocks,KXNBABLK-26FEB05CHAHOU-HOUASENGUN28-1,Alperen Sengun: 1+,0.0,1.0,0.99,0.99,,0.0,1,2026-02-20 01:00:00+00:00,236.55
Sports,KXNBAAST-26FEB05CHAHOU,Charlotte at Houston: Assists,KXNBAAST-26FEB05CHAHOU-CHAKKNUEPPEL7-2,Kon Knueppel: 2+,0.0,1.0,0.99,0.99,,0.0,1,2026-02-20 01:00:00+00:00,236.55
Sports,KXNBA3D-26FEB05CHAHOU,Charlotte at Houston: Triple Doubles,KXNBA3D-26FEB05CHAHOU-HOUASENGUN28,Alperen Sengun,0.0,1.0,0.06,0.06,,0.0,1,2026-02-20 01:00:00+00:00,236.55
Sports,KXNHLPTS-26FEB05FLATB,FLA Panthers at TB Lightning: Points,KXNHLPTS-26FEB05FLATB-TBOBJORKSTRAND22-2,Oliver Bjorkstrand: 2+,0.0,1.0,0.12,0.12,,0.0,1,2026-02-20 00:30:00+00:00,236.05
Sports,KXNHLPTS-26FEB05FLATB,FLA Panthers at TB Lightning: Points,KXNHLPTS-26FEB05FLATB-TBOBJORKSTRAND22-1,Oliver Bjorkstrand: 1+,0.0,1.0,0.44,0.44,,0.0,1,2026-02-20 00:30:00+00:00,236.05
Sports,KXNHLPTS-26FEB05FLATB,FLA Panthers at TB Lightning: Points,KXNHLPTS-26FEB05FLATB-TBNPAUL20-3,Nick Paul: 3+,0.0,0.0,0.0,0.0,,0.0,1,2026-02-20 00:30:00+00:00,236.05
Sports,KXNHLPTS-26FEB05FLATB,FLA Panthers at TB Lightning: Points,KXNHLPTS-26FEB05FLATB-TBNPAUL20-2,Nick Paul: 2+,0.0,0.0,0.0,0.0,,0.0,1,2026-02-20 00:30:00+00:00,236.05
Sports,KXNHLPTS-26FEB05FLATB,FLA Panthers at TB Lightning: Points,KXNHLPTS-26FEB05FLATB-TBNPAUL20-1,Nick Paul: 1+,0.0,0.0,0.0,0.0,,0.0,1,2026-02-20 00:30:00+00:00,236.05
Sports,KXNHLPTS-26FEB05FLATB,FLA Panthers at TB Lightning: Points,KXNHLPTS-26FEB05FLATB-TBNKUCHEROV86-2,Nikita Kucherov: 2+,0.0,1.0,0.65,0.65,,0.0,1,2026-02-20 00:30:00+00:00,236.05
Sports,KXNHLPTS-26FEB05FLATB,FLA Panthers at TB Lightning: Points,KXNHLPTS-26FEB05FLATB-TBNKUCHEROV86-1,Nikita Kucherov: 1+,0.0,1.0,0.0,0.0,,0.0,1,2026-02-20 00:30:00+00:00,236.05
Sports,KXNHLPTS-26FEB05FLATB,FLA Panthers at TB Lightning: Points,KXNHLPTS-26FEB05FLATB-TBJGUENTZEL59-3,Jake Guentzel: 3+,0.0,1.0,0.0,0.0,,0.0,1,2026-02-20 00:30:00+00:00,236.05
Sports,KXNHLPTS-26FEB05FLATB,FLA Panthers at TB Lightning: Points,KXNHLPTS-26FEB05FLATB-TBJGUENTZEL59-1,Jake Guentzel: 1+,0.0,1.0,0.0,0.0,,0.0,1,2026-02-20 00:30:00+00:00,236.05
Sports,KXNHLPTS-26FEB05FLATB,FLA Panthers at TB Lightning: Points,KXNHLPTS-26FEB05FLATB-TBGGONCALVES93-3,Gage Goncalves: 3+,0.0,0.0,0.0,0.0,,0.0,1,2026-02-20 00:30:00+00:00,236.05
Sports,KXNHLPTS-26FEB05FLATB,FLA Panthers at TB Lightning: Points,KXNHLPTS-26FEB05FLATB-TBGGONCALVES93-2,Gage Goncalves: 2+,0.0,0.0,0.0,0.0,,0.0,1,2026-02-20 00:30:00+00:00,236.05
Sports,KXNHLPTS-26FEB05FLATB,FLA Panthers at TB Lightning: Points,KXNHLPTS-26FEB05FLATB-TBGGONCALVES93-1,Gage Goncalves: 1+,0.0,0.0,0.0,0.0,,0.0,1,2026-02-20 00:30:00+00:00,236.05
Sports,KXNHLPTS-26FEB05FLATB,FLA Panthers at TB Lightning: Points,KXNHLPTS-26FEB05FLATB-TBDRADDYSH43-3,Darren Raddysh: 3+,0.0,1.0,0.0,0.0,,0.0,1,2026-02-20 00:30:00+00:00,236.05
Sports,KXNHLPTS-26FEB05FLATB,FLA Panthers at TB Lightning: Points,KXNHLPTS-26FEB05FLATB-TBDRADDYSH43-2,Darren Raddysh: 2+,0.0,1.0,0.27,0.27,,0.0,1,2026-02-20 00:30:00+00:00,236.05
Sports,KXNHLPTS-26FEB05FLATB,FLA Panthers at TB Lightning: Points,KXNHLPTS-26FEB05FLATB-TBDRADDYSH43-1,Darren Raddysh: 1+,0.0,1.0,0.0,0.0,,0.0,1,2026-02-20 00:30:00+00:00,236.05
Sports,KXNHLPTS-26FEB05FLATB,FLA Panthers at TB Lightning: Points,KXNHLPTS-26FEB05FLATB-TBDJAMES17-3,Dominic James: 3+,0.0,0.0,0.0,0.0,,0.0,1,2026-02-20 00:30:00+00:00,236.05
Sports,KXNHLPTS-26FEB05FLATB,FLA Panthers at TB Lightning: Points,KXNHLPTS-26FEB05FLATB-TBDJAMES17-2,Dominic James: 2+,0.0,0.0,0.0,0.0,,0.0,1,2026-02-20 00:30:00+00:00,236.05
Sports,KXNHLPTS-26FEB05FLATB,FLA Panthers at TB Lightning: Points,KXNHLPTS-26FEB05FLATB-TBDJAMES17-1,Dominic James: 1+,0.0,0.0,0.0,0.0,,0.0,1,2026-02-20 00:30:00+00:00,236.05
Sports,KXNHLPTS-26FEB05FLATB,FLA Panthers at TB Lightning: Points,KXNHLPTS-26FEB05FLATB-TBBHAGEL38-3,Brandon Hagel: 3+,0.0,1.0,0.0,0.0,,0.0,1,2026-02-20 00:30:00+00:00,236.05
Sports,KXNHLPTS-26FEB05FLATB,FLA Panthers at TB Lightning: Points,KXNHLPTS-26FEB05FLATB-TBBHAGEL38-1,Brandon Hagel: 1+,0.0,1.0,0.0,0.0,,0.0,1,2026-02-20 00:30:00+00:00,236.05
Sports,KXNHLPTS-26FEB05FLATB,FLA Panthers at TB Lightning: Points,KXNHLPTS-26FEB05FLATB-TBACIRELLI71-3,Anthony Cirelli: 3+,0.0,0.0,0.0,0.0,,0.0,1,2026-02-20 00:30:00+00:00,236.05
Sports,KXNHLPTS-26FEB05FLATB,FLA Panthers at TB Lightning: Points,KXNHLPTS-26FEB05FLATB-TBACIRELLI71-2,Anthony Cirelli: 2+,0.0,0.0,0.0,0.0,,0.0,1,2026-02-20 00:30:00+00:00,236.05
Sports,KXNHLPTS-26FEB05FLATB,FLA Panthers at TB Lightning: Points,KXNHLPTS-26FEB05FLATB-TBACIRELLI71-1,Anthony Cirelli: 1+,0.0,0.0,0.0,0.0,,0.0,1,2026-02-20 00:30:00+00:00,236.05
Sports,KXNHLPTS-26FEB05FLATB,FLA Panthers at TB Lightning: Points,KXNHLPTS-26FEB05FLATB-FLAUBALINSKIS26-3,Uvis Balinskis: 3+,0.0,0.0,0.0,0.0,,0.0,1,2026-02-20 00:30:00+00:00,236.05
Sports,KXNHLPTS-26FEB05FLATB,FLA Panthers at TB Lightning: Points,KXNHLPTS-26FEB05FLATB-FLAUBALINSKIS26-2,Uvis Balinskis: 2+,0.0,1.0,0.0,0.0,,0.0,1,2026-02-20 00:30:00+00:00,236.05
Sports,KXNHLPTS-26FEB05FLATB,FLA Panthers at TB Lightning: Points,KXNHLPTS-26FEB05FLATB-FLAUBALINSKIS26-1,Uvis Balinskis: 1+,0.0,1.0,0.0,0.0,,0.0,1,2026-02-20 00:30:00+00:00,236.05
Sports,KXNHLPTS-26FEB05FLATB,FLA Panthers at TB Lightning: Points,KXNHLPTS-26FEB05FLATB-FLASREINHART13-3,Sam Reinhart: 3+,0.0,1.0,0.0,0.0,,0.0,1,2026-02-20 00:30:00+00:00,236.05
Sports,KXNHLPTS-26FEB05FLATB,FLA Panthers at TB Lightning: Points,KXNHLPTS-26FEB05FLATB-FLASREINHART13-1,Sam Reinhart: 1+,0.0,1.0,0.0,0.0,,0.0,1,2026-02-20 00:30:00+00:00,236.05
Sports,KXNHLPTS-26FEB05FLATB,FLA Panthers at TB Lightning: Points,KXNHLPTS-26FEB05FLATB-FLASBENNETT9-3,Sam Bennett: 3+,0.0,1.0,0.0,0.0,,0.0,1,2026-02-20 00:30:00+00:00,236.05
Sports,KXNHLPTS-26FEB05FLATB,FLA Panthers at TB Lightning: Points,KXNHLPTS-26FEB05FLATB-FLASBENNETT9-2,Sam Bennett: 2+,0.0,1.0,0.19,0.19,,0.0,1,2026-02-20 00:30:00+00:00,236.05
Sports,KXNHLPTS-26FEB05FLATB,FLA Panthers at TB Lightning: Points,KXNHLPTS-26FEB05FLATB-FLASBENNETT9-1,Sam Bennett: 1+,0.0,1.0,0.54,0.54,,0.0,1,2026-02-20 00:30:00+00:00,236.05
Sports,KXNHLPTS-26FEB05FLATB,FLA Panthers at TB Lightning: Points,KXNHLPTS-26FEB05FLATB-FLAGFORSLING42-3,Gustav Forsling: 3+,0.0,0.0,0.0,0.0,,0.0,1,2026-02-20 00:30:00+00:00,236.05
Sports,KXNHLPTS-26FEB05FLATB,FLA Panthers at TB Lightning: Points,KXNHLPTS-26FEB05FLATB-FLAGFORSLING42-2,Gustav Forsling: 2+,0.0,1.0,0.0,0.0,,0.0,1,2026-02-20 00:30:00+00:00,236.05
Sports,KXNHLPTS-26FEB05FLATB,FLA Panthers at TB Lightning: Points,KXNHLPTS-26FEB05FLATB-FLAGFORSLING42-1,Gustav Forsling: 1+,0.0,1.0,0.0,0.0,,0.0,1,2026-02-20 00:30:00+00:00,236.05
Sports,KXNHLPTS-26FEB05FLATB,FLA Panthers at TB Lightning: Points,KXNHLPTS-26FEB05FLATB-FLAERODRIGUES17-3,Evan Rodrigues: 3+,0.0,0.0,0.0,0.0,,0.0,1,2026-02-20 00:30:00+00:00,236.05
Sports,KXNHLPTS-26FEB05FLATB,FLA Panthers at TB Lightning: Points,KXNHLPTS-26FEB05FLATB-FLAERODRIGUES17-2,Evan Rodrigues: 2+,0.0,1.0,0.0,0.0,,0.0,1,2026-02-20 00:30:00+00:00,236.05
Sports,KXNHLPTS-26FEB05FLATB,FLA Panthers at TB Lightning: Points,KXNHLPTS-26FEB05FLATB-FLAERODRIGUES17-1,Evan Rodrigues: 1+,0.0,1.0,0.0,0.0,,0.0,1,2026-02-20 00:30:00+00:00,236.05
Sports,KXNHLPTS-26FEB05FLATB,FLA Panthers at TB Lightning: Points,KXNHLPTS-26FEB05FLATB-FLACVERHAEGHE23-2,Carter Verhaeghe: 2+,0.0,1.0,0.0,0.0,,0.0,1,2026-02-20 00:30:00+00:00,236.05
Sports,KXNHLPTS-26FEB05FLATB,FLA Panthers at TB Lightning: Points,KXNHLPTS-26FEB05FLATB-FLACVERHAEGHE23-1,Carter Verhaeghe: 1+,0.0,1.0,0.54,0.54,,0.0,1,2026-02-20 00:30:00+00:00,236.05
Sports,KXNHLPTS-26FEB05FLATB,FLA Panthers at TB Lightning: Points,KXNHLPTS-26FEB05FLATB-FLABMARCHAND63-3,Brad Marchand: 3+,0.0,1.0,0.0,0.0,,0.0,1,2026-02-20 00:30:00+00:00,236.05
Sports,KXNHLPTS-26FEB05FLATB,FLA Panthers at TB Lightning: Points,KXNHLPTS-26FEB05FLATB-FLAALUNDELL15-2,Anton Lundell: 2+,0.0,1.0,0.0,0.0,,0.0,1,2026-02-20 00:30:00+00:00,236.05
Sports,KXNHLPTS-26FEB05FLATB,FLA Panthers at TB Lightning: Points,KXNHLPTS-26FEB05FLATB-FLAALUNDELL15-1,Anton Lundell: 1+,0.0,1.0,0.48,0.48,,0.0,1,2026-02-20 00:30:00+00:00,236.05
Sports,KXNHLAST-26FEB05FLATB,FLA Panthers at TB Lightning: Assists,KXNHLAST-26FEB05FLATB-TBOBJORKSTRAND22-2,Oliver Bjorkstrand: 2+,0.0,1.0,0.0,0.0,,0.0,1,2026-02-20 00:30:00+00:00,236.05
Sports,KXNHLAST-26FEB05FLATB,FLA Panthers at TB Lightning: Assists,KXNHLAST-26FEB05FLATB-TBOBJORKSTRAND22-1,Oliver Bjorkstrand: 1+,0.0,1.0,0.0,0.0,,0.0,1,2026-02-20 00:30:00+00:00,236.05
Sports,KXNHLAST-26FEB05FLATB,FLA Panthers at TB Lightning: Assists,KXNHLAST-26FEB05FLATB-TBNPAUL20-2,Nick Paul: 2+,0.0,0.0,0.0,0.0,,0.0,1,2026-02-20 00:30:00+00:00,236.05
Sports,KXNHLAST-26FEB05FLATB,FLA Panthers at TB Lightning: Assists,KXNHLAST-26FEB05FLATB-TBNPAUL20-1,Nick Paul: 1+,0.0,0.0,0.0,0.0,,0.0,1,2026-02-20 00:30:00+00:00,236.05
Sports,KXNHLAST-26FEB05FLATB,FLA Panthers at TB Lightning: Assists,KXNHLAST-26FEB05FLATB-TBNKUCHEROV86-2,Nikita Kucherov: 2+,0.0,1.0,0.44,0.44,,0.0,1,2026-02-20 00:30:00+00:00,236.05
Sports,KXNHLAST-26FEB05FLATB,FLA Panthers at TB Lightning: Assists,KXNHLAST-26FEB05FLATB-TBNKUCHEROV86-1,Nikita Kucherov: 1+,0.0,1.0,0.0,0.0,,0.0,1,2026-02-20 00:30:00+00:00,236.05
Sports,KXNHLAST-26FEB05FLATB,FLA Panthers at TB Lightning: Assists,KXNHLAST-26FEB05FLATB-TBJGUENTZEL59-2,Jake Guentzel: 2+,0.0,1.0,0.0,0.0,,0.0,1,2026-02-20 00:30:00+00:00,236.05
Sports,KXNHLAST-26FEB05FLATB,FLA Panthers at TB Lightning: Assists,KXNHLAST-26FEB05FLATB-TBJGUENTZEL59-1,Jake Guentzel: 1+,0.0,1.0,0.0,0.0,,0.0,1,2026-02-20 00:30:00+00:00,236.05
Sports,KXNHLAST-26FEB05FLATB,FLA Panthers at TB Lightning: Assists,KXNHLAST-26FEB05FLATB-TBGGONCALVES93-2,Gage Goncalves: 2+,0.0,0.0,0.0,0.0,,0.0,1,2026-02-20 00:30:00+00:00,236.05
Sports,KXNHLAST-26FEB05FLATB,FLA Panthers at TB Lightning: Assists,KXNHLAST-26FEB05FLATB-TBGGONCALVES93-1,Gage Goncalves: 1+,0.0,0.0,0.0,0.0,,0.0,1,2026-02-20 00:30:00+00:00,236.05
Sports,KXNHLAST-26FEB05FLATB,FLA Panthers at TB Lightning: Assists,KXNHLAST-26FEB05FLATB-TBDRADDYSH43-2,Darren Raddysh: 2+,0.0,1.0,0.0,0.0,,0.0,1,2026-02-20 00:30:00+00:00,236.05
Sports,KXNHLAST-26FEB05FLATB,FLA Panthers at TB Lightning: Assists,KXNHLAST-26FEB05FLATB-TBDRADDYSH43-1,Darren Raddysh: 1+,0.0,1.0,0.55,0.55,,0.0,1,2026-02-20 00:30:00+00:00,236.05
Sports,KXNHLAST-26FEB05FLATB,FLA Panthers at TB Lightning: Assists,KXNHLAST-26FEB05FLATB-TBDJAMES17-2,Dominic James: 2+,0.0,0.0,0.0,0.0,,0.0,1,2026-02-20 00:30:00+00:00,236.05
Sports,KXNHLAST-26FEB05FLATB,FLA Panthers at TB Lightning: Assists,KXNHLAST-26FEB05FLATB-TBDJAMES17-1,Dominic James: 1+,0.0,0.0,0.0,0.0,,0.0,1,2026-02-20 00:30:00+00:00,236.05
Sports,KXNHLAST-26FEB05FLATB,FLA Panthers at TB Lightning: Assists,KXNHLAST-26FEB05FLATB-TBBHAGEL38-2,Brandon Hagel: 2+,0.0,1.0,0.0,0.0,,0.0,1,2026-02-20 00:30:00+00:00,236.05
Sports,KXNHLAST-26FEB05FLATB,FLA Panthers at TB Lightning: Assists,KXNHLAST-26FEB05FLATB-TBBHAGEL38-1,Brandon Hagel: 1+,0.0,1.0,0.0,0.0,,0.0,1,2026-02-20 00:30:00+00:00,236.05
Sports,KXNHLAST-26FEB05FLATB,FLA Panthers at TB Lightning: Assists,KXNHLAST-26FEB05FLATB-TBACIRELLI71-2,Anthony Cirelli: 2+,0.0,0.0,0.0,0.0,,0.0,1,2026-02-20 00:30:00+00:00,236.05
Sports,KXNHLAST-26FEB05FLATB,FLA Panthers at TB Lightning: Assists,KXNHLAST-26FEB05FLATB-TBACIRELLI71-1,Anthony Cirelli: 1+,0.0,0.0,0.0,0.0,,0.0,1,2026-02-20 00:30:00+00:00,236.05
Sports,KXNHLAST-26FEB05FLATB,FLA Panthers at TB Lightning: Assists,KXNHLAST-26FEB05FLATB-FLAUBALINSKIS26-2,Uvis Balinskis: 2+,0.0,1.0,0.0,0.0,,0.0,1,2026-02-20 00:30:00+00:00,236.05
Sports,KXNHLAST-26FEB05FLATB,FLA Panthers at TB Lightning: Assists,KXNHLAST-26FEB05FLATB-FLAUBALINSKIS26-1,Uvis Balinskis: 1+,0.0,1.0,0.0,0.0,,0.0,1,2026-02-20 00:30:00+00:00,236.05
Sports,KXNHLAST-26FEB05FLATB,FLA Panthers at TB Lightning: Assists,KXNHLAST-26FEB05FLATB-FLASREINHART13-2,Sam Reinhart: 2+,0.0,1.0,0.0,0.0,,0.0,1,2026-02-20 00:30:00+00:00,236.05
Sports,KXNHLAST-26FEB05FLATB,FLA Panthers at TB Lightning: Assists,KXNHLAST-26FEB05FLATB-FLASREINHART13-1,Sam Reinhart: 1+,0.0,1.0,0.44,0.44,,0.0,1,2026-02-20 00:30:00+00:00,236.05
Sports,KXNHLAST-26FEB05FLATB,FLA Panthers at TB Lightning: Assists,KXNHLAST-26FEB05FLATB-FLASBENNETT9-1,Sam Bennett: 1+,0.0,1.0,0.0,0.0,,0.0,1,2026-02-20 00:30:00+00:00,236.05
Sports,KXNHLAST-26FEB05FLATB,FLA Panthers at TB Lightning: Assists,KXNHLAST-26FEB05FLATB-FLAGFORSLING42-2,Gustav Forsling: 2+,0.0,1.0,0.0,0.0,,0.0,1,2026-02-20 00:30:00+00:00,236.05
Sports,KXNHLAST-26FEB05FLATB,FLA Panthers at TB Lightning: Assists,KXNHLAST-26FEB05FLATB-FLAGFORSLING42-1,Gustav Forsling: 1+,0.0,1.0,0.0,0.0,,0.0,1,2026-02-20 00:30:00+00:00,236.05
Sports,KXNHLAST-26FEB05FLATB,FLA Panthers at TB Lightning: Assists,KXNHLAST-26FEB05FLATB-FLAERODRIGUES17-2,Evan Rodrigues: 2+,0.0,0.0,0.0,0.0,,0.0,1,2026-02-20 00:30:00+00:00,236.05
Sports,KXNHLAST-26FEB05FLATB,FLA Panthers at TB Lightning: Assists,KXNHLAST-26FEB05FLATB-FLAERODRIGUES17-1,Evan Rodrigues: 1+,0.0,1.0,0.0,0.0,,0.0,1,2026-02-20 00:30:00+00:00,236.05
Sports,KXNHLAST-26FEB05FLATB,FLA Panthers at TB Lightning: Assists,KXNHLAST-26FEB05FLATB-FLACVERHAEGHE23-1,Carter Verhaeghe: 1+,0.0,1.0,0.0,0.0,,0.0,1,2026-02-20 00:30:00+00:00,236.05
Sports,KXNHLAST-26FEB05FLATB,FLA Panthers at TB Lightning: Assists,KXNHLAST-26FEB05FLATB-FLABMARCHAND63-2,Brad Marchand: 2+,0.0,1.0,0.0,0.0,,0.0,1,2026-02-20 00:30:00+00:00,236.05
Sports,KXNHLAST-26FEB05FLATB,FLA Panthers at TB Lightning: Assists,KXNHLAST-26FEB05FLATB-FLAALUNDELL15-2,Anton Lundell: 2+,0.0,1.0,0.0,0.0,,0.0,1,2026-02-20 00:30:00+00:00,236.05
Sports,KXNHLAST-26FEB05FLATB,FLA Panthers at TB Lightning: Assists,KXNHLAST-26FEB05FLATB-FLAALUNDELL15-1,Anton Lundell: 1+,0.0,1.0,0.3,0.3,,0.0,1,2026-02-20 00:30:00+00:00,236.05
Sports,KXNBASTL-26FEB05UTAATL,Utah at Atlanta: Steals,KXNBASTL-26FEB05UTAATL-ATLNALEXANDERWALKER7-1,Nickeil Alexander-Walker: 1+,0.0,1.0,0.99,0.99,,0.0,1,2026-02-20 00:30:00+00:00,236.05
Sports,KXNBASTL-26FEB05UTAATL,Utah at Atlanta: Steals,KXNBASTL-26FEB05UTAATL-ATLJJOHNSON1-1,Jalen Johnson: 1+,0.0,1.0,0.99,0.99,,0.0,1,2026-02-20 00:30:00+00:00,236.05
Sports,KXNBAREB-26FEB05CHITOR,Chicago at Toronto: Rebounds,KXNBAREB-26FEB05CHITOR-TORSBARNES4-6,Scottie Barnes: 6+,0.0,1.0,0.99,0.99,,0.0,1,2026-02-20 00:30:00+00:00,236.05
Sports,KXNBABLK-26FEB05CHITOR,Chicago at Toronto: Blocks,KXNBABLK-26FEB05CHITOR-TORSBARNES4-1,Scottie Barnes: 1+,0.0,1.0,0.99,0.99,,0.0,1,2026-02-20 00:30:00+00:00,236.05
Sports,KXNHLPTS-26FEB05PITBUF,PIT Penguins at BUF Sabres: Points,KXNHLPTS-26FEB05PITBUF-PITSCROSBY87-3,Sidney Crosby: 3+,0.0,1.0,0.0,0.0,,0.0,1,2026-02-20 00:00:00+00:00,235.55
Sports,KXNHLPTS-26FEB05PITBUF,PIT Penguins at BUF Sabres: Points,KXNHLPTS-26FEB05PITBUF-PITSCROSBY87-2,Sidney Crosby: 2+,0.0,1.0,0.29,0.29,,0.0,1,2026-02-20 00:00:00+00:00,235.55
Sports,KXNHLPTS-26FEB05PITBUF,PIT Penguins at BUF Sabres: Points,KXNHLPTS-26FEB05PITBUF-PITSCROSBY87-1,Sidney Crosby: 1+,0.0,1.0,0.0,0.0,,0.0,1,2026-02-20 00:00:00+00:00,235.55
Sports,KXNHLPTS-26FEB05PITBUF,PIT Penguins at BUF Sabres: Points,KXNHLPTS-26FEB05PITBUF-PITRSHEA5-3,Ryan Shea: 3+,0.0,0.0,0.0,0.0,,0.0,1,2026-02-20 00:00:00+00:00,235.55
Sports,KXNHLPTS-26FEB05PITBUF,PIT Penguins at BUF Sabres: Points,KXNHLPTS-26FEB05PITBUF-PITRSHEA5-2,Ryan Shea: 2+,0.0,0.0,0.0,0.0,,0.0,1,2026-02-20 00:00:00+00:00,235.55
Sports,KXNHLPTS-26FEB05PITBUF,PIT Penguins at BUF Sabres: Points,KXNHLPTS-26FEB05PITBUF-PITRSHEA5-1,Ryan Shea: 1+,0.0,0.0,0.0,0.0,,0.0,1,2026-02-20 00:00:00+00:00,235.55
Sports,KXNHLPTS-26FEB05PITBUF,PIT Penguins at BUF Sabres: Points,KXNHLPTS-26FEB05PITBUF-PITEMALKIN71-3,Evgeni Malkin: 3+,0.0,1.0,0.0,0.0,,0.0,1,2026-02-20 00:00:00+00:00,235.55
Sports,KXNHLPTS-26FEB05PITBUF,PIT Penguins at BUF Sabres: Points,KXNHLPTS-26FEB05PITBUF-PITEMALKIN71-2,Evgeni Malkin: 2+,0.0,1.0,0.0,0.0,,0.0,1,2026-02-20 00:00:00+00:00,235.55
Sports,KXNHLPTS-26FEB05PITBUF,PIT Penguins at BUF Sabres: Points,KXNHLPTS-26FEB05PITBUF-PITEMALKIN71-1,Evgeni Malkin: 1+,0.0,1.0,0.62,0.62,,0.0,1,2026-02-20 00:00:00+00:00,235.55
Sports,KXNHLPTS-26FEB05PITBUF,PIT Penguins at BUF Sabres: Points,KXNHLPTS-26FEB05PITBUF-PITEKARLSSON65-3,Erik Karlsson: 3+,0.0,1.0,0.0,0.0,,0.0,1,2026-02-20 00:00:00+00:00,235.55
Sports,KXNHLPTS-26FEB05PITBUF,PIT Penguins at BUF Sabres: Points,KXNHLPTS-26FEB05PITBUF-PITEKARLSSON65-2,Erik Karlsson: 2+,0.0,1.0,0.0,0.0,,0.0,1,2026-02-20 00:00:00+00:00,235.55
Sports,KXNHLPTS-26FEB05PITBUF,PIT Penguins at BUF Sabres: Points,KXNHLPTS-26FEB05PITBUF-PITEKARLSSON65-1,Erik Karlsson: 1+,0.0,1.0,0.0,0.0,,0.0,1,2026-02-20 00:00:00+00:00,235.55
Sports,KXNHLPTS-26FEB05PITBUF,PIT Penguins at BUF Sabres: Points,KXNHLPTS-26FEB05PITBUF-PITBRUST17-3,Bryan Rust: 3+,0.0,1.0,0.0,0.0,,0.0,1,2026-02-20 00:00:00+00:00,235.55
Sports,KXNHLPTS-26FEB05PITBUF,PIT Penguins at BUF Sabres: Points,KXNHLPTS-26FEB05PITBUF-PITBRUST17-2,Bryan Rust: 2+,0.0,1.0,0.0,0.0,,0.0,1,2026-02-20 00:00:00+00:00,235.55
Sports,KXNHLPTS-26FEB05PITBUF,PIT Penguins at BUF Sabres: Points,KXNHLPTS-26FEB05PITBUF-PITBRUST17-1,Bryan Rust: 1+,0.0,1.0,0.0,0.0,,0.0,1,2026-02-20 00:00:00+00:00,235.55
Sports,KXNHLPTS-26FEB05PITBUF,PIT Penguins at BUF Sabres: Points,KXNHLPTS-26FEB05PITBUF-PITBKINDEL81-3,Ben Kindel: 3+,0.0,1.0,0.0,0.0,,0.0,1,2026-02-20 00:00:00+00:00,235.55
Sports,KXNHLPTS-26FEB05PITBUF,PIT Penguins at BUF Sabres: Points,KXNHLPTS-26FEB05PITBUF-PITBKINDEL81-2,Ben Kindel: 2+,0.0,1.0,0.11,0.11,,0.0,1,2026-02-20 00:00:00+00:00,235.55
Sports,KXNHLPTS-26FEB05PITBUF,PIT Penguins at BUF Sabres: Points,KXNHLPTS-26FEB05PITBUF-PITAMANTHA39-3,Anthony Mantha: 3+,0.0,1.0,0.0,0.0,,0.0,1,2026-02-20 00:00:00+00:00,235.55
Sports,KXNHLPTS-26FEB05PITBUF,PIT Penguins at BUF Sabres: Points,KXNHLPTS-26FEB05PITBUF-PITAMANTHA39-2,Anthony Mantha: 2+,0.0,1.0,0.0,0.0,,0.0,1,2026-02-20 00:00:00+00:00,235.55
Sports,KXNHLPTS-26FEB05PITBUF,PIT Penguins at BUF Sabres: Points,KXNHLPTS-26FEB05PITBUF-BUFTTHOMPSON72-3,Tage Thompson: 3+,0.0,1.0,0.0,0.0,,0.0,1,2026-02-20 00:00:00+00:00,235.55
Sports,KXNHLPTS-26FEB05PITBUF,PIT Penguins at BUF Sabres: Points,KXNHLPTS-26FEB05PITBUF-BUFTTHOMPSON72-2,Tage Thompson: 2+,0.0,1.0,0.37,0.37,,0.0,1,2026-02-20 00:00:00+00:00,235.55
Sports,KXNHLPTS-26FEB05PITBUF,PIT Penguins at BUF Sabres: Points,KXNHLPTS-26FEB05PITBUF-BUFTTHOMPSON72-1,Tage Thompson: 1+,0.0,1.0,0.0,0.0,,0.0,1,2026-02-20 00:00:00+00:00,235.55
Sports,KXNHLPTS-26FEB05PITBUF,PIT Penguins at BUF Sabres: Points,KXNHLPTS-26FEB05PITBUF-BUFRMCLEOD71-3,Ryan McLeod: 3+,0.0,1.0,0.0,0.0,,0.0,1,2026-02-20 00:00:00+00:00,235.55
Sports,KXNHLPTS-26FEB05PITBUF,PIT Penguins at BUF Sabres: Points,KXNHLPTS-26FEB05PITBUF-BUFRMCLEOD71-2,Ryan McLeod: 2+,0.0,1.0,0.0,0.0,,0.0,1,2026-02-20 00:00:00+00:00,235.55
Sports,KXNHLPTS-26FEB05PITBUF,PIT Penguins at BUF Sabres: Points,KXNHLPTS-26FEB05PITBUF-BUFRDAHLIN26-3,Rasmus Dahlin: 3+,0.0,1.0,0.11,0.11,,0.0,1,2026-02-20 00:00:00+00:00,235.55
Sports,KXNHLPTS-26FEB05PITBUF,PIT Penguins at BUF Sabres: Points,KXNHLPTS-26FEB05PITBUF-BUFRDAHLIN26-2,Rasmus Dahlin: 2+,0.0,1.0,0.29,0.29,,0.0,1,2026-02-20 00:00:00+00:00,235.55
Sports,KXNHLPTS-26FEB05PITBUF,PIT Penguins at BUF Sabres: Points,KXNHLPTS-26FEB05PITBUF-BUFRDAHLIN26-1,Rasmus Dahlin: 1+,0.0,1.0,0.0,0.0,,0.0,1,2026-02-20 00:00:00+00:00,235.55
Sports,KXNHLPTS-26FEB05PITBUF,PIT Penguins at BUF Sabres: Points,KXNHLPTS-26FEB05PITBUF-BUFNOSTLUND86-3,Noah Ostlund: 3+,0.0,0.0,0.0,0.0,,0.0,1,2026-02-20 00:00:00+00:00,235.55
Sports,KXNHLPTS-26FEB05PITBUF,PIT Penguins at BUF Sabres: Points,KXNHLPTS-26FEB05PITBUF-BUFNOSTLUND86-2,Noah Ostlund: 2+,0.0,0.0,0.0,0.0,,0.0,1,2026-02-20 00:00:00+00:00,235.55
Sports,KXNHLPTS-26FEB05PITBUF,PIT Penguins at BUF Sabres: Points,KXNHLPTS-26FEB05PITBUF-BUFNOSTLUND86-1,Noah Ostlund: 1+,0.0,1.0,0.0,0.0,,0.0,1,2026-02-20 00:00:00+00:00,235.55
Sports,KXNHLPTS-26FEB05PITBUF,PIT Penguins at BUF Sabres: Points,KXNHLPTS-26FEB05PITBUF-BUFJZUCKER17-3,Jason Zucker: 3+,0.0,1.0,0.0,0.0,,0.0,1,2026-02-20 00:00:00+00:00,235.55
Sports,KXNHLPTS-26FEB05PITBUF,PIT Penguins at BUF Sabres: Points,KXNHLPTS-26FEB05PITBUF-BUFJZUCKER17-2,Jason Zucker: 2+,0.0,1.0,0.0,0.0,,0.0,1,2026-02-20 00:00:00+00:00,235.55
Sports,KXNHLPTS-26FEB05PITBUF,PIT Penguins at BUF Sabres: Points,KXNHLPTS-26FEB05PITBUF-BUFJQUINN22-3,Jack Quinn: 3+,0.0,1.0,0.07,0.07,,0.0,1,2026-02-20 00:00:00+00:00,235.55
Sports,KXNHLPTS-26FEB05PITBUF,PIT Penguins at BUF Sabres: Points,KXNHLPTS-26FEB05PITBUF-BUFJQUINN22-2,Jack Quinn: 2+,0.0,1.0,0.0,0.0,,0.0,1,2026-02-20 00:00:00+00:00,235.55
Sports,KXNHLPTS-26FEB05PITBUF,PIT Penguins at BUF Sabres: Points,KXNHLPTS-26FEB05PITBUF-BUFJQUINN22-1,Jack Quinn: 1+,0.0,1.0,0.55,0.55,,0.0,1,2026-02-20 00:00:00+00:00,235.55
Sports,KXNHLPTS-26FEB05PITBUF,PIT Penguins at BUF Sabres: Points,KXNHLPTS-26FEB05PITBUF-BUFJDOAN91-3,Josh Doan: 3+,0.0,1.0,0.0,0.0,,0.0,1,2026-02-20 00:00:00+00:00,235.55
Sports,KXNHLPTS-26FEB05PITBUF,PIT Penguins at BUF Sabres: Points,KXNHLPTS-26FEB05PITBUF-BUFJDOAN91-2,Josh Doan: 2+,0.0,1.0,0.16,0.16,,0.0,1,2026-02-20 00:00:00+00:00,235.55
Sports,KXNHLPTS-26FEB05PITBUF,PIT Penguins at BUF Sabres: Points,KXNHLPTS-26FEB05PITBUF-BUFJDOAN91-1,Josh Doan: 1+,0.0,1.0,0.52,0.52,,0.0,1,2026-02-20 00:00:00+00:00,235.55
Sports,KXNHLPTS-26FEB05PITBUF,PIT Penguins at BUF Sabres: Points,KXNHLPTS-26FEB05PITBUF-BUFIROSEN63-3,Isak Rosen: 3+,0.0,0.0,0.0,0.0,,0.0,1,2026-02-20 00:00:00+00:00,235.55
Sports,KXNHLPTS-26FEB05PITBUF,PIT Penguins at BUF Sabres: Points,KXNHLPTS-26FEB05PITBUF-BUFIROSEN63-2,Isak Rosen: 2+,0.0,0.0,0.0,0.0,,0.0,1,2026-02-20 00:00:00+00:00,235.55
Sports,KXNHLPTS-26FEB05PITBUF,PIT Penguins at BUF Sabres: Points,KXNHLPTS-26FEB05PITBUF-BUFIROSEN63-1,Isak Rosen: 1+,0.0,1.0,0.2,0.2,,0.0,1,2026-02-20 00:00:00+00:00,235.55
Sports,KXNHLPTS-26FEB05PITBUF,PIT Penguins at BUF Sabres: Points,KXNHLPTS-26FEB05PITBUF-BUFBBYRAM4-3,Bowen Byram: 3+,0.0,0.0,0.0,0.0,,0.0,1,2026-02-20 00:00:00+00:00,235.55
Sports,KXNHLPTS-26FEB05PITBUF,PIT Penguins at BUF Sabres: Points,KXNHLPTS-26FEB05PITBUF-BUFBBYRAM4-2,Bowen Byram: 2+,0.0,0.0,0.0,0.0,,0.0,1,2026-02-20 00:00:00+00:00,235.55
Sports,KXNHLPTS-26FEB05PITBUF,PIT Penguins at BUF Sabres: Points,KXNHLPTS-26FEB05PITBUF-BUFATUCH89-3,Alex Tuch: 3+,0.0,1.0,0.09,0.09,,0.0,1,2026-02-20 00:00:00+00:00,235.55
Sports,KXNHLPTS-26FEB05PITBUF,PIT Penguins at BUF Sabres: Points,KXNHLPTS-26FEB05PITBUF-BUFATUCH89-2,Alex Tuch: 2+,0.0,1.0,0.24,0.24,,0.0,1,2026-02-20 00:00:00+00:00,235.55
Sports,KXNHLPTS-26FEB05PITBUF,PIT Penguins at BUF Sabres: Points,KXNHLPTS-26FEB05PITBUF-BUFATUCH89-1,Alex Tuch: 1+,0.0,1.0,0.0,0.0,,0.0,1,2026-02-20 00:00:00+00:00,235.55
Sports,KXNHLPTS-26FEB05OTTPHI,OTT Senators at PHI Flyers: Points,KXNHLPTS-26FEB05OTTPHI-PHITZEGRAS46-3,Trevor Zegras: 3+,0.0,1.0,0.0,0.0,,0.0,1,2026-02-20 00:00:00+00:00,235.55
Sports,KXNHLPTS-26FEB05OTTPHI,OTT Senators at PHI Flyers: Points,KXNHLPTS-26FEB05OTTPHI-PHITZEGRAS46-2,Trevor Zegras: 2+,0.0,1.0,0.0,0.0,,0.0,1,2026-02-20 00:00:00+00:00,235.55
Sports,KXNHLPTS-26FEB05OTTPHI,OTT Senators at PHI Flyers: Points,KXNHLPTS-26FEB05OTTPHI-PHITZEGRAS46-1,Trevor Zegras: 1+,0.0,1.0,0.57,0.57,,0.0,1,2026-02-20 00:00:00+00:00,235.55
Sports,KXNHLPTS-26FEB05OTTPHI,OTT Senators at PHI Flyers: Points,KXNHLPTS-26FEB05OTTPHI-PHITKONECNY11-3,Travis Konecny: 3+,0.0,1.0,0.0,0.0,,0.0,1,2026-02-20 00:00:00+00:00,235.55
Sports,KXNHLPTS-26FEB05OTTPHI,OTT Senators at PHI Flyers: Points,KXNHLPTS-26FEB05OTTPHI-PHITKONECNY11-2,Travis Konecny: 2+,0.0,1.0,0.0,0.0,,0.0,1,2026-02-20 00:00:00+00:00,235.55
Sports,KXNHLPTS-26FEB05OTTPHI,OTT Senators at PHI Flyers: Points,KXNHLPTS-26FEB05OTTPHI-PHITKONECNY11-1,Travis Konecny: 1+,0.0,1.0,0.0,0.0,,0.0,1,2026-02-20 00:00:00+00:00,235.55
Sports,KXNHLPTS-26FEB05OTTPHI,OTT Senators at PHI Flyers: Points,KXNHLPTS-26FEB05OTTPHI-PHIOTIPPETT74-3,Owen Tippett: 3+,0.0,1.0,0.0,0.0,,0.0,1,2026-02-20 00:00:00+00:00,235.55
Sports,KXNHLPTS-26FEB05OTTPHI,OTT Senators at PHI Flyers: Points,KXNHLPTS-26FEB05OTTPHI-PHIOTIPPETT74-2,Owen Tippett: 2+,0.0,1.0,0.0,0.0,,0.0,1,2026-02-20 00:00:00+00:00,235.55
Sports,KXNHLPTS-26FEB05OTTPHI,OTT Senators at PHI Flyers: Points,KXNHLPTS-26FEB05OTTPHI-PHIOTIPPETT74-1,Owen Tippett: 1+,0.0,1.0,0.0,0.0,,0.0,1,2026-02-20 00:00:00+00:00,235.55
Sports,KXNHLPTS-26FEB05OTTPHI,OTT Senators at PHI Flyers: Points,KXNHLPTS-26FEB05OTTPHI-PHINCATES27-3,Noah Cates: 3+,0.0,1.0,0.0,0.0,,0.0,1,2026-02-20 00:00:00+00:00,235.55
Sports,KXNHLPTS-26FEB05OTTPHI,OTT Senators at PHI Flyers: Points,KXNHLPTS-26FEB05OTTPHI-PHINCATES27-2,Noah Cates: 2+,0.0,1.0,0.08,0.08,,0.0,1,2026-02-20 00:00:00+00:00,235.55
Sports,KXNHLPTS-26FEB05OTTPHI,OTT Senators at PHI Flyers: Points,KXNHLPTS-26FEB05OTTPHI-PHINCATES27-1,Noah Cates: 1+,0.0,1.0,0.0,0.0,,0.0,1,2026-02-20 00:00:00+00:00,235.55
Sports,KXNHLPTS-26FEB05OTTPHI,OTT Senators at PHI Flyers: Points,KXNHLPTS-26FEB05OTTPHI-PHIMMICHKOV39-3,Matvei Michkov: 3+,0.0,1.0,0.0,0.0,,0.0,1,2026-02-20 00:00:00+00:00,235.55
Sports,KXNHLPTS-26FEB05OTTPHI,OTT Senators at PHI Flyers: Points,KXNHLPTS-26FEB05OTTPHI-PHIMMICHKOV39-2,Matvei Michkov: 2+,0.0,1.0,0.13,0.13,,0.0,1,2026-02-20 00:00:00+00:00,235.55
Sports,KXNHLPTS-26FEB05OTTPHI,OTT Senators at PHI Flyers: Points,KXNHLPTS-26FEB05OTTPHI-PHIMMICHKOV39-1,Matvei Michkov: 1+,0.0,1.0,0.0,0.0,,0.0,1,2026-02-20 00:00:00+00:00,235.55
Sports,KXNHLPTS-26FEB05OTTPHI,OTT Senators at PHI Flyers: Points,KXNHLPTS-26FEB05OTTPHI-PHIJDRYSDALE9-3,Jamie Drysdale: 3+,0.0,1.0,0.0,0.0,,0.0,1,2026-02-20 00:00:00+00:00,235.55
Sports,KXNHLPTS-26FEB05OTTPHI,OTT Senators at PHI Flyers: Points,KXNHLPTS-26FEB05OTTPHI-PHIJDRYSDALE9-2,Jamie Drysdale: 2+,0.0,1.0,0.0,0.0,,0.0,1,2026-02-20 00:00:00+00:00,235.55
Sports,KXNHLPTS-26FEB05OTTPHI,OTT Senators at PHI Flyers: Points,KXNHLPTS-26FEB05OTTPHI-PHIJDRYSDALE9-1,Jamie Drysdale: 1+,0.0,1.0,0.0,0.0,,0.0,1,2026-02-20 00:00:00+00:00,235.55
Sports,KXNHLPTS-26FEB05OTTPHI,OTT Senators at PHI Flyers: Points,KXNHLPTS-26FEB05OTTPHI-PHICYORK8-3,Cam York: 3+,0.0,1.0,0.0,0.0,,0.0,1,2026-02-20 00:00:00+00:00,235.55
Sports,KXNHLPTS-26FEB05OTTPHI,OTT Senators at PHI Flyers: Points,KXNHLPTS-26FEB05OTTPHI-PHICYORK8-2,Cam York: 2+,0.0,1.0,0.0,0.0,,0.0,1,2026-02-20 00:00:00+00:00,235.55
Sports,KXNHLPTS-26FEB05OTTPHI,OTT Senators at PHI Flyers: Points,KXNHLPTS-26FEB05OTTPHI-PHICYORK8-1,Cam York: 1+,0.0,1.0,0.0,0.0,,0.0,1,2026-02-20 00:00:00+00:00,235.55
Sports,KXNHLPTS-26FEB05OTTPHI,OTT Senators at PHI Flyers: Points,KXNHLPTS-26FEB05OTTPHI-PHICDVORAK22-3,Christian Dvorak: 3+,0.0,1.0,0.0,0.0,,0.0,1,2026-02-20 00:00:00+00:00,235.55
Sports,KXNHLPTS-26FEB05OTTPHI,OTT Senators at PHI Flyers: Points,KXNHLPTS-26FEB05OTTPHI-PHICDVORAK22-2,Christian Dvorak: 2+,0.0,1.0,0.0,0.0,,0.0,1,2026-02-20 00:00:00+00:00,235.55
Sports,KXNHLPTS-26FEB05OTTPHI,OTT Senators at PHI Flyers: Points,KXNHLPTS-26FEB05OTTPHI-PHICDVORAK22-1,Christian Dvorak: 1+,0.0,1.0,0.0,0.0,,0.0,1,2026-02-20 00:00:00+00:00,235.55
Sports,KXNHLPTS-26FEB05OTTPHI,OTT Senators at PHI Flyers: Points,KXNHLPTS-26FEB05OTTPHI-PHIBBRINK10-3,Bobby Brink: 3+,0.0,1.0,0.0,0.0,,0.0,1,2026-02-20 00:00:00+00:00,235.55
Sports,KXNHLPTS-26FEB05OTTPHI,OTT Senators at PHI Flyers: Points,KXNHLPTS-26FEB05OTTPHI-PHIBBRINK10-2,Bobby Brink: 2+,0.0,1.0,0.0,0.0,,0.0,1,2026-02-20 00:00:00+00:00,235.55
Sports,KXNHLPTS-26FEB05OTTPHI,OTT Senators at PHI Flyers: Points,KXNHLPTS-26FEB05OTTPHI-PHIBBRINK10-1,Bobby Brink: 1+,0.0,1.0,0.0,0.0,,0.0,1,2026-02-20 00:00:00+00:00,235.55
Sports,KXNHLPTS-26FEB05OTTPHI,OTT Senators at PHI Flyers: Points,KXNHLPTS-26FEB05OTTPHI-OTTTSTUTZLE18-3,Tim Stutzle: 3+,0.0,1.0,0.0,0.0,,0.0,1,2026-02-20 00:00:00+00:00,235.55
Sports,KXNHLPTS-26FEB05OTTPHI,OTT Senators at PHI Flyers: Points,KXNHLPTS-26FEB05OTTPHI-OTTTSTUTZLE18-2,Tim Stutzle: 2+,0.0,1.0,0.0,0.0,,0.0,1,2026-02-20 00:00:00+00:00,235.55
Sports,KXNHLPTS-26FEB05OTTPHI,OTT Senators at PHI Flyers: Points,KXNHLPTS-26FEB05OTTPHI-OTTTSTUTZLE18-1,Tim Stutzle: 1+,0.0,1.0,0.0,0.0,,0.0,1,2026-02-20 00:00:00+00:00,235.55
Sports,KXNHLPTS-26FEB05OTTPHI,OTT Senators at PHI Flyers: Points,KXNHLPTS-26FEB05OTTPHI-OTTTCHABOT72-3,Thomas Chabot: 3+,0.0,1.0,0.0,0.0,,0.0,1,2026-02-20 00:00:00+00:00,235.55
Sports,KXNHLPTS-26FEB05OTTPHI,OTT Senators at PHI Flyers: Points,KXNHLPTS-26FEB05OTTPHI-OTTTCHABOT72-2,Thomas Chabot: 2+,0.0,1.0,0.11,0.11,,0.0,1,2026-02-20 00:00:00+00:00,235.55
Sports,KXNHLPTS-26FEB05OTTPHI,OTT Senators at PHI Flyers: Points,KXNHLPTS-26FEB05OTTPHI-OTTTCHABOT72-1,Thomas Chabot: 1+,0.0,1.0,0.0,0.0,,0.0,1,2026-02-20 00:00:00+00:00,235.55
Sports,KXNHLPTS-26FEB05OTTPHI,OTT Senators at PHI Flyers: Points,KXNHLPTS-26FEB05OTTPHI-OTTSPINTO12-3,Shane Pinto: 3+,0.0,1.0,0.0,0.0,,0.0,1,2026-02-20 00:00:00+00:00,235.55
Sports,KXNHLPTS-26FEB05OTTPHI,OTT Senators at PHI Flyers: Points,KXNHLPTS-26FEB05OTTPHI-OTTSPINTO12-2,Shane Pinto: 2+,0.0,1.0,0.0,0.0,,0.0,1,2026-02-20 00:00:00+00:00,235.55
Sports,KXNHLPTS-26FEB05OTTPHI,OTT Senators at PHI Flyers: Points,KXNHLPTS-26FEB05OTTPHI-OTTSHALLIDAY83-3,Stephen Halliday: 3+,0.0,1.0,0.0,0.0,,0.0,1,2026-02-20 00:00:00+00:00,235.55
Sports,KXNHLPTS-26FEB05OTTPHI,OTT Senators at PHI Flyers: Points,KXNHLPTS-26FEB05OTTPHI-OTTSHALLIDAY83-2,Stephen Halliday: 2+,0.0,1.0,0.0,0.0,,0.0,1,2026-02-20 00:00:00+00:00,235.55
Sports,KXNHLPTS-26FEB05OTTPHI,OTT Senators at PHI Flyers: Points,KXNHLPTS-26FEB05OTTPHI-OTTSHALLIDAY83-1,Stephen Halliday: 1+,0.0,1.0,0.0,0.0,,0.0,1,2026-02-20 00:00:00+00:00,235.55
Sports,KXNHLPTS-26FEB05OTTPHI,OTT Senators at PHI Flyers: Points,KXNHLPTS-26FEB05OTTPHI-OTTJSPENCE10-3,Jordan Spence: 3+,0.0,1.0,0.0,0.0,,0.0,1,2026-02-20 00:00:00+00:00,235.55
Sports,KXNHLPTS-26FEB05OTTPHI,OTT Senators at PHI Flyers: Points,KXNHLPTS-26FEB05OTTPHI-OTTJSPENCE10-2,Jordan Spence: 2+,0.0,1.0,0.0,0.0,,0.0,1,2026-02-20 00:00:00+00:00,235.55
Sports,KXNHLPTS-26FEB05OTTPHI,OTT Senators at PHI Flyers: Points,KXNHLPTS-26FEB05OTTPHI-OTTJSPENCE10-1,Jordan Spence: 1+,0.0,1.0,0.0,0.0,,0.0,1,2026-02-20 00:00:00+00:00,235.55
Sports,KXNHLPTS-26FEB05OTTPHI,OTT Senators at PHI Flyers: Points,KXNHLPTS-26FEB05OTTPHI-OTTJSANDERSON85-3,Jake Sanderson: 3+,0.0,1.0,0.0,0.0,,0.0,1,2026-02-20 00:00:00+00:00,235.55
Sports,KXNHLPTS-26FEB05OTTPHI,OTT Senators at PHI Flyers: Points,KXNHLPTS-26FEB05OTTPHI-OTTJSANDERSON85-2,Jake Sanderson: 2+,0.0,1.0,0.0,0.0,,0.0,1,2026-02-20 00:00:00+00:00,235.55
Sports,KXNHLPTS-26FEB05OTTPHI,OTT Senators at PHI Flyers: Points,KXNHLPTS-26FEB05OTTPHI-OTTJSANDERSON85-1,Jake Sanderson: 1+,0.0,1.0,0.62,0.62,,0.0,1,2026-02-20 00:00:00+00:00,235.55
Sports,KXNHLPTS-26FEB05OTTPHI,OTT Senators at PHI Flyers: Points,KXNHLPTS-26FEB05OTTPHI-OTTDCOZENS24-3,Dylan Cozens: 3+,0.0,1.0,0.0,0.0,,0.0,1,2026-02-20 00:00:00+00:00,235.55
Sports,KXNHLPTS-26FEB05OTTPHI,OTT Senators at PHI Flyers: Points,KXNHLPTS-26FEB05OTTPHI-OTTDCOZENS24-2,Dylan Cozens: 2+,0.0,1.0,0.0,0.0,,0.0,1,2026-02-20 00:00:00+00:00,235.55
Sports,KXNHLPTS-26FEB05OTTPHI,OTT Senators at PHI Flyers: Points,KXNHLPTS-26FEB05OTTPHI-OTTDCOZENS24-1,Dylan Cozens: 1+,0.0,1.0,0.0,0.0,,0.0,1,2026-02-20 00:00:00+00:00,235.55
Sports,KXNHLPTS-26FEB05OTTPHI,OTT Senators at PHI Flyers: Points,KXNHLPTS-26FEB05OTTPHI-OTTDBATHERSON19-3,Drake Batherson: 3+,0.0,1.0,0.0,0.0,,0.0,1,2026-02-20 00:00:00+00:00,235.55
Sports,KXNHLPTS-26FEB05OTTPHI,OTT Senators at PHI Flyers: Points,KXNHLPTS-26FEB05OTTPHI-OTTDBATHERSON19-2,Drake Batherson: 2+,0.0,1.0,0.0,0.0,,0.0,1,2026-02-20 00:00:00+00:00,235.55
Sports,KXNHLPTS-26FEB05OTTPHI,OTT Senators at PHI Flyers: Points,KXNHLPTS-26FEB05OTTPHI-OTTDBATHERSON19-1,Drake Batherson: 1+,0.0,1.0,0.0,0.0,,0.0,1,2026-02-20 00:00:00+00:00,235.55
Sports,KXNHLPTS-26FEB05OTTPHI,OTT Senators at PHI Flyers: Points,KXNHLPTS-26FEB05OTTPHI-OTTCGIROUX28-3,Claude Giroux: 3+,0.0,1.0,0.0,0.0,,0.0,1,2026-02-20 00:00:00+00:00,235.55
Sports,KXNHLPTS-26FEB05OTTPHI,OTT Senators at PHI Flyers: Points,KXNHLPTS-26FEB05OTTPHI-OTTCGIROUX28-2,Claude Giroux: 2+,0.0,1.0,0.14,0.14,,0.0,1,2026-02-20 00:00:00+00:00,235.55
Sports,KXNHLPTS-26FEB05OTTPHI,OTT Senators at PHI Flyers: Points,KXNHLPTS-26FEB05OTTPHI-OTTCGIROUX28-1,Claude Giroux: 1+,0.0,1.0,0.47,0.47,,0.0,1,2026-02-20 00:00:00+00:00,235.55
Sports,KXNHLPTS-26FEB05NYINJ,NYI Islanders at NJ Devils: Points,KXNHLPTS-26FEB05NYINJ-NYITDEANGELO77-3,Tony DeAngelo: 3+,0.0,1.0,0.0,0.0,,0.0,1,2026-02-20 00:00:00+00:00,235.55
Sports,KXNHLPTS-26FEB05NYINJ,NYI Islanders at NJ Devils: Points,KXNHLPTS-26FEB05NYINJ-NYITDEANGELO77-2,Tony DeAngelo: 2+,0.0,1.0,0.0,0.0,,0.0,1,2026-02-20 00:00:00+00:00,235.55
Sports,KXNHLPTS-26FEB05NYINJ,NYI Islanders at NJ Devils: Points,KXNHLPTS-26FEB05NYINJ-NYITDEANGELO77-1,Tony DeAngelo: 1+,0.0,1.0,0.0,0.0,,0.0,1,2026-02-20 00:00:00+00:00,235.55
Sports,KXNHLPTS-26FEB05NYINJ,NYI Islanders at NJ Devils: Points,KXNHLPTS-26FEB05NYINJ-NYISHOLMSTROM10-3,Simon Holmstrom: 3+,0.0,1.0,0.0,0.0,,0.0,1,2026-02-20 00:00:00+00:00,235.55
Sports,KXNHLPTS-26FEB05NYINJ,NYI Islanders at NJ Devils: Points,KXNHLPTS-26FEB05NYINJ-NYISHOLMSTROM10-2,Simon Holmstrom: 2+,0.0,1.0,0.0,0.0,,0.0,1,2026-02-20 00:00:00+00:00,235.55
Sports,KXNHLPTS-26FEB05NYINJ,NYI Islanders at NJ Devils: Points,KXNHLPTS-26FEB05NYINJ-NYISHOLMSTROM10-1,Simon Holmstrom: 1+,0.0,1.0,0.0,0.0,,0.0,1,2026-02-20 00:00:00+00:00,235.55
Sports,KXNHLPTS-26FEB05NYINJ,NYI Islanders at NJ Devils: Points,KXNHLPTS-26FEB05NYINJ-NYIMTSYPLAKOV7-3,Maxim Tsyplakov: 3+,0.0,0.0,0.0,0.0,,0.0,1,2026-02-20 00:00:00+00:00,235.55
Sports,KXNHLPTS-26FEB05NYINJ,NYI Islanders at NJ Devils: Points,KXNHLPTS-26FEB05NYINJ-NYIMTSYPLAKOV7-2,Maxim Tsyplakov: 2+,0.0,0.0,0.0,0.0,,0.0,1,2026-02-20 00:00:00+00:00,235.55
Sports,KXNHLPTS-26FEB05NYINJ,NYI Islanders at NJ Devils: Points,KXNHLPTS-26FEB05NYINJ-NYIMTSYPLAKOV7-1,Maxim Tsyplakov: 1+,0.0,0.0,0.0,0.0,,0.0,1,2026-02-20 00:00:00+00:00,235.55
Sports,KXNHLPTS-26FEB05NYINJ,NYI Islanders at NJ Devils: Points,KXNHLPTS-26FEB05NYINJ-NYIMSCHAEFER48-3,Matthew Schaefer: 3+,0.0,1.0,0.0,0.0,,0.0,1,2026-02-20 00:00:00+00:00,235.55
Sports,KXNHLPTS-26FEB05NYINJ,NYI Islanders at NJ Devils: Points,KXNHLPTS-26FEB05NYINJ-NYIMSCHAEFER48-2,Matthew Schaefer: 2+,0.0,1.0,0.16,0.16,,0.0,1,2026-02-20 00:00:00+00:00,235.55
Sports,KXNHLPTS-26FEB05NYINJ,NYI Islanders at NJ Devils: Points,KXNHLPTS-26FEB05NYINJ-NYIMSCHAEFER48-1,Matthew Schaefer: 1+,0.0,1.0,0.48,0.48,,0.0,1,2026-02-20 00:00:00+00:00,235.55
Sports,KXNHLPTS-26FEB05NYINJ,NYI Islanders at NJ Devils: Points,KXNHLPTS-26FEB05NYINJ-NYIMBARZAL13-3,Mathew Barzal: 3+,0.0,1.0,0.0,0.0,,0.0,1,2026-02-20 00:00:00+00:00,235.55
Sports,KXNHLPTS-26FEB05NYINJ,NYI Islanders at NJ Devils: Points,KXNHLPTS-26FEB05NYINJ-NYIMBARZAL13-2,Mathew Barzal: 2+,0.0,1.0,0.25,0.25,,0.0,1,2026-02-20 00:00:00+00:00,235.55
Sports,KXNHLPTS-26FEB05NYINJ,NYI Islanders at NJ Devils: Points,KXNHLPTS-26FEB05NYINJ-NYIMBARZAL13-1,Mathew Barzal: 1+,0.0,1.0,0.0,0.0,,0.0,1,2026-02-20 00:00:00+00:00,235.55
Sports,KXNHLPTS-26FEB05NYINJ,NYI Islanders at NJ Devils: Points,KXNHLPTS-26FEB05NYINJ-NYIJDROUIN29-3,Jonathan Drouin: 3+,0.0,0.0,0.0,0.0,,0.0,1,2026-02-20 00:00:00+00:00,235.55
Sports,KXNHLPTS-26FEB05NYINJ,NYI Islanders at NJ Devils: Points,KXNHLPTS-26FEB05NYINJ-NYIJDROUIN29-2,Jonathan Drouin: 2+,0.0,0.0,0.0,0.0,,0.0,1,2026-02-20 00:00:00+00:00,235.55
Sports,KXNHLPTS-26FEB05NYINJ,NYI Islanders at NJ Devils: Points,KXNHLPTS-26FEB05NYINJ-NYIJDROUIN29-1,Jonathan Drouin: 1+,0.0,0.0,0.0,0.0,,0.0,1,2026-02-20 00:00:00+00:00,235.55
Sports,KXNHLPTS-26FEB05NYINJ,NYI Islanders at NJ Devils: Points,KXNHLPTS-26FEB05NYINJ-NYIEHEINEMAN51-3,Emil Heineman: 3+,0.0,0.0,0.0,0.0,,0.0,1,2026-02-20 00:00:00+00:00,235.55
Sports,KXNHLPTS-26FEB05NYINJ,NYI Islanders at NJ Devils: Points,KXNHLPTS-26FEB05NYINJ-NYIEHEINEMAN51-2,Emil Heineman: 2+,0.0,1.0,0.1,0.1,,0.0,1,2026-02-20 00:00:00+00:00,235.55
Sports,KXNHLPTS-26FEB05NYINJ,NYI Islanders at NJ Devils: Points,KXNHLPTS-26FEB05NYINJ-NYIEHEINEMAN51-1,Emil Heineman: 1+,0.0,1.0,0.0,0.0,,0.0,1,2026-02-20 00:00:00+00:00,235.55
Sports,KXNHLPTS-26FEB05NYINJ,NYI Islanders at NJ Devils: Points,KXNHLPTS-26FEB05NYINJ-NYICRITCHIE64-3,Calum Ritchie: 3+,0.0,0.0,0.0,0.0,,0.0,1,2026-02-20 00:00:00+00:00,235.55
Sports,KXNHLPTS-26FEB05NYINJ,NYI Islanders at NJ Devils: Points,KXNHLPTS-26FEB05NYINJ-NYICRITCHIE64-2,Calum Ritchie: 2+,0.0,0.0,0.0,0.0,,0.0,1,2026-02-20 00:00:00+00:00,235.55
Sports,KXNHLPTS-26FEB05NYINJ,NYI Islanders at NJ Devils: Points,KXNHLPTS-26FEB05NYINJ-NYICRITCHIE64-1,Calum Ritchie: 1+,0.0,1.0,0.0,0.0,,0.0,1,2026-02-20 00:00:00+00:00,235.55
Sports,KXNHLPTS-26FEB05NYINJ,NYI Islanders at NJ Devils: Points,KXNHLPTS-26FEB05NYINJ-NYIBHORVAT14-3,Bo Horvat: 3+,0.0,1.0,0.0,0.0,,0.0,1,2026-02-20 00:00:00+00:00,235.55
Sports,KXNHLPTS-26FEB05NYINJ,NYI Islanders at NJ Devils: Points,KXNHLPTS-26FEB05NYINJ-NYIBHORVAT14-2,Bo Horvat: 2+,0.0,1.0,0.0,0.0,,0.0,1,2026-02-20 00:00:00+00:00,235.55
Sports,KXNHLPTS-26FEB05NYINJ,NYI Islanders at NJ Devils: Points,KXNHLPTS-26FEB05NYINJ-NYIBHORVAT14-1,Bo Horvat: 1+,0.0,1.0,0.0,0.0,,0.0,1,2026-02-20 00:00:00+00:00,235.55
Sports,KXNHLPTS-26FEB05NYINJ,NYI Islanders at NJ Devils: Points,KXNHLPTS-26FEB05NYINJ-NYIALEE27-3,Anders Lee: 3+,0.0,1.0,0.0,0.0,,0.0,1,2026-02-20 00:00:00+00:00,235.55
Sports,KXNHLPTS-26FEB05NYINJ,NYI Islanders at NJ Devils: Points,KXNHLPTS-26FEB05NYINJ-NYIALEE27-2,Anders Lee: 2+,0.0,1.0,0.0,0.0,,0.0,1,2026-02-20 00:00:00+00:00,235.55
Sports,KXNHLPTS-26FEB05NYINJ,NYI Islanders at NJ Devils: Points,KXNHLPTS-26FEB05NYINJ-NYIALEE27-1,Anders Lee: 1+,0.0,1.0,0.0,0.0,,0.0,1,2026-02-20 00:00:00+00:00,235.55
Sports,KXNHLPTS-26FEB05NYINJ,NYI Islanders at NJ Devils: Points,KXNHLPTS-26FEB05NYINJ-NJTMEIER28-3,Timo Meier: 3+,0.0,1.0,0.0,0.0,,0.0,1,2026-02-20 00:00:00+00:00,235.55
Sports,KXNHLPTS-26FEB05NYINJ,NYI Islanders at NJ Devils: Points,KXNHLPTS-26FEB05NYINJ-NJTMEIER28-2,Timo Meier: 2+,0.0,1.0,0.0,0.0,,0.0,1,2026-02-20 00:00:00+00:00,235.55
Sports,KXNHLPTS-26FEB05NYINJ,NYI Islanders at NJ Devils: Points,KXNHLPTS-26FEB05NYINJ-NJTMEIER28-1,Timo Meier: 1+,0.0,1.0,0.0,0.0,,0.0,1,2026-02-20 00:00:00+00:00,235.55
Sports,KXNHLPTS-26FEB05NYINJ,NYI Islanders at NJ Devils: Points,KXNHLPTS-26FEB05NYINJ-NJSNEMEC17-3,Simon Nemec: 3+,0.0,0.0,0.0,0.0,,0.0,1,2026-02-20 00:00:00+00:00,235.55
Sports,KXNHLPTS-26FEB05NYINJ,NYI Islanders at NJ Devils: Points,KXNHLPTS-26FEB05NYINJ-NJSNEMEC17-2,Simon Nemec: 2+,0.0,0.0,0.0,0.0,,0.0,1,2026-02-20 00:00:00+00:00,235.55
Sports,KXNHLPTS-26FEB05NYINJ,NYI Islanders at NJ Devils: Points,KXNHLPTS-26FEB05NYINJ-NJSNEMEC17-1,Simon Nemec: 1+,0.0,1.0,0.0,0.0,,0.0,1,2026-02-20 00:00:00+00:00,235.55
Sports,KXNHLPTS-26FEB05NYINJ,NYI Islanders at NJ Devils: Points,KXNHLPTS-26FEB05NYINJ-NJOPALAT18-3,Ondrej Palat: 3+,0.0,0.0,0.0,0.0,,0.0,1,2026-02-20 00:00:00+00:00,235.55
Sports,KXNHLPTS-26FEB05NYINJ,NYI Islanders at NJ Devils: Points,KXNHLPTS-26FEB05NYINJ-NJOPALAT18-2,Ondrej Palat: 2+,0.0,0.0,0.0,0.0,,0.0,1,2026-02-20 00:00:00+00:00,235.55
Sports,KXNHLPTS-26FEB05NYINJ,NYI Islanders at NJ Devils: Points,KXNHLPTS-26FEB05NYINJ-NJOPALAT18-1,Ondrej Palat: 1+,0.0,1.0,0.0,0.0,,0.0,1,2026-02-20 00:00:00+00:00,235.55
Sports,KXNHLPTS-26FEB05NYINJ,NYI Islanders at NJ Devils: Points,KXNHLPTS-26FEB05NYINJ-NJNHISCHIER13-3,Nico Hischier: 3+,0.0,1.0,0.0,0.0,,0.0,1,2026-02-20 00:00:00+00:00,235.55
Sports,KXNHLPTS-26FEB05NYINJ,NYI Islanders at NJ Devils: Points,KXNHLPTS-26FEB05NYINJ-NJNHISCHIER13-2,Nico Hischier: 2+,0.0,1.0,0.0,0.0,,0.0,1,2026-02-20 00:00:00+00:00,235.55
Sports,KXNHLPTS-26FEB05NYINJ,NYI Islanders at NJ Devils: Points,KXNHLPTS-26FEB05NYINJ-NJNHISCHIER13-1,Nico Hischier: 1+,0.0,1.0,0.0,0.0,,0.0,1,2026-02-20 00:00:00+00:00,235.55
Sports,KXNHLPTS-26FEB05NYINJ,NYI Islanders at NJ Devils: Points,KXNHLPTS-26FEB05NYINJ-NJJBRATT63-3,Jesper Bratt: 3+,0.0,1.0,0.0,0.0,,0.0,1,2026-02-20 00:00:00+00:00,235.55
Sports,KXNHLPTS-26FEB05NYINJ,NYI Islanders at NJ Devils: Points,KXNHLPTS-26FEB05NYINJ-NJJBRATT63-2,Jesper Bratt: 2+,0.0,1.0,0.0,0.0,,0.0,1,2026-02-20 00:00:00+00:00,235.55
Sports,KXNHLPTS-26FEB05NYINJ,NYI Islanders at NJ Devils: Points,KXNHLPTS-26FEB05NYINJ-NJJBRATT63-1,Jesper Bratt: 1+,0.0,1.0,0.0,0.0,,0.0,1,2026-02-20 00:00:00+00:00,235.55
Sports,KXNHLPTS-26FEB05NYINJ,NYI Islanders at NJ Devils: Points,KXNHLPTS-26FEB05NYINJ-NJDMERCER91-3,Dawson Mercer: 3+,0.0,1.0,0.0,0.0,,0.0,1,2026-02-20 00:00:00+00:00,235.55
Sports,KXNHLPTS-26FEB05NYINJ,NYI Islanders at NJ Devils: Points,KXNHLPTS-26FEB05NYINJ-NJDMERCER91-2,Dawson Mercer: 2+,0.0,1.0,0.0,0.0,,0.0,1,2026-02-20 00:00:00+00:00,235.55
Sports,KXNHLPTS-26FEB05NYINJ,NYI Islanders at NJ Devils: Points,KXNHLPTS-26FEB05NYINJ-NJDMERCER91-1,Dawson Mercer: 1+,0.0,1.0,0.0,0.0,,0.0,1,2026-02-20 00:00:00+00:00,235.55
Sports,KXNHLPTS-26FEB05NYINJ,NYI Islanders at NJ Devils: Points,KXNHLPTS-26FEB05NYINJ-NJDHAMILTON7-3,Dougie Hamilton: 3+,0.0,1.0,0.0,0.0,,0.0,1,2026-02-20 00:00:00+00:00,235.55
Sports,KXNHLPTS-26FEB05NYINJ,NYI Islanders at NJ Devils: Points,KXNHLPTS-26FEB05NYINJ-NJDHAMILTON7-2,Dougie Hamilton: 2+,0.0,1.0,0.0,0.0,,0.0,1,2026-02-20 00:00:00+00:00,235.55
Sports,KXNHLPTS-26FEB05NYINJ,NYI Islanders at NJ Devils: Points,KXNHLPTS-26FEB05NYINJ-NJDHAMILTON7-1,Dougie Hamilton: 1+,0.0,1.0,0.5,0.5,,0.0,1,2026-02-20 00:00:00+00:00,235.55
Sports,KXNHLPTS-26FEB05NYINJ,NYI Islanders at NJ Devils: Points,KXNHLPTS-26FEB05NYINJ-NJCBROWN16-3,Connor Brown: 3+,0.0,1.0,0.0,0.0,,0.0,1,2026-02-20 00:00:00+00:00,235.55
Sports,KXNHLPTS-26FEB05NYINJ,NYI Islanders at NJ Devils: Points,KXNHLPTS-26FEB05NYINJ-NJCBROWN16-2,Connor Brown: 2+,0.0,1.0,0.0,0.0,,0.0,1,2026-02-20 00:00:00+00:00,235.55
Sports,KXNHLPTS-26FEB05NYINJ,NYI Islanders at NJ Devils: Points,KXNHLPTS-26FEB05NYINJ-NJCBROWN16-1,Connor Brown: 1+,0.0,1.0,0.0,0.0,,0.0,1,2026-02-20 00:00:00+00:00,235.55
Sports,KXNHLPTS-26FEB05NYINJ,NYI Islanders at NJ Devils: Points,KXNHLPTS-26FEB05NYINJ-NJAGRITSYUK81-3,Arseny Gritsyuk: 3+,0.0,1.0,0.0,0.0,,0.0,1,2026-02-20 00:00:00+00:00,235.55
Sports,KXNHLPTS-26FEB05NYINJ,NYI Islanders at NJ Devils: Points,KXNHLPTS-26FEB05NYINJ-NJAGRITSYUK81-2,Arseny Gritsyuk: 2+,0.0,1.0,0.1,0.1,,0.0,1,2026-02-20 00:00:00+00:00,235.55
Sports,KXNHLPTS-26FEB05NYINJ,NYI Islanders at NJ Devils: Points,KXNHLPTS-26FEB05NYINJ-NJAGRITSYUK81-1,Arseny Gritsyuk: 1+,0.0,1.0,0.0,0.0,,0.0,1,2026-02-20 00:00:00+00:00,235.55
Sports,KXNHLPTS-26FEB05NSHWSH,NSH Predators at WSH Capitals: Points,KXNHLPTS-26FEB05NSHWSH-WSHTWILSON43-3,Tom Wilson: 3+,0.0,1.0,0.0,0.0,,0.0,1,2026-02-20 00:00:00+00:00,235.55
Sports,KXNHLPTS-26FEB05NSHWSH,NSH Predators at WSH Capitals: Points,KXNHLPTS-26FEB05NSHWSH-WSHTWILSON43-2,Tom Wilson: 2+,0.0,1.0,0.0,0.0,,0.0,1,2026-02-20 00:00:00+00:00,235.55
Sports,KXNHLPTS-26FEB05NSHWSH,NSH Predators at WSH Capitals: Points,KXNHLPTS-26FEB05NSHWSH-WSHSMILANO15-3,Sonny Milano: 3+,0.0,0.0,0.0,0.0,,0.0,1,2026-02-20 00:00:00+00:00,235.55
Sports,KXNHLPTS-26FEB05NSHWSH,NSH Predators at WSH Capitals: Points,KXNHLPTS-26FEB05NSHWSH-WSHSMILANO15-2,Sonny Milano: 2+,0.0,0.0,0.0,0.0,,0.0,1,2026-02-20 00:00:00+00:00,235.55
Sports,KXNHLPTS-26FEB05NSHWSH,NSH Predators at WSH Capitals: Points,KXNHLPTS-26FEB05NSHWSH-WSHRLEONARD9-3,Ryan Leonard: 3+,0.0,0.0,0.0,0.0,,0.0,1,2026-02-20 00:00:00+00:00,235.55
Sports,KXNHLPTS-26FEB05NSHWSH,NSH Predators at WSH Capitals: Points,KXNHLPTS-26FEB05NSHWSH-WSHRLEONARD9-2,Ryan Leonard: 2+,0.0,0.0,0.0,0.0,,0.0,1,2026-02-20 00:00:00+00:00,235.55
Sports,KXNHLPTS-26FEB05NSHWSH,NSH Predators at WSH Capitals: Points,KXNHLPTS-26FEB05NSHWSH-WSHRLEONARD9-1,Ryan Leonard: 1+,0.0,1.0,0.0,0.0,,0.0,1,2026-02-20 00:00:00+00:00,235.55
Sports,KXNHLPTS-26FEB05NSHWSH,NSH Predators at WSH Capitals: Points,KXNHLPTS-26FEB05NSHWSH-WSHJSOURDIF34-3,Justin Sourdif: 3+,0.0,0.0,0.0,0.0,,0.0,1,2026-02-20 00:00:00+00:00,235.55
Sports,KXNHLPTS-26FEB05NSHWSH,NSH Predators at WSH Capitals: Points,KXNHLPTS-26FEB05NSHWSH-WSHJSOURDIF34-2,Justin Sourdif: 2+,0.0,0.0,0.0,0.0,,0.0,1,2026-02-20 00:00:00+00:00,235.55
Sports,KXNHLPTS-26FEB05NSHWSH,NSH Predators at WSH Capitals: Points,KXNHLPTS-26FEB05NSHWSH-WSHJSOURDIF34-1,Justin Sourdif: 1+,0.0,1.0,0.0,0.0,,0.0,1,2026-02-20 00:00:00+00:00,235.55
Sports,KXNHLPTS-26FEB05NSHWSH,NSH Predators at WSH Capitals: Points,KXNHLPTS-26FEB05NSHWSH-WSHJCHYCHRUN6-3,Jakob Chychrun: 3+,0.0,1.0,0.0,0.0,,0.0,1,2026-02-20 00:00:00+00:00,235.55
Sports,KXNHLPTS-26FEB05NSHWSH,NSH Predators at WSH Capitals: Points,KXNHLPTS-26FEB05NSHWSH-WSHJCARLSON74-3,John Carlson: 3+,0.0,1.0,0.0,0.0,,0.0,1,2026-02-20 00:00:00+00:00,235.55
Sports,KXNHLPTS-26FEB05NSHWSH,NSH Predators at WSH Capitals: Points,KXNHLPTS-26FEB05NSHWSH-WSHJCARLSON74-2,John Carlson: 2+,0.0,1.0,0.0,0.0,,0.0,1,2026-02-20 00:00:00+00:00,235.55
Sports,KXNHLPTS-26FEB05NSHWSH,NSH Predators at WSH Capitals: Points,KXNHLPTS-26FEB05NSHWSH-WSHEFRANK53-3,Ethen Frank: 3+,0.0,0.0,0.0,0.0,,0.0,1,2026-02-20 00:00:00+00:00,235.55
Sports,KXNHLPTS-26FEB05NSHWSH,NSH Predators at WSH Capitals: Points,KXNHLPTS-26FEB05NSHWSH-WSHEFRANK53-2,Ethen Frank: 2+,0.0,0.0,0.0,0.0,,0.0,1,2026-02-20 00:00:00+00:00,235.55
Sports,KXNHLPTS-26FEB05NSHWSH,NSH Predators at WSH Capitals: Points,KXNHLPTS-26FEB05NSHWSH-WSHEFRANK53-1,Ethen Frank: 1+,0.0,1.0,0.0,0.0,,0.0,1,2026-02-20 00:00:00+00:00,235.55
Sports,KXNHLPTS-26FEB05NSHWSH,NSH Predators at WSH Capitals: Points,KXNHLPTS-26FEB05NSHWSH-WSHDSTROME17-3,Dylan Strome: 3+,0.0,1.0,0.0,0.0,,0.0,1,2026-02-20 00:00:00+00:00,235.55
Sports,KXNHLPTS-26FEB05NSHWSH,NSH Predators at WSH Capitals: Points,KXNHLPTS-26FEB05NSHWSH-WSHDSTROME17-2,Dylan Strome: 2+,0.0,1.0,0.28,0.28,,0.0,1,2026-02-20 00:00:00+00:00,235.55
Sports,KXNHLPTS-26FEB05NSHWSH,NSH Predators at WSH Capitals: Points,KXNHLPTS-26FEB05NSHWSH-WSHAOVECHKIN8-3,Alex Ovechkin: 3+,0.0,1.0,0.0,0.0,,0.0,1,2026-02-20 00:00:00+00:00,235.55
Sports,KXNHLPTS-26FEB05NSHWSH,NSH Predators at WSH Capitals: Points,KXNHLPTS-26FEB05NSHWSH-WSHAOVECHKIN8-2,Alex Ovechkin: 2+,0.0,1.0,0.0,0.0,,0.0,1,2026-02-20 00:00:00+00:00,235.55
Sports,KXNHLPTS-26FEB05NSHWSH,NSH Predators at WSH Capitals: Points,KXNHLPTS-26FEB05NSHWSH-WSHAOVECHKIN8-1,Alex Ovechkin: 1+,0.0,1.0,0.65,0.65,,0.0,1,2026-02-20 00:00:00+00:00,235.55
Sports,KXNHLPTS-26FEB05NSHWSH,NSH Predators at WSH Capitals: Points,KXNHLPTS-26FEB05NSHWSH-NSHSSTAMKOS91-3,Steven Stamkos: 3+,0.0,1.0,0.0,0.0,,0.0,1,2026-02-20 00:00:00+00:00,235.55
Sports,KXNHLPTS-26FEB05NSHWSH,NSH Predators at WSH Capitals: Points,KXNHLPTS-26FEB05NSHWSH-NSHSSTAMKOS91-2,Steven Stamkos: 2+,0.0,1.0,0.0,0.0,,0.0,1,2026-02-20 00:00:00+00:00,235.55
Sports,KXNHLPTS-26FEB05NSHWSH,NSH Predators at WSH Capitals: Points,KXNHLPTS-26FEB05NSHWSH-NSHSSTAMKOS91-1,Steven Stamkos: 1+,0.0,1.0,0.57,0.57,,0.0,1,2026-02-20 00:00:00+00:00,235.55
Sports,KXNHLPTS-26FEB05NSHWSH,NSH Predators at WSH Capitals: Points,KXNHLPTS-26FEB05NSHWSH-NSHROREILLY90-3,Ryan O'Reilly: 3+,0.0,1.0,0.0,0.0,,0.0,1,2026-02-20 00:00:00+00:00,235.55
Sports,KXNHLPTS-26FEB05NSHWSH,NSH Predators at WSH Capitals: Points,KXNHLPTS-26FEB05NSHWSH-NSHROREILLY90-2,Ryan O'Reilly: 2+,0.0,1.0,0.0,0.0,,0.0,1,2026-02-20 00:00:00+00:00,235.55
Sports,KXNHLPTS-26FEB05NSHWSH,NSH Predators at WSH Capitals: Points,KXNHLPTS-26FEB05NSHWSH-NSHROREILLY90-1,Ryan O'Reilly: 1+,0.0,1.0,0.0,0.0,,0.0,1,2026-02-20 00:00:00+00:00,235.55
Sports,KXNHLPTS-26FEB05NSHWSH,NSH Predators at WSH Capitals: Points,KXNHLPTS-26FEB05NSHWSH-NSHRJOSI59-3,Roman Josi: 3+,0.0,1.0,0.0,0.0,,0.0,1,2026-02-20 00:00:00+00:00,235.55
Sports,KXNHLPTS-26FEB05NSHWSH,NSH Predators at WSH Capitals: Points,KXNHLPTS-26FEB05NSHWSH-NSHRJOSI59-2,Roman Josi: 2+,0.0,1.0,0.26,0.26,,0.0,1,2026-02-20 00:00:00+00:00,235.55
Sports,KXNHLPTS-26FEB05NSHWSH,NSH Predators at WSH Capitals: Points,KXNHLPTS-26FEB05NSHWSH-NSHRJOSI59-1,Roman Josi: 1+,0.0,1.0,0.62,0.62,,0.0,1,2026-02-20 00:00:00+00:00,235.55
Sports,KXNHLPTS-26FEB05NSHWSH,NSH Predators at WSH Capitals: Points,KXNHLPTS-26FEB05NSHWSH-NSHNBLANKENBURG37-3,Nick Blankenburg: 3+,0.0,0.0,0.0,0.0,,0.0,1,2026-02-20 00:00:00+00:00,235.55
Sports,KXNHLPTS-26FEB05NSHWSH,NSH Predators at WSH Capitals: Points,KXNHLPTS-26FEB05NSHWSH-NSHNBLANKENBURG37-2,Nick Blankenburg: 2+,0.0,0.0,0.0,0.0,,0.0,1,2026-02-20 00:00:00+00:00,235.55
Sports,KXNHLPTS-26FEB05NSHWSH,NSH Predators at WSH Capitals: Points,KXNHLPTS-26FEB05NSHWSH-NSHNBLANKENBURG37-1,Nick Blankenburg: 1+,0.0,0.0,0.0,0.0,,0.0,1,2026-02-20 00:00:00+00:00,235.55
Sports,KXNHLPTS-26FEB05NSHWSH,NSH Predators at WSH Capitals: Points,KXNHLPTS-26FEB05NSHWSH-NSHMWOOD71-3,Matthew Wood: 3+,0.0,0.0,0.0,0.0,,0.0,1,2026-02-20 00:00:00+00:00,235.55
Sports,KXNHLPTS-26FEB05NSHWSH,NSH Predators at WSH Capitals: Points,KXNHLPTS-26FEB05NSHWSH-NSHMWOOD71-2,Matthew Wood: 2+,0.0,0.0,0.0,0.0,,0.0,1,2026-02-20 00:00:00+00:00,235.55
Sports,KXNHLPTS-26FEB05NSHWSH,NSH Predators at WSH Capitals: Points,KXNHLPTS-26FEB05NSHWSH-NSHMWOOD71-1,Matthew Wood: 1+,0.0,0.0,0.0,0.0,,0.0,1,2026-02-20 00:00:00+00:00,235.55
Sports,KXNHLPTS-26FEB05NSHWSH,NSH Predators at WSH Capitals: Points,KXNHLPTS-26FEB05NSHWSH-NSHMBUNTING58-3,Michael Bunting: 3+,0.0,0.0,0.0,0.0,,0.0,1,2026-02-20 00:00:00+00:00,235.55
Sports,KXNHLPTS-26FEB05NSHWSH,NSH Predators at WSH Capitals: Points,KXNHLPTS-26FEB05NSHWSH-NSHMBUNTING58-2,Michael Bunting: 2+,0.0,1.0,0.0,0.0,,0.0,1,2026-02-20 00:00:00+00:00,235.55
Sports,KXNHLPTS-26FEB05NSHWSH,NSH Predators at WSH Capitals: Points,KXNHLPTS-26FEB05NSHWSH-NSHMBUNTING58-1,Michael Bunting: 1+,0.0,1.0,0.0,0.0,,0.0,1,2026-02-20 00:00:00+00:00,235.55
Sports,KXNHLPTS-26FEB05NSHWSH,NSH Predators at WSH Capitals: Points,KXNHLPTS-26FEB05NSHWSH-NSHLEVANGELISTA77-3,Luke Evangelista: 3+,0.0,1.0,0.0,0.0,,0.0,1,2026-02-20 00:00:00+00:00,235.55
Sports,KXNHLPTS-26FEB05NSHWSH,NSH Predators at WSH Capitals: Points,KXNHLPTS-26FEB05NSHWSH-NSHLEVANGELISTA77-2,Luke Evangelista: 2+,0.0,1.0,0.0,0.0,,0.0,1,2026-02-20 00:00:00+00:00,235.55
Sports,KXNHLPTS-26FEB05NSHWSH,NSH Predators at WSH Capitals: Points,KXNHLPTS-26FEB05NSHWSH-NSHLEVANGELISTA77-1,Luke Evangelista: 1+,0.0,1.0,0.0,0.0,,0.0,1,2026-02-20 00:00:00+00:00,235.55
Sports,KXNHLPTS-26FEB05NSHWSH,NSH Predators at WSH Capitals: Points,KXNHLPTS-26FEB05NSHWSH-NSHJMARCHESSAULT81-3,Jonathan Marchessault: 3+,0.0,1.0,0.0,0.0,,0.0,1,2026-02-20 00:00:00+00:00,235.55
Sports,KXNHLPTS-26FEB05NSHWSH,NSH Predators at WSH Capitals: Points,KXNHLPTS-26FEB05NSHWSH-NSHJMARCHESSAULT81-2,Jonathan Marchessault: 2+,0.0,1.0,0.0,0.0,,0.0,1,2026-02-20 00:00:00+00:00,235.55
Sports,KXNHLPTS-26FEB05NSHWSH,NSH Predators at WSH Capitals: Points,KXNHLPTS-26FEB05NSHWSH-NSHFFORSBERG9-3,Filip Forsberg: 3+,0.0,1.0,0.0,0.0,,0.0,1,2026-02-20 00:00:00+00:00,235.55
Sports,KXNHLPTS-26FEB05NSHWSH,NSH Predators at WSH Capitals: Points,KXNHLPTS-26FEB05NSHWSH-NSHFFORSBERG9-2,Filip Forsberg: 2+,0.0,1.0,0.0,0.0,,0.0,1,2026-02-20 00:00:00+00:00,235.55
Sports,KXNHLPTS-26FEB05NSHWSH,NSH Predators at WSH Capitals: Points,KXNHLPTS-26FEB05NSHWSH-NSHFFORSBERG9-1,Filip Forsberg: 1+,0.0,1.0,0.0,0.0,,0.0,1,2026-02-20 00:00:00+00:00,235.55
Sports,KXNHLPTS-26FEB05NSHWSH,NSH Predators at WSH Capitals: Points,KXNHLPTS-26FEB05NSHWSH-NSHEHAULA56-3,Erik Haula: 3+,0.0,0.0,0.0,0.0,,0.0,1,2026-02-20 00:00:00+00:00,235.55
Sports,KXNHLPTS-26FEB05NSHWSH,NSH Predators at WSH Capitals: Points,KXNHLPTS-26FEB05NSHWSH-NSHEHAULA56-2,Erik Haula: 2+,0.0,1.0,0.1,0.1,,0.0,1,2026-02-20 00:00:00+00:00,235.55
Sports,KXNHLGOAL-26FEB05OTTPHI,OTT Senators at PHI Flyers: Anytime Goal,KXNHLGOAL-26FEB05OTTPHI-PHIJDRYSDALE9,Jamie Drysdale,0.0,1.0,0.99,0.99,,0.0,1,2026-02-20 00:00:00+00:00,235.55
Sports,KXNHLGOAL-26FEB05NYINJ,NYI Islanders at NJ Devils: Anytime Goal,KXNHLGOAL-26FEB05NYINJ-NYIMBARZAL13,Mathew Barzal,0.0,1.0,0.99,0.99,,0.0,1,2026-02-20 00:00:00+00:00,235.55
Sports,KXNHLAST-26FEB05PITBUF,PIT Penguins at BUF Sabres: Assists,KXNHLAST-26FEB05PITBUF-PITSCROSBY87-2,Sidney Crosby: 2+,0.0,1.0,0.0,0.0,,0.0,1,2026-02-20 00:00:00+00:00,235.55
Sports,KXNHLAST-26FEB05PITBUF,PIT Penguins at BUF Sabres: Assists,KXNHLAST-26FEB05PITBUF-PITSCROSBY87-1,Sidney Crosby: 1+,0.0,1.0,0.48,0.48,,0.0,1,2026-02-20 00:00:00+00:00,235.55
Sports,KXNHLAST-26FEB05PITBUF,PIT Penguins at BUF Sabres: Assists,KXNHLAST-26FEB05PITBUF-PITRSHEA5-2,Ryan Shea: 2+,0.0,0.0,0.0,0.0,,0.0,1,2026-02-20 00:00:00+00:00,235.55
Sports,KXNHLAST-26FEB05PITBUF,PIT Penguins at BUF Sabres: Assists,KXNHLAST-26FEB05PITBUF-PITRSHEA5-1,Ryan Shea: 1+,0.0,0.0,0.0,0.0,,0.0,1,2026-02-20 00:00:00+00:00,235.55
Sports,KXNHLAST-26FEB05PITBUF,PIT Penguins at BUF Sabres: Assists,KXNHLAST-26FEB05PITBUF-PITEMALKIN71-2,Evgeni Malkin: 2+,0.0,1.0,0.0,0.0,,0.0,1,2026-02-20 00:00:00+00:00,235.55
Sports,KXNHLAST-26FEB05PITBUF,PIT Penguins at BUF Sabres: Assists,KXNHLAST-26FEB05PITBUF-PITEMALKIN71-1,Evgeni Malkin: 1+,0.0,1.0,0.47,0.47,,0.0,1,2026-02-20 00:00:00+00:00,235.55
Sports,KXNHLAST-26FEB05PITBUF,PIT Penguins at BUF Sabres: Assists,KXNHLAST-26FEB05PITBUF-PITEKARLSSON65-2,Erik Karlsson: 2+,0.0,1.0,0.0,0.0,,0.0,1,2026-02-20 00:00:00+00:00,235.55
Sports,KXNHLAST-26FEB05PITBUF,PIT Penguins at BUF Sabres: Assists,KXNHLAST-26FEB05PITBUF-PITEKARLSSON65-1,Erik Karlsson: 1+,0.0,1.0,0.0,0.0,,0.0,1,2026-02-20 00:00:00+00:00,235.55
Sports,KXNHLAST-26FEB05PITBUF,PIT Penguins at BUF Sabres: Assists,KXNHLAST-26FEB05PITBUF-PITBRUST17-2,Bryan Rust: 2+,0.0,1.0,0.0,0.0,,0.0,1,2026-02-20 00:00:00+00:00,235.55
Sports,KXNHLAST-26FEB05PITBUF,PIT Penguins at BUF Sabres: Assists,KXNHLAST-26FEB05PITBUF-PITBRUST17-1,Bryan Rust: 1+,0.0,1.0,0.0,0.0,,0.0,1,2026-02-20 00:00:00+00:00,235.55
Sports,KXNHLAST-26FEB05PITBUF,PIT Penguins at BUF Sabres: Assists,KXNHLAST-26FEB05PITBUF-PITBKINDEL81-2,Ben Kindel: 2+,0.0,0.0,0.0,0.0,,0.0,1,2026-02-20 00:00:00+00:00,235.55
Sports,KXNHLAST-26FEB05PITBUF,PIT Penguins at BUF Sabres: Assists,KXNHLAST-26FEB05PITBUF-PITBKINDEL81-1,Ben Kindel: 1+,0.0,1.0,0.26,0.26,,0.0,1,2026-02-20 00:00:00+00:00,235.55
Sports,KXNHLAST-26FEB05PITBUF,PIT Penguins at BUF Sabres: Assists,KXNHLAST-26FEB05PITBUF-PITAMANTHA39-2,Anthony Mantha: 2+,0.0,1.0,0.0,0.0,,0.0,1,2026-02-20 00:00:00+00:00,235.55
Sports,KXNHLAST-26FEB05PITBUF,PIT Penguins at BUF Sabres: Assists,KXNHLAST-26FEB05PITBUF-BUFTTHOMPSON72-2,Tage Thompson: 2+,0.0,1.0,0.0,0.0,,0.0,1,2026-02-20 00:00:00+00:00,235.55
Sports,KXNHLAST-26FEB05PITBUF,PIT Penguins at BUF Sabres: Assists,KXNHLAST-26FEB05PITBUF-BUFTTHOMPSON72-1,Tage Thompson: 1+,0.0,1.0,0.0,0.0,,0.0,1,2026-02-20 00:00:00+00:00,235.55
Sports,KXNHLAST-26FEB05PITBUF,PIT Penguins at BUF Sabres: Assists,KXNHLAST-26FEB05PITBUF-BUFRMCLEOD71-2,Ryan McLeod: 2+,0.0,1.0,0.12,0.12,,0.0,1,2026-02-20 00:00:00+00:00,235.55
Sports,KXNHLAST-26FEB05PITBUF,PIT Penguins at BUF Sabres: Assists,KXNHLAST-26FEB05PITBUF-BUFRDAHLIN26-2,Rasmus Dahlin: 2+,0.0,1.0,0.0,0.0,,0.0,1,2026-02-20 00:00:00+00:00,235.55
Sports,KXNHLAST-26FEB05PITBUF,PIT Penguins at BUF Sabres: Assists,KXNHLAST-26FEB05PITBUF-BUFRDAHLIN26-1,Rasmus Dahlin: 1+,0.0,1.0,0.59,0.59,,0.0,1,2026-02-20 00:00:00+00:00,235.55
Sports,KXNHLAST-26FEB05PITBUF,PIT Penguins at BUF Sabres: Assists,KXNHLAST-26FEB05PITBUF-BUFNOSTLUND86-2,Noah Ostlund: 2+,0.0,0.0,0.0,0.0,,0.0,1,2026-02-20 00:00:00+00:00,235.55
Sports,KXNHLAST-26FEB05PITBUF,PIT Penguins at BUF Sabres: Assists,KXNHLAST-26FEB05PITBUF-BUFNOSTLUND86-1,Noah Ostlund: 1+,0.0,0.0,0.0,0.0,,0.0,1,2026-02-20 00:00:00+00:00,235.55
Sports,KXNHLAST-26FEB05PITBUF,PIT Penguins at BUF Sabres: Assists,KXNHLAST-26FEB05PITBUF-BUFJZUCKER17-2,Jason Zucker: 2+,0.0,1.0,0.1,0.1,,0.0,1,2026-02-20 00:00:00+00:00,235.55
Sports,KXNHLAST-26FEB05PITBUF,PIT Penguins at BUF Sabres: Assists,KXNHLAST-26FEB05PITBUF-BUFJZUCKER17-1,Jason Zucker: 1+,0.0,1.0,0.0,0.0,,0.0,1,2026-02-20 00:00:00+00:00,235.55
Sports,KXNHLAST-26FEB05PITBUF,PIT Penguins at BUF Sabres: Assists,KXNHLAST-26FEB05PITBUF-BUFJQUINN22-2,Jack Quinn: 2+,0.0,1.0,0.0,0.0,,0.0,1,2026-02-20 00:00:00+00:00,235.55
Sports,KXNHLAST-26FEB05PITBUF,PIT Penguins at BUF Sabres: Assists,KXNHLAST-26FEB05PITBUF-BUFJQUINN22-1,Jack Quinn: 1+,0.0,1.0,0.0,0.0,,0.0,1,2026-02-20 00:00:00+00:00,235.55
Sports,KXNHLAST-26FEB05PITBUF,PIT Penguins at BUF Sabres: Assists,KXNHLAST-26FEB05PITBUF-BUFJDOAN91-2,Josh Doan: 2+,0.0,1.0,0.0,0.0,,0.0,1,2026-02-20 00:00:00+00:00,235.55
Sports,KXNHLAST-26FEB05PITBUF,PIT Penguins at BUF Sabres: Assists,KXNHLAST-26FEB05PITBUF-BUFJDOAN91-1,Josh Doan: 1+,0.0,1.0,0.0,0.0,,0.0,1,2026-02-20 00:00:00+00:00,235.55
Sports,KXNHLAST-26FEB05PITBUF,PIT Penguins at BUF Sabres: Assists,KXNHLAST-26FEB05PITBUF-BUFIROSEN63-2,Isak Rosen: 2+,0.0,0.0,0.0,0.0,,0.0,1,2026-02-20 00:00:00+00:00,235.55
Sports,KXNHLAST-26FEB05PITBUF,PIT Penguins at BUF Sabres: Assists,KXNHLAST-26FEB05PITBUF-BUFIROSEN63-1,Isak Rosen: 1+,0.0,0.0,0.0,0.0,,0.0,1,2026-02-20 00:00:00+00:00,235.55
Sports,KXNHLAST-26FEB05PITBUF,PIT Penguins at BUF Sabres: Assists,KXNHLAST-26FEB05PITBUF-BUFBBYRAM4-2,Bowen Byram: 2+,0.0,0.0,0.0,0.0,,0.0,1,2026-02-20 00:00:00+00:00,235.55
Sports,KXNHLAST-26FEB05PITBUF,PIT Penguins at BUF Sabres: Assists,KXNHLAST-26FEB05PITBUF-BUFATUCH89-2,Alex Tuch: 2+,0.0,1.0,0.0,0.0,,0.0,1,2026-02-20 00:00:00+00:00,235.55
Sports,KXNHLAST-26FEB05PITBUF,PIT Penguins at BUF Sabres: Assists,KXNHLAST-26FEB05PITBUF-BUFATUCH89-1,Alex Tuch: 1+,0.0,1.0,0.0,0.0,,0.0,1,2026-02-20 00:00:00+00:00,235.55
Sports,KXNHLAST-26FEB05OTTPHI,OTT Senators at PHI Flyers: Assists,KXNHLAST-26FEB05OTTPHI-PHITZEGRAS46-2,Trevor Zegras: 2+,0.0,1.0,0.0,0.0,,0.0,1,2026-02-20 00:00:00+00:00,235.55
Sports,KXNHLAST-26FEB05OTTPHI,OTT Senators at PHI Flyers: Assists,KXNHLAST-26FEB05OTTPHI-PHITZEGRAS46-1,Trevor Zegras: 1+,0.0,1.0,0.0,0.0,,0.0,1,2026-02-20 00:00:00+00:00,235.55
Sports,KXNHLAST-26FEB05OTTPHI,OTT Senators at PHI Flyers: Assists,KXNHLAST-26FEB05OTTPHI-PHITKONECNY11-2,Travis Konecny: 2+,0.0,1.0,0.0,0.0,,0.0,1,2026-02-20 00:00:00+00:00,235.55
Sports,KXNHLAST-26FEB05OTTPHI,OTT Senators at PHI Flyers: Assists,KXNHLAST-26FEB05OTTPHI-PHITKONECNY11-1,Travis Konecny: 1+,0.0,1.0,0.0,0.0,,0.0,1,2026-02-20 00:00:00+00:00,235.55
Sports,KXNHLAST-26FEB05OTTPHI,OTT Senators at PHI Flyers: Assists,KXNHLAST-26FEB05OTTPHI-PHIOTIPPETT74-2,Owen Tippett: 2+,0.0,1.0,0.0,0.0,,0.0,1,2026-02-20 00:00:00+00:00,235.55
Sports,KXNHLAST-26FEB05OTTPHI,OTT Senators at PHI Flyers: Assists,KXNHLAST-26FEB05OTTPHI-PHIOTIPPETT74-1,Owen Tippett: 1+,0.0,1.0,0.0,0.0,,0.0,1,2026-02-20 00:00:00+00:00,235.55
Sports,KXNHLAST-26FEB05OTTPHI,OTT Senators at PHI Flyers: Assists,KXNHLAST-26FEB05OTTPHI-PHINCATES27-2,Noah Cates: 2+,0.0,1.0,0.0,0.0,,0.0,1,2026-02-20 00:00:00+00:00,235.55
Sports,KXNHLAST-26FEB05OTTPHI,OTT Senators at PHI Flyers: Assists,KXNHLAST-26FEB05OTTPHI-PHINCATES27-1,Noah Cates: 1+,0.0,1.0,0.0,0.0,,0.0,1,2026-02-20 00:00:00+00:00,235.55
Sports,KXNHLAST-26FEB05OTTPHI,OTT Senators at PHI Flyers: Assists,KXNHLAST-26FEB05OTTPHI-PHIMMICHKOV39-2,Matvei Michkov: 2+,0.0,1.0,0.0,0.0,,0.0,1,2026-02-20 00:00:00+00:00,235.55
Sports,KXNHLAST-26FEB05OTTPHI,OTT Senators at PHI Flyers: Assists,KXNHLAST-26FEB05OTTPHI-PHIMMICHKOV39-1,Matvei Michkov: 1+,0.0,1.0,0.0,0.0,,0.0,1,2026-02-20 00:00:00+00:00,235.55
Sports,KXNHLAST-26FEB05OTTPHI,OTT Senators at PHI Flyers: Assists,KXNHLAST-26FEB05OTTPHI-PHIJDRYSDALE9-2,Jamie Drysdale: 2+,0.0,1.0,0.0,0.0,,0.0,1,2026-02-20 00:00:00+00:00,235.55
Sports,KXNHLAST-26FEB05OTTPHI,OTT Senators at PHI Flyers: Assists,KXNHLAST-26FEB05OTTPHI-PHIJDRYSDALE9-1,Jamie Drysdale: 1+,0.0,1.0,0.0,0.0,,0.0,1,2026-02-20 00:00:00+00:00,235.55
Sports,KXNHLAST-26FEB05OTTPHI,OTT Senators at PHI Flyers: Assists,KXNHLAST-26FEB05OTTPHI-PHICYORK8-2,Cam York: 2+,0.0,1.0,0.0,0.0,,0.0,1,2026-02-20 00:00:00+00:00,235.55
Sports,KXNHLAST-26FEB05OTTPHI,OTT Senators at PHI Flyers: Assists,KXNHLAST-26FEB05OTTPHI-PHICYORK8-1,Cam York: 1+,0.0,1.0,0.0,0.0,,0.0,1,2026-02-20 00:00:00+00:00,235.55
Sports,KXNHLAST-26FEB05OTTPHI,OTT Senators at PHI Flyers: Assists,KXNHLAST-26FEB05OTTPHI-PHICDVORAK22-2,Christian Dvorak: 2+,0.0,1.0,0.0,0.0,,0.0,1,2026-02-20 00:00:00+00:00,235.55
Sports,KXNHLAST-26FEB05OTTPHI,OTT Senators at PHI Flyers: Assists,KXNHLAST-26FEB05OTTPHI-PHICDVORAK22-1,Christian Dvorak: 1+,0.0,1.0,0.0,0.0,,0.0,1,2026-02-20 00:00:00+00:00,235.55
Sports,KXNHLAST-26FEB05OTTPHI,OTT Senators at PHI Flyers: Assists,KXNHLAST-26FEB05OTTPHI-PHIBBRINK10-2,Bobby Brink: 2+,0.0,1.0,0.0,0.0,,0.0,1,2026-02-20 00:00:00+00:00,235.55
Sports,KXNHLAST-26FEB05OTTPHI,OTT Senators at PHI Flyers: Assists,KXNHLAST-26FEB05OTTPHI-PHIBBRINK10-1,Bobby Brink: 1+,0.0,1.0,0.0,0.0,,0.0,1,2026-02-20 00:00:00+00:00,235.55
Sports,KXNHLAST-26FEB05OTTPHI,OTT Senators at PHI Flyers: Assists,KXNHLAST-26FEB05OTTPHI-OTTTSTUTZLE18-2,Tim Stutzle: 2+,0.0,1.0,0.0,0.0,,0.0,1,2026-02-20 00:00:00+00:00,235.55
Sports,KXNHLAST-26FEB05OTTPHI,OTT Senators at PHI Flyers: Assists,KXNHLAST-26FEB05OTTPHI-OTTTSTUTZLE18-1,Tim Stutzle: 1+,0.0,1.0,0.0,0.0,,0.0,1,2026-02-20 00:00:00+00:00,235.55
Sports,KXNHLAST-26FEB05OTTPHI,OTT Senators at PHI Flyers: Assists,KXNHLAST-26FEB05OTTPHI-OTTTCHABOT72-2,Thomas Chabot: 2+,0.0,1.0,0.0,0.0,,0.0,1,2026-02-20 00:00:00+00:00,235.55
Sports,KXNHLAST-26FEB05OTTPHI,OTT Senators at PHI Flyers: Assists,KXNHLAST-26FEB05OTTPHI-OTTTCHABOT72-1,Thomas Chabot: 1+,0.0,1.0,0.0,0.0,,0.0,1,2026-02-20 00:00:00+00:00,235.55
Sports,KXNHLAST-26FEB05OTTPHI,OTT Senators at PHI Flyers: Assists,KXNHLAST-26FEB05OTTPHI-OTTSPINTO12-2,Shane Pinto: 2+,0.0,1.0,0.0,0.0,,0.0,1,2026-02-20 00:00:00+00:00,235.55
Sports,KXNHLAST-26FEB05OTTPHI,OTT Senators at PHI Flyers: Assists,KXNHLAST-26FEB05OTTPHI-OTTSHALLIDAY83-2,Stephen Halliday: 2+,0.0,1.0,0.0,0.0,,0.0,1,2026-02-20 00:00:00+00:00,235.55
Sports,KXNHLAST-26FEB05OTTPHI,OTT Senators at PHI Flyers: Assists,KXNHLAST-26FEB05OTTPHI-OTTSHALLIDAY83-1,Stephen Halliday: 1+,0.0,1.0,0.0,0.0,,0.0,1,2026-02-20 00:00:00+00:00,235.55
Sports,KXNHLAST-26FEB05OTTPHI,OTT Senators at PHI Flyers: Assists,KXNHLAST-26FEB05OTTPHI-OTTJSPENCE10-2,Jordan Spence: 2+,0.0,1.0,0.0,0.0,,0.0,1,2026-02-20 00:00:00+00:00,235.55
Sports,KXNHLAST-26FEB05OTTPHI,OTT Senators at PHI Flyers: Assists,KXNHLAST-26FEB05OTTPHI-OTTJSPENCE10-1,Jordan Spence: 1+,0.0,1.0,0.0,0.0,,0.0,1,2026-02-20 00:00:00+00:00,235.55
Sports,KXNHLAST-26FEB05OTTPHI,OTT Senators at PHI Flyers: Assists,KXNHLAST-26FEB05OTTPHI-OTTJSANDERSON85-2,Jake Sanderson: 2+,0.0,1.0,0.0,0.0,,0.0,1,2026-02-20 00:00:00+00:00,235.55
Sports,KXNHLAST-26FEB05OTTPHI,OTT Senators at PHI Flyers: Assists,KXNHLAST-26FEB05OTTPHI-OTTJSANDERSON85-1,Jake Sanderson: 1+,0.0,1.0,0.0,0.0,,0.0,1,2026-02-20 00:00:00+00:00,235.55
Sports,KXNHLAST-26FEB05OTTPHI,OTT Senators at PHI Flyers: Assists,KXNHLAST-26FEB05OTTPHI-OTTDCOZENS24-2,Dylan Cozens: 2+,0.0,1.0,0.0,0.0,,0.0,1,2026-02-20 00:00:00+00:00,235.55
Sports,KXNHLAST-26FEB05OTTPHI,OTT Senators at PHI Flyers: Assists,KXNHLAST-26FEB05OTTPHI-OTTDCOZENS24-1,Dylan Cozens: 1+,0.0,1.0,0.0,0.0,,0.0,1,2026-02-20 00:00:00+00:00,235.55
Sports,KXNHLAST-26FEB05OTTPHI,OTT Senators at PHI Flyers: Assists,KXNHLAST-26FEB05OTTPHI-OTTDBATHERSON19-2,Drake Batherson: 2+,0.0,1.0,0.0,0.0,,0.0,1,2026-02-20 00:00:00+00:00,235.55
Sports,KXNHLAST-26FEB05OTTPHI,OTT Senators at PHI Flyers: Assists,KXNHLAST-26FEB05OTTPHI-OTTDBATHERSON19-1,Drake Batherson: 1+,0.0,1.0,0.0,0.0,,0.0,1,2026-02-20 00:00:00+00:00,235.55
Sports,KXNHLAST-26FEB05OTTPHI,OTT Senators at PHI Flyers: Assists,KXNHLAST-26FEB05OTTPHI-OTTCGIROUX28-2,Claude Giroux: 2+,0.0,1.0,0.0,0.0,,0.0,1,2026-02-20 00:00:00+00:00,235.55
Sports,KXNHLAST-26FEB05OTTPHI,OTT Senators at PHI Flyers: Assists,KXNHLAST-26FEB05OTTPHI-OTTCGIROUX28-1,Claude Giroux: 1+,0.0,1.0,0.0,0.0,,0.0,1,2026-02-20 00:00:00+00:00,235.55
Sports,KXNHLAST-26FEB05NYINJ,NYI Islanders at NJ Devils: Assists,KXNHLAST-26FEB05NYINJ-NYITDEANGELO77-2,Tony DeAngelo: 2+,0.0,1.0,0.0,0.0,,0.0,1,2026-02-20 00:00:00+00:00,235.55
Sports,KXNHLAST-26FEB05NYINJ,NYI Islanders at NJ Devils: Assists,KXNHLAST-26FEB05NYINJ-NYITDEANGELO77-1,Tony DeAngelo: 1+,0.0,1.0,0.0,0.0,,0.0,1,2026-02-20 00:00:00+00:00,235.55
Sports,KXNHLAST-26FEB05NYINJ,NYI Islanders at NJ Devils: Assists,KXNHLAST-26FEB05NYINJ-NYISHOLMSTROM10-2,Simon Holmstrom: 2+,0.0,1.0,0.0,0.0,,0.0,1,2026-02-20 00:00:00+00:00,235.55
Sports,KXNHLAST-26FEB05NYINJ,NYI Islanders at NJ Devils: Assists,KXNHLAST-26FEB05NYINJ-NYISHOLMSTROM10-1,Simon Holmstrom: 1+,0.0,1.0,0.0,0.0,,0.0,1,2026-02-20 00:00:00+00:00,235.55
Sports,KXNHLAST-26FEB05NYINJ,NYI Islanders at NJ Devils: Assists,KXNHLAST-26FEB05NYINJ-NYIMTSYPLAKOV7-2,Maxim Tsyplakov: 2+,0.0,0.0,0.0,0.0,,0.0,1,2026-02-20 00:00:00+00:00,235.55
Sports,KXNHLAST-26FEB05NYINJ,NYI Islanders at NJ Devils: Assists,KXNHLAST-26FEB05NYINJ-NYIMTSYPLAKOV7-1,Maxim Tsyplakov: 1+,0.0,0.0,0.0,0.0,,0.0,1,2026-02-20 00:00:00+00:00,235.55
Sports,KXNHLAST-26FEB05NYINJ,NYI Islanders at NJ Devils: Assists,KXNHLAST-26FEB05NYINJ-NYIMSCHAEFER48-2,Matthew Schaefer: 2+,0.0,1.0,0.0,0.0,,0.0,1,2026-02-20 00:00:00+00:00,235.55
Sports,KXNHLAST-26FEB05NYINJ,NYI Islanders at NJ Devils: Assists,KXNHLAST-26FEB05NYINJ-NYIMSCHAEFER48-1,Matthew Schaefer: 1+,0.0,1.0,0.0,0.0,,0.0,1,2026-02-20 00:00:00+00:00,235.55
Sports,KXNHLAST-26FEB05NYINJ,NYI Islanders at NJ Devils: Assists,KXNHLAST-26FEB05NYINJ-NYIMBARZAL13-2,Mathew Barzal: 2+,0.0,1.0,0.0,0.0,,0.0,1,2026-02-20 00:00:00+00:00,235.55
Sports,KXNHLAST-26FEB05NYINJ,NYI Islanders at NJ Devils: Assists,KXNHLAST-26FEB05NYINJ-NYIMBARZAL13-1,Mathew Barzal: 1+,0.0,1.0,0.0,0.0,,0.0,1,2026-02-20 00:00:00+00:00,235.55
Sports,KXNHLAST-26FEB05NYINJ,NYI Islanders at NJ Devils: Assists,KXNHLAST-26FEB05NYINJ-NYIJDROUIN29-2,Jonathan Drouin: 2+,0.0,0.0,0.0,0.0,,0.0,1,2026-02-20 00:00:00+00:00,235.55
Sports,KXNHLAST-26FEB05NYINJ,NYI Islanders at NJ Devils: Assists,KXNHLAST-26FEB05NYINJ-NYIJDROUIN29-1,Jonathan Drouin: 1+,0.0,0.0,0.0,0.0,,0.0,1,2026-02-20 00:00:00+00:00,235.55
Sports,KXNHLAST-26FEB05NYINJ,NYI Islanders at NJ Devils: Assists,KXNHLAST-26FEB05NYINJ-NYIEHEINEMAN51-2,Emil Heineman: 2+,0.0,0.0,0.0,0.0,,0.0,1,2026-02-20 00:00:00+00:00,235.55
Sports,KXNHLAST-26FEB05NYINJ,NYI Islanders at NJ Devils: Assists,KXNHLAST-26FEB05NYINJ-NYIEHEINEMAN51-1,Emil Heineman: 1+,0.0,1.0,0.0,0.0,,0.0,1,2026-02-20 00:00:00+00:00,235.55
Sports,KXNHLAST-26FEB05NYINJ,NYI Islanders at NJ Devils: Assists,KXNHLAST-26FEB05NYINJ-NYICRITCHIE64-2,Calum Ritchie: 2+,0.0,0.0,0.0,0.0,,0.0,1,2026-02-20 00:00:00+00:00,235.55
Sports,KXNHLAST-26FEB05NYINJ,NYI Islanders at NJ Devils: Assists,KXNHLAST-26FEB05NYINJ-NYICRITCHIE64-1,Calum Ritchie: 1+,0.0,1.0,0.0,0.0,,0.0,1,2026-02-20 00:00:00+00:00,235.55
Sports,KXNHLAST-26FEB05NYINJ,NYI Islanders at NJ Devils: Assists,KXNHLAST-26FEB05NYINJ-NYIBHORVAT14-2,Bo Horvat: 2+,0.0,1.0,0.0,0.0,,0.0,1,2026-02-20 00:00:00+00:00,235.55
Sports,KXNHLAST-26FEB05NYINJ,NYI Islanders at NJ Devils: Assists,KXNHLAST-26FEB05NYINJ-NYIBHORVAT14-1,Bo Horvat: 1+,0.0,1.0,0.0,0.0,,0.0,1,2026-02-20 00:00:00+00:00,235.55
Sports,KXNHLAST-26FEB05NYINJ,NYI Islanders at NJ Devils: Assists,KXNHLAST-26FEB05NYINJ-NYIALEE27-2,Anders Lee: 2+,0.0,0.0,0.0,0.0,,0.0,1,2026-02-20 00:00:00+00:00,235.55
Sports,KXNHLAST-26FEB05NYINJ,NYI Islanders at NJ Devils: Assists,KXNHLAST-26FEB05NYINJ-NYIALEE27-1,Anders Lee: 1+,0.0,1.0,0.0,0.0,,0.0,1,2026-02-20 00:00:00+00:00,235.55
Sports,KXNHLAST-26FEB05NYINJ,NYI Islanders at NJ Devils: Assists,KXNHLAST-26FEB05NYINJ-NJTMEIER28-2,Timo Meier: 2+,0.0,1.0,0.0,0.0,,0.0,1,2026-02-20 00:00:00+00:00,235.55
Sports,KXNHLAST-26FEB05NYINJ,NYI Islanders at NJ Devils: Assists,KXNHLAST-26FEB05NYINJ-NJTMEIER28-1,Timo Meier: 1+,0.0,1.0,0.0,0.0,,0.0,1,2026-02-20 00:00:00+00:00,235.55
Sports,KXNHLAST-26FEB05NYINJ,NYI Islanders at NJ Devils: Assists,KXNHLAST-26FEB05NYINJ-NJSNEMEC17-2,Simon Nemec: 2+,0.0,0.0,0.0,0.0,,0.0,1,2026-02-20 00:00:00+00:00,235.55
Sports,KXNHLAST-26FEB05NYINJ,NYI Islanders at NJ Devils: Assists,KXNHLAST-26FEB05NYINJ-NJSNEMEC17-1,Simon Nemec: 1+,0.0,1.0,0.0,0.0,,0.0,1,2026-02-20 00:00:00+00:00,235.55
Sports,KXNHLAST-26FEB05NYINJ,NYI Islanders at NJ Devils: Assists,KXNHLAST-26FEB05NYINJ-NJOPALAT18-2,Ondrej Palat: 2+,0.0,0.0,0.0,0.0,,0.0,1,2026-02-20 00:00:00+00:00,235.55
Sports,KXNHLAST-26FEB05NYINJ,NYI Islanders at NJ Devils: Assists,KXNHLAST-26FEB05NYINJ-NJOPALAT18-1,Ondrej Palat: 1+,0.0,1.0,0.0,0.0,,0.0,1,2026-02-20 00:00:00+00:00,235.55
Sports,KXNHLAST-26FEB05NYINJ,NYI Islanders at NJ Devils: Assists,KXNHLAST-26FEB05NYINJ-NJNHISCHIER13-2,Nico Hischier: 2+,0.0,1.0,0.0,0.0,,0.0,1,2026-02-20 00:00:00+00:00,235.55
Sports,KXNHLAST-26FEB05NYINJ,NYI Islanders at NJ Devils: Assists,KXNHLAST-26FEB05NYINJ-NJNHISCHIER13-1,Nico Hischier: 1+,0.0,1.0,0.0,0.0,,0.0,1,2026-02-20 00:00:00+00:00,235.55
Sports,KXNHLAST-26FEB05NYINJ,NYI Islanders at NJ Devils: Assists,KXNHLAST-26FEB05NYINJ-NJJBRATT63-2,Jesper Bratt: 2+,0.0,1.0,0.0,0.0,,0.0,1,2026-02-20 00:00:00+00:00,235.55
Sports,KXNHLAST-26FEB05NYINJ,NYI Islanders at NJ Devils: Assists,KXNHLAST-26FEB05NYINJ-NJJBRATT63-1,Jesper Bratt: 1+,0.0,1.0,0.4,0.4,,0.0,1,2026-02-20 00:00:00+00:00,235.55
Sports,KXNHLAST-26FEB05NYINJ,NYI Islanders at NJ Devils: Assists,KXNHLAST-26FEB05NYINJ-NJDMERCER91-2,Dawson Mercer: 2+,0.0,0.0,0.0,0.0,,0.0,1,2026-02-20 00:00:00+00:00,235.55
Sports,KXNHLAST-26FEB05NYINJ,NYI Islanders at NJ Devils: Assists,KXNHLAST-26FEB05NYINJ-NJDMERCER91-1,Dawson Mercer: 1+,0.0,1.0,0.0,0.0,,0.0,1,2026-02-20 00:00:00+00:00,235.55
Sports,KXNHLAST-26FEB05NYINJ,NYI Islanders at NJ Devils: Assists,KXNHLAST-26FEB05NYINJ-NJDHAMILTON7-2,Dougie Hamilton: 2+,0.0,1.0,0.0,0.0,,0.0,1,2026-02-20 00:00:00+00:00,235.55
Sports,KXNHLAST-26FEB05NYINJ,NYI Islanders at NJ Devils: Assists,KXNHLAST-26FEB05NYINJ-NJDHAMILTON7-1,Dougie Hamilton: 1+,0.0,1.0,0.0,0.0,,0.0,1,2026-02-20 00:00:00+00:00,235.55
Sports,KXNHLAST-26FEB05NYINJ,NYI Islanders at NJ Devils: Assists,KXNHLAST-26FEB05NYINJ-NJCBROWN16-2,Connor Brown: 2+,0.0,1.0,0.0,0.0,,0.0,1,2026-02-20 00:00:00+00:00,235.55
Sports,KXNHLAST-26FEB05NYINJ,NYI Islanders at NJ Devils: Assists,KXNHLAST-26FEB05NYINJ-NJCBROWN16-1,Connor Brown: 1+,0.0,1.0,0.0,0.0,,0.0,1,2026-02-20 00:00:00+00:00,235.55
Sports,KXNHLAST-26FEB05NYINJ,NYI Islanders at NJ Devils: Assists,KXNHLAST-26FEB05NYINJ-NJAGRITSYUK81-2,Arseny Gritsyuk: 2+,0.0,0.0,0.0,0.0,,0.0,1,2026-02-20 00:00:00+00:00,235.55
Sports,KXNHLAST-26FEB05NYINJ,NYI Islanders at NJ Devils: Assists,KXNHLAST-26FEB05NYINJ-NJAGRITSYUK81-1,Arseny Gritsyuk: 1+,0.0,1.0,0.0,0.0,,0.0,1,2026-02-20 00:00:00+00:00,235.55
Sports,KXNHLAST-26FEB05NSHWSH,NSH Predators at WSH Capitals: Assists,KXNHLAST-26FEB05NSHWSH-WSHTWILSON43-2,Tom Wilson: 2+,0.0,1.0,0.0,0.0,,0.0,1,2026-02-20 00:00:00+00:00,235.55
Sports,KXNHLAST-26FEB05NSHWSH,NSH Predators at WSH Capitals: Assists,KXNHLAST-26FEB05NSHWSH-WSHTWILSON43-1,Tom Wilson: 1+,0.0,1.0,0.46,0.46,,0.0,1,2026-02-20 00:00:00+00:00,235.55
Sports,KXNHLAST-26FEB05NSHWSH,NSH Predators at WSH Capitals: Assists,KXNHLAST-26FEB05NSHWSH-WSHSMILANO15-2,Sonny Milano: 2+,0.0,0.0,0.0,0.0,,0.0,1,2026-02-20 00:00:00+00:00,235.55
Sports,KXNHLAST-26FEB05NSHWSH,NSH Predators at WSH Capitals: Assists,KXNHLAST-26FEB05NSHWSH-WSHRLEONARD9-2,Ryan Leonard: 2+,0.0,0.0,0.0,0.0,,0.0,1,2026-02-20 00:00:00+00:00,235.55
Sports,KXNHLAST-26FEB05NSHWSH,NSH Predators at WSH Capitals: Assists,KXNHLAST-26FEB05NSHWSH-WSHRLEONARD9-1,Ryan Leonard: 1+,0.0,1.0,0.0,0.0,,0.0,1,2026-02-20 00:00:00+00:00,235.55
Sports,KXNHLAST-26FEB05NSHWSH,NSH Predators at WSH Capitals: Assists,KXNHLAST-26FEB05NSHWSH-WSHJSOURDIF34-2,Justin Sourdif: 2+,0.0,0.0,0.0,0.0,,0.0,1,2026-02-20 00:00:00+00:00,235.55
Sports,KXNHLAST-26FEB05NSHWSH,NSH Predators at WSH Capitals: Assists,KXNHLAST-26FEB05NSHWSH-WSHJSOURDIF34-1,Justin Sourdif: 1+,0.0,1.0,0.0,0.0,,0.0,1,2026-02-20 00:00:00+00:00,235.55
Sports,KXNHLAST-26FEB05NSHWSH,NSH Predators at WSH Capitals: Assists,KXNHLAST-26FEB05NSHWSH-WSHJCHYCHRUN6-2,Jakob Chychrun: 2+,0.0,1.0,0.0,0.0,,0.0,1,2026-02-20 00:00:00+00:00,235.55
Sports,KXNHLAST-26FEB05NSHWSH,NSH Predators at WSH Capitals: Assists,KXNHLAST-26FEB05NSHWSH-WSHJCARLSON74-2,John Carlson: 2+,0.0,1.0,0.0,0.0,,0.0,1,2026-02-20 00:00:00+00:00,235.55
Sports,KXNHLAST-26FEB05NSHWSH,NSH Predators at WSH Capitals: Assists,KXNHLAST-26FEB05NSHWSH-WSHEFRANK53-2,Ethen Frank: 2+,0.0,0.0,0.0,0.0,,0.0,1,2026-02-20 00:00:00+00:00,235.55
Sports,KXNHLAST-26FEB05NSHWSH,NSH Predators at WSH Capitals: Assists,KXNHLAST-26FEB05NSHWSH-WSHEFRANK53-1,Ethen Frank: 1+,0.0,1.0,0.0,0.0,,0.0,1,2026-02-20 00:00:00+00:00,235.55
Sports,KXNHLAST-26FEB05NSHWSH,NSH Predators at WSH Capitals: Assists,KXNHLAST-26FEB05NSHWSH-WSHDSTROME17-2,Dylan Strome: 2+,0.0,1.0,0.0,0.0,,0.0,1,2026-02-20 00:00:00+00:00,235.55
Sports,KXNHLAST-26FEB05NSHWSH,NSH Predators at WSH Capitals: Assists,KXNHLAST-26FEB05NSHWSH-WSHAOVECHKIN8-2,Alex Ovechkin: 2+,0.0,1.0,0.0,0.0,,0.0,1,2026-02-20 00:00:00+00:00,235.55
Sports,KXNHLAST-26FEB05NSHWSH,NSH Predators at WSH Capitals: Assists,KXNHLAST-26FEB05NSHWSH-WSHAOVECHKIN8-1,Alex Ovechkin: 1+,0.0,1.0,0.0,0.0,,0.0,1,2026-02-20 00:00:00+00:00,235.55
Sports,KXNHLAST-26FEB05NSHWSH,NSH Predators at WSH Capitals: Assists,KXNHLAST-26FEB05NSHWSH-NSHSSTAMKOS91-2,Steven Stamkos: 2+,0.0,1.0,0.0,0.0,,0.0,1,2026-02-20 00:00:00+00:00,235.55
Sports,KXNHLAST-26FEB05NSHWSH,NSH Predators at WSH Capitals: Assists,KXNHLAST-26FEB05NSHWSH-NSHSSTAMKOS91-1,Steven Stamkos: 1+,0.0,1.0,0.0,0.0,,0.0,1,2026-02-20 00:00:00+00:00,235.55
Sports,KXNHLAST-26FEB05NSHWSH,NSH Predators at WSH Capitals: Assists,KXNHLAST-26FEB05NSHWSH-NSHROREILLY90-2,Ryan O'Reilly: 2+,0.0,1.0,0.0,0.0,,0.0,1,2026-02-20 00:00:00+00:00,235.55
Sports,KXNHLAST-26FEB05NSHWSH,NSH Predators at WSH Capitals: Assists,KXNHLAST-26FEB05NSHWSH-NSHROREILLY90-1,Ryan O'Reilly: 1+,0.0,1.0,0.0,0.0,,0.0,1,2026-02-20 00:00:00+00:00,235.55
Sports,KXNHLAST-26FEB05NSHWSH,NSH Predators at WSH Capitals: Assists,KXNHLAST-26FEB05NSHWSH-NSHRJOSI59-2,Roman Josi: 2+,0.0,1.0,0.0,0.0,,0.0,1,2026-02-20 00:00:00+00:00,235.55
Sports,KXNHLAST-26FEB05NSHWSH,NSH Predators at WSH Capitals: Assists,KXNHLAST-26FEB05NSHWSH-NSHRJOSI59-1,Roman Josi: 1+,0.0,1.0,0.0,0.0,,0.0,1,2026-02-20 00:00:00+00:00,235.55
Sports,KXNHLAST-26FEB05NSHWSH,NSH Predators at WSH Capitals: Assists,KXNHLAST-26FEB05NSHWSH-NSHNBLANKENBURG37-2,Nick Blankenburg: 2+,0.0,0.0,0.0,0.0,,0.0,1,2026-02-20 00:00:00+00:00,235.55
Sports,KXNHLAST-26FEB05NSHWSH,NSH Predators at WSH Capitals: Assists,KXNHLAST-26FEB05NSHWSH-NSHNBLANKENBURG37-1,Nick Blankenburg: 1+,0.0,0.0,0.0,0.0,,0.0,1,2026-02-20 00:00:00+00:00,235.55
Sports,KXNHLAST-26FEB05NSHWSH,NSH Predators at WSH Capitals: Assists,KXNHLAST-26FEB05NSHWSH-NSHMWOOD71-2,Matthew Wood: 2+,0.0,0.0,0.0,0.0,,0.0,1,2026-02-20 00:00:00+00:00,235.55
Sports,KXNHLAST-26FEB05NSHWSH,NSH Predators at WSH Capitals: Assists,KXNHLAST-26FEB05NSHWSH-NSHMWOOD71-1,Matthew Wood: 1+,0.0,0.0,0.0,0.0,,0.0,1,2026-02-20 00:00:00+00:00,235.55
Sports,KXNHLAST-26FEB05NSHWSH,NSH Predators at WSH Capitals: Assists,KXNHLAST-26FEB05NSHWSH-NSHMBUNTING58-2,Michael Bunting: 2+,0.0,0.0,0.0,0.0,,0.0,1,2026-02-20 00:00:00+00:00,235.55
Sports,KXNHLAST-26FEB05NSHWSH,NSH Predators at WSH Capitals: Assists,KXNHLAST-26FEB05NSHWSH-NSHMBUNTING58-1,Michael Bunting: 1+,0.0,1.0,0.0,0.0,,0.0,1,2026-02-20 00:00:00+00:00,235.55
Sports,KXNHLAST-26FEB05NSHWSH,NSH Predators at WSH Capitals: Assists,KXNHLAST-26FEB05NSHWSH-NSHLEVANGELISTA77-2,Luke Evangelista: 2+,0.0,1.0,0.0,0.0,,0.0,1,2026-02-20 00:00:00+00:00,235.55
Sports,KXNHLAST-26FEB05NSHWSH,NSH Predators at WSH Capitals: Assists,KXNHLAST-26FEB05NSHWSH-NSHLEVANGELISTA77-1,Luke Evangelista: 1+,0.0,1.0,0.0,0.0,,0.0,1,2026-02-20 00:00:00+00:00,235.55
Sports,KXNHLAST-26FEB05NSHWSH,NSH Predators at WSH Capitals: Assists,KXNHLAST-26FEB05NSHWSH-NSHJMARCHESSAULT81-2,Jonathan Marchessault: 2+,0.0,1.0,0.0,0.0,,0.0,1,2026-02-20 00:00:00+00:00,235.55
Sports,KXNHLAST-26FEB05NSHWSH,NSH Predators at WSH Capitals: Assists,KXNHLAST-26FEB05NSHWSH-NSHJMARCHESSAULT81-1,Jonathan Marchessault: 1+,0.0,1.0,0.0,0.0,,0.0,1,2026-02-20 00:00:00+00:00,235.55
Sports,KXNHLAST-26FEB05NSHWSH,NSH Predators at WSH Capitals: Assists,KXNHLAST-26FEB05NSHWSH-NSHFFORSBERG9-2,Filip Forsberg: 2+,0.0,1.0,0.0,0.0,,0.0,1,2026-02-20 00:00:00+00:00,235.55
Sports,KXNHLAST-26FEB05NSHWSH,NSH Predators at WSH Capitals: Assists,KXNHLAST-26FEB05NSHWSH-NSHFFORSBERG9-1,Filip Forsberg: 1+,0.0,1.0,0.0,0.0,,0.0,1,2026-02-20 00:00:00+00:00,235.55
Sports,KXNHLAST-26FEB05NSHWSH,NSH Predators at WSH Capitals: Assists,KXNHLAST-26FEB05NSHWSH-NSHEHAULA56-2,Erik Haula: 2+,0.0,1.0,0.0,0.0,,0.0,1,2026-02-20 00:00:00+00:00,235.55
